node:internal/modules/cjs/loader:1210
  throw err;
  ^

Error: Cannot find module '/home/sainikshetkari/reportbackend.sainikshetkari.org/src/server.js'
Require stack:
- /usr/local/lsws/fcgi-bin/lsnode.js
    at Module._resolveFilename (node:internal/modules/cjs/loader:1207:15)
    at Module._load (node:internal/modules/cjs/loader:1038:27)
    at Module.require (node:internal/modules/cjs/loader:1289:19)
    at require (node:internal/modules/helpers:182:18)
    at startApplication (/usr/local/lsws/fcgi-bin/lsnode.js:51:15)
    at Object.<anonymous> (/usr/local/lsws/fcgi-bin/lsnode.js:16:1)
    at Module._compile (node:internal/modules/cjs/loader:1521:14)
    at Module._extensions..js (node:internal/modules/cjs/loader:1623:10)
    at Module.load (node:internal/modules/cjs/loader:1266:32)
    at Module._load (node:internal/modules/cjs/loader:1091:12) {
  code: 'MODULE_NOT_FOUND',
  requireStack: [ '/usr/local/lsws/fcgi-bin/lsnode.js' ]
}

Node.js v20.20.2
node:internal/modules/cjs/loader:1210
  throw err;
  ^

Error: Cannot find module '/home/sainikshetkari/reportbackend.sainikshetkari.org/src/server.js'
Require stack:
- /usr/local/lsws/fcgi-bin/lsnode.js
    at Module._resolveFilename (node:internal/modules/cjs/loader:1207:15)
    at Module._load (node:internal/modules/cjs/loader:1038:27)
    at Module.require (node:internal/modules/cjs/loader:1289:19)
    at require (node:internal/modules/helpers:182:18)
    at startApplication (/usr/local/lsws/fcgi-bin/lsnode.js:51:15)
    at Object.<anonymous> (/usr/local/lsws/fcgi-bin/lsnode.js:16:1)
    at Module._compile (node:internal/modules/cjs/loader:1521:14)
    at Module._extensions..js (node:internal/modules/cjs/loader:1623:10)
    at Module.load (node:internal/modules/cjs/loader:1266:32)
    at Module._load (node:internal/modules/cjs/loader:1091:12) {
  code: 'MODULE_NOT_FOUND',
  requireStack: [ '/usr/local/lsws/fcgi-bin/lsnode.js' ]
}

Node.js v20.20.2
node:internal/modules/cjs/loader:1210
  throw err;
  ^

Error: Cannot find module '/home/sainikshetkari/reportbackend.sainikshetkari.org/src/server.js'
Require stack:
- /usr/local/lsws/fcgi-bin/lsnode.js
    at Module._resolveFilename (node:internal/modules/cjs/loader:1207:15)
    at Module._load (node:internal/modules/cjs/loader:1038:27)
    at Module.require (node:internal/modules/cjs/loader:1289:19)
    at require (node:internal/modules/helpers:182:18)
    at startApplication (/usr/local/lsws/fcgi-bin/lsnode.js:51:15)
    at Object.<anonymous> (/usr/local/lsws/fcgi-bin/lsnode.js:16:1)
    at Module._compile (node:internal/modules/cjs/loader:1521:14)
    at Module._extensions..js (node:internal/modules/cjs/loader:1623:10)
    at Module.load (node:internal/modules/cjs/loader:1266:32)
    at Module._load (node:internal/modules/cjs/loader:1091:12) {
  code: 'MODULE_NOT_FOUND',
  requireStack: [ '/usr/local/lsws/fcgi-bin/lsnode.js' ]
}

Node.js v20.20.2
node:internal/modules/cjs/loader:1210
  throw err;
  ^

Error: Cannot find module '/home/sainikshetkari/reportbackend.sainikshetkari.org/src/server.js'
Require stack:
- /usr/local/lsws/fcgi-bin/lsnode.js
    at Module._resolveFilename (node:internal/modules/cjs/loader:1207:15)
    at Module._load (node:internal/modules/cjs/loader:1038:27)
    at Module.require (node:internal/modules/cjs/loader:1289:19)
    at require (node:internal/modules/helpers:182:18)
    at startApplication (/usr/local/lsws/fcgi-bin/lsnode.js:51:15)
    at Object.<anonymous> (/usr/local/lsws/fcgi-bin/lsnode.js:16:1)
    at Module._compile (node:internal/modules/cjs/loader:1521:14)
    at Module._extensions..js (node:internal/modules/cjs/loader:1623:10)
    at Module.load (node:internal/modules/cjs/loader:1266:32)
    at Module._load (node:internal/modules/cjs/loader:1091:12) {
  code: 'MODULE_NOT_FOUND',
  requireStack: [ '/usr/local/lsws/fcgi-bin/lsnode.js' ]
}

Node.js v20.20.2
node:internal/modules/cjs/loader:1210
  throw err;
  ^

Error: Cannot find module '/home/sainikshetkari/reportbackend.sainikshetkari.org/src/server.js'
Require stack:
- /usr/local/lsws/fcgi-bin/lsnode.js
    at Module._resolveFilename (node:internal/modules/cjs/loader:1207:15)
    at Module._load (node:internal/modules/cjs/loader:1038:27)
    at Module.require (node:internal/modules/cjs/loader:1289:19)
    at require (node:internal/modules/helpers:182:18)
    at startApplication (/usr/local/lsws/fcgi-bin/lsnode.js:51:15)
    at Object.<anonymous> (/usr/local/lsws/fcgi-bin/lsnode.js:16:1)
    at Module._compile (node:internal/modules/cjs/loader:1521:14)
    at Module._extensions..js (node:internal/modules/cjs/loader:1623:10)
    at Module.load (node:internal/modules/cjs/loader:1266:32)
    at Module._load (node:internal/modules/cjs/loader:1091:12) {
  code: 'MODULE_NOT_FOUND',
  requireStack: [ '/usr/local/lsws/fcgi-bin/lsnode.js' ]
}

Node.js v20.20.2
node:internal/modules/cjs/loader:1210
  throw err;
  ^

Error: Cannot find module './src/app'
Require stack:
- /home/sainikshetkari/reportbackend.sainikshetkari.org/server.js
- /usr/local/lsws/fcgi-bin/lsnode.js
    at Module._resolveFilename (node:internal/modules/cjs/loader:1207:15)
    at Module._load (node:internal/modules/cjs/loader:1038:27)
    at Module.require (node:internal/modules/cjs/loader:1289:19)
    at require (node:internal/modules/helpers:182:18)
    at Object.<anonymous> (/home/sainikshetkari/reportbackend.sainikshetkari.org/server.js:5:13)
    at Module._compile (node:internal/modules/cjs/loader:1521:14)
    at Module._extensions..js (node:internal/modules/cjs/loader:1623:10)
    at Module.load (node:internal/modules/cjs/loader:1266:32)
    at Module._load (node:internal/modules/cjs/loader:1091:12)
    at Module.require (node:internal/modules/cjs/loader:1289:19) {
  code: 'MODULE_NOT_FOUND',
  requireStack: [
    '/home/sainikshetkari/reportbackend.sainikshetkari.org/server.js',
    '/usr/local/lsws/fcgi-bin/lsnode.js'
  ]
}

Node.js v20.20.2
node:internal/modules/cjs/loader:1210
  throw err;
  ^

Error: Cannot find module './src/app'
Require stack:
- /home/sainikshetkari/reportbackend.sainikshetkari.org/server.js
- /usr/local/lsws/fcgi-bin/lsnode.js
    at Module._resolveFilename (node:internal/modules/cjs/loader:1207:15)
    at Module._load (node:internal/modules/cjs/loader:1038:27)
    at Module.require (node:internal/modules/cjs/loader:1289:19)
    at require (node:internal/modules/helpers:182:18)
    at Object.<anonymous> (/home/sainikshetkari/reportbackend.sainikshetkari.org/server.js:5:13)
    at Module._compile (node:internal/modules/cjs/loader:1521:14)
    at Module._extensions..js (node:internal/modules/cjs/loader:1623:10)
    at Module.load (node:internal/modules/cjs/loader:1266:32)
    at Module._load (node:internal/modules/cjs/loader:1091:12)
    at Module.require (node:internal/modules/cjs/loader:1289:19) {
  code: 'MODULE_NOT_FOUND',
  requireStack: [
    '/home/sainikshetkari/reportbackend.sainikshetkari.org/server.js',
    '/usr/local/lsws/fcgi-bin/lsnode.js'
  ]
}

Node.js v20.20.2
node:internal/modules/cjs/loader:1210
  throw err;
  ^

Error: Cannot find module './src/app'
Require stack:
- /home/sainikshetkari/reportbackend.sainikshetkari.org/server.js
- /usr/local/lsws/fcgi-bin/lsnode.js
    at Module._resolveFilename (node:internal/modules/cjs/loader:1207:15)
    at Module._load (node:internal/modules/cjs/loader:1038:27)
    at Module.require (node:internal/modules/cjs/loader:1289:19)
    at require (node:internal/modules/helpers:182:18)
    at Object.<anonymous> (/home/sainikshetkari/reportbackend.sainikshetkari.org/server.js:5:13)
    at Module._compile (node:internal/modules/cjs/loader:1521:14)
    at Module._extensions..js (node:internal/modules/cjs/loader:1623:10)
    at Module.load (node:internal/modules/cjs/loader:1266:32)
    at Module._load (node:internal/modules/cjs/loader:1091:12)
    at Module.require (node:internal/modules/cjs/loader:1289:19) {
  code: 'MODULE_NOT_FOUND',
  requireStack: [
    '/home/sainikshetkari/reportbackend.sainikshetkari.org/server.js',
    '/usr/local/lsws/fcgi-bin/lsnode.js'
  ]
}

Node.js v20.20.2
node:internal/modules/cjs/loader:1210
  throw err;
  ^

Error: Cannot find module './src/app.js'
Require stack:
- /home/sainikshetkari/reportbackend.sainikshetkari.org/server.js
- /usr/local/lsws/fcgi-bin/lsnode.js
    at Module._resolveFilename (node:internal/modules/cjs/loader:1207:15)
    at Module._load (node:internal/modules/cjs/loader:1038:27)
    at Module.require (node:internal/modules/cjs/loader:1289:19)
    at require (node:internal/modules/helpers:182:18)
    at Object.<anonymous> (/home/sainikshetkari/reportbackend.sainikshetkari.org/server.js:5:13)
    at Module._compile (node:internal/modules/cjs/loader:1521:14)
    at Module._extensions..js (node:internal/modules/cjs/loader:1623:10)
    at Module.load (node:internal/modules/cjs/loader:1266:32)
    at Module._load (node:internal/modules/cjs/loader:1091:12)
    at Module.require (node:internal/modules/cjs/loader:1289:19) {
  code: 'MODULE_NOT_FOUND',
  requireStack: [
    '/home/sainikshetkari/reportbackend.sainikshetkari.org/server.js',
    '/usr/local/lsws/fcgi-bin/lsnode.js'
  ]
}

Node.js v20.20.2
node:internal/modules/cjs/loader:1210
  throw err;
  ^

Error: Cannot find module './src/app.js'
Require stack:
- /home/sainikshetkari/reportbackend.sainikshetkari.org/server.js
- /usr/local/lsws/fcgi-bin/lsnode.js
    at Module._resolveFilename (node:internal/modules/cjs/loader:1207:15)
    at Module._load (node:internal/modules/cjs/loader:1038:27)
    at Module.require (node:internal/modules/cjs/loader:1289:19)
    at require (node:internal/modules/helpers:182:18)
    at Object.<anonymous> (/home/sainikshetkari/reportbackend.sainikshetkari.org/server.js:5:13)
    at Module._compile (node:internal/modules/cjs/loader:1521:14)
    at Module._extensions..js (node:internal/modules/cjs/loader:1623:10)
    at Module.load (node:internal/modules/cjs/loader:1266:32)
    at Module._load (node:internal/modules/cjs/loader:1091:12)
    at Module.require (node:internal/modules/cjs/loader:1289:19) {
  code: 'MODULE_NOT_FOUND',
  requireStack: [
    '/home/sainikshetkari/reportbackend.sainikshetkari.org/server.js',
    '/usr/local/lsws/fcgi-bin/lsnode.js'
  ]
}

Node.js v20.20.2
node:internal/modules/cjs/loader:1210
  throw err;
  ^

Error: Cannot find module './src/app.js'
Require stack:
- /home/sainikshetkari/reportbackend.sainikshetkari.org/server.js
- /usr/local/lsws/fcgi-bin/lsnode.js
    at Module._resolveFilename (node:internal/modules/cjs/loader:1207:15)
    at Module._load (node:internal/modules/cjs/loader:1038:27)
    at Module.require (node:internal/modules/cjs/loader:1289:19)
    at require (node:internal/modules/helpers:182:18)
    at Object.<anonymous> (/home/sainikshetkari/reportbackend.sainikshetkari.org/server.js:5:13)
    at Module._compile (node:internal/modules/cjs/loader:1521:14)
    at Module._extensions..js (node:internal/modules/cjs/loader:1623:10)
    at Module.load (node:internal/modules/cjs/loader:1266:32)
    at Module._load (node:internal/modules/cjs/loader:1091:12)
    at Module.require (node:internal/modules/cjs/loader:1289:19) {
  code: 'MODULE_NOT_FOUND',
  requireStack: [
    '/home/sainikshetkari/reportbackend.sainikshetkari.org/server.js',
    '/usr/local/lsws/fcgi-bin/lsnode.js'
  ]
}

Node.js v20.20.2
node:internal/modules/cjs/loader:1210
  throw err;
  ^

Error: Cannot find module '../middleware/role.middleware'
Require stack:
- /home/sainikshetkari/reportbackend.sainikshetkari.org/src/routes/vibhag.routes.js
- /home/sainikshetkari/reportbackend.sainikshetkari.org/src/app.js
- /home/sainikshetkari/reportbackend.sainikshetkari.org/server.js
- /usr/local/lsws/fcgi-bin/lsnode.js
    at Module._resolveFilename (node:internal/modules/cjs/loader:1207:15)
    at Module._load (node:internal/modules/cjs/loader:1038:27)
    at Module.require (node:internal/modules/cjs/loader:1289:19)
    at require (node:internal/modules/helpers:182:18)
    at Object.<anonymous> (/home/sainikshetkari/reportbackend.sainikshetkari.org/src/routes/vibhag.routes.js:21:20)
    at Module._compile (node:internal/modules/cjs/loader:1521:14)
    at Module._extensions..js (node:internal/modules/cjs/loader:1623:10)
    at Module.load (node:internal/modules/cjs/loader:1266:32)
    at Module._load (node:internal/modules/cjs/loader:1091:12)
    at Module.require (node:internal/modules/cjs/loader:1289:19) {
  code: 'MODULE_NOT_FOUND',
  requireStack: [
    '/home/sainikshetkari/reportbackend.sainikshetkari.org/src/routes/vibhag.routes.js',
    '/home/sainikshetkari/reportbackend.sainikshetkari.org/src/app.js',
    '/home/sainikshetkari/reportbackend.sainikshetkari.org/server.js',
    '/usr/local/lsws/fcgi-bin/lsnode.js'
  ]
}

Node.js v20.20.2
node:internal/modules/cjs/loader:1210
  throw err;
  ^

Error: Cannot find module '../middleware/role.middleware'
Require stack:
- /home/sainikshetkari/reportbackend.sainikshetkari.org/src/routes/vibhag.routes.js
- /home/sainikshetkari/reportbackend.sainikshetkari.org/src/app.js
- /home/sainikshetkari/reportbackend.sainikshetkari.org/server.js
- /usr/local/lsws/fcgi-bin/lsnode.js
    at Module._resolveFilename (node:internal/modules/cjs/loader:1207:15)
    at Module._load (node:internal/modules/cjs/loader:1038:27)
    at Module.require (node:internal/modules/cjs/loader:1289:19)
    at require (node:internal/modules/helpers:182:18)
    at Object.<anonymous> (/home/sainikshetkari/reportbackend.sainikshetkari.org/src/routes/vibhag.routes.js:21:20)
    at Module._compile (node:internal/modules/cjs/loader:1521:14)
    at Module._extensions..js (node:internal/modules/cjs/loader:1623:10)
    at Module.load (node:internal/modules/cjs/loader:1266:32)
    at Module._load (node:internal/modules/cjs/loader:1091:12)
    at Module.require (node:internal/modules/cjs/loader:1289:19) {
  code: 'MODULE_NOT_FOUND',
  requireStack: [
    '/home/sainikshetkari/reportbackend.sainikshetkari.org/src/routes/vibhag.routes.js',
    '/home/sainikshetkari/reportbackend.sainikshetkari.org/src/app.js',
    '/home/sainikshetkari/reportbackend.sainikshetkari.org/server.js',
    '/usr/local/lsws/fcgi-bin/lsnode.js'
  ]
}

Node.js v20.20.2
node:internal/modules/cjs/loader:1210
  throw err;
  ^

Error: Cannot find module '../middleware/upload'
Require stack:
- /home/sainikshetkari/reportbackend.sainikshetkari.org/src/routes/districtReport.routes.js
- /home/sainikshetkari/reportbackend.sainikshetkari.org/src/app.js
- /home/sainikshetkari/reportbackend.sainikshetkari.org/server.js
- /usr/local/lsws/fcgi-bin/lsnode.js
    at Module._resolveFilename (node:internal/modules/cjs/loader:1207:15)
    at Module._load (node:internal/modules/cjs/loader:1038:27)
    at Module.require (node:internal/modules/cjs/loader:1289:19)
    at require (node:internal/modules/helpers:182:18)
    at Object.<anonymous> (/home/sainikshetkari/reportbackend.sainikshetkari.org/src/routes/districtReport.routes.js:23:5)
    at Module._compile (node:internal/modules/cjs/loader:1521:14)
    at Module._extensions..js (node:internal/modules/cjs/loader:1623:10)
    at Module.load (node:internal/modules/cjs/loader:1266:32)
    at Module._load (node:internal/modules/cjs/loader:1091:12)
    at Module.require (node:internal/modules/cjs/loader:1289:19) {
  code: 'MODULE_NOT_FOUND',
  requireStack: [
    '/home/sainikshetkari/reportbackend.sainikshetkari.org/src/routes/districtReport.routes.js',
    '/home/sainikshetkari/reportbackend.sainikshetkari.org/src/app.js',
    '/home/sainikshetkari/reportbackend.sainikshetkari.org/server.js',
    '/usr/local/lsws/fcgi-bin/lsnode.js'
  ]
}

Node.js v20.20.2
node:internal/modules/cjs/loader:1210
  throw err;
  ^

Error: Cannot find module '../middleware/upload'
Require stack:
- /home/sainikshetkari/reportbackend.sainikshetkari.org/src/routes/districtReport.routes.js
- /home/sainikshetkari/reportbackend.sainikshetkari.org/src/app.js
- /home/sainikshetkari/reportbackend.sainikshetkari.org/server.js
- /usr/local/lsws/fcgi-bin/lsnode.js
    at Module._resolveFilename (node:internal/modules/cjs/loader:1207:15)
    at Module._load (node:internal/modules/cjs/loader:1038:27)
    at Module.require (node:internal/modules/cjs/loader:1289:19)
    at require (node:internal/modules/helpers:182:18)
    at Object.<anonymous> (/home/sainikshetkari/reportbackend.sainikshetkari.org/src/routes/districtReport.routes.js:23:5)
    at Module._compile (node:internal/modules/cjs/loader:1521:14)
    at Module._extensions..js (node:internal/modules/cjs/loader:1623:10)
    at Module.load (node:internal/modules/cjs/loader:1266:32)
    at Module._load (node:internal/modules/cjs/loader:1091:12)
    at Module.require (node:internal/modules/cjs/loader:1289:19) {
  code: 'MODULE_NOT_FOUND',
  requireStack: [
    '/home/sainikshetkari/reportbackend.sainikshetkari.org/src/routes/districtReport.routes.js',
    '/home/sainikshetkari/reportbackend.sainikshetkari.org/src/app.js',
    '/home/sainikshetkari/reportbackend.sainikshetkari.org/server.js',
    '/usr/local/lsws/fcgi-bin/lsnode.js'
  ]
}

Node.js v20.20.2
node:internal/modules/cjs/loader:1210
  throw err;
  ^

Error: Cannot find module '../middleware/upload'
Require stack:
- /home/sainikshetkari/reportbackend.sainikshetkari.org/src/routes/districtReport.routes.js
- /home/sainikshetkari/reportbackend.sainikshetkari.org/src/app.js
- /home/sainikshetkari/reportbackend.sainikshetkari.org/server.js
- /usr/local/lsws/fcgi-bin/lsnode.js
    at Module._resolveFilename (node:internal/modules/cjs/loader:1207:15)
    at Module._load (node:internal/modules/cjs/loader:1038:27)
    at Module.require (node:internal/modules/cjs/loader:1289:19)
    at require (node:internal/modules/helpers:182:18)
    at Object.<anonymous> (/home/sainikshetkari/reportbackend.sainikshetkari.org/src/routes/districtReport.routes.js:23:5)
    at Module._compile (node:internal/modules/cjs/loader:1521:14)
    at Module._extensions..js (node:internal/modules/cjs/loader:1623:10)
    at Module.load (node:internal/modules/cjs/loader:1266:32)
    at Module._load (node:internal/modules/cjs/loader:1091:12)
    at Module.require (node:internal/modules/cjs/loader:1289:19) {
  code: 'MODULE_NOT_FOUND',
  requireStack: [
    '/home/sainikshetkari/reportbackend.sainikshetkari.org/src/routes/districtReport.routes.js',
    '/home/sainikshetkari/reportbackend.sainikshetkari.org/src/app.js',
    '/home/sainikshetkari/reportbackend.sainikshetkari.org/server.js',
    '/usr/local/lsws/fcgi-bin/lsnode.js'
  ]
}

Node.js v20.20.2
node:internal/modules/cjs/loader:1210
  throw err;
  ^

Error: Cannot find module '../middleware/upload'
Require stack:
- /home/sainikshetkari/reportbackend.sainikshetkari.org/src/routes/districtReport.routes.js
- /home/sainikshetkari/reportbackend.sainikshetkari.org/src/app.js
- /home/sainikshetkari/reportbackend.sainikshetkari.org/server.js
- /usr/local/lsws/fcgi-bin/lsnode.js
    at Module._resolveFilename (node:internal/modules/cjs/loader:1207:15)
    at Module._load (node:internal/modules/cjs/loader:1038:27)
    at Module.require (node:internal/modules/cjs/loader:1289:19)
    at require (node:internal/modules/helpers:182:18)
    at Object.<anonymous> (/home/sainikshetkari/reportbackend.sainikshetkari.org/src/routes/districtReport.routes.js:23:5)
    at Module._compile (node:internal/modules/cjs/loader:1521:14)
    at Module._extensions..js (node:internal/modules/cjs/loader:1623:10)
    at Module.load (node:internal/modules/cjs/loader:1266:32)
    at Module._load (node:internal/modules/cjs/loader:1091:12)
    at Module.require (node:internal/modules/cjs/loader:1289:19) {
  code: 'MODULE_NOT_FOUND',
  requireStack: [
    '/home/sainikshetkari/reportbackend.sainikshetkari.org/src/routes/districtReport.routes.js',
    '/home/sainikshetkari/reportbackend.sainikshetkari.org/src/app.js',
    '/home/sainikshetkari/reportbackend.sainikshetkari.org/server.js',
    '/usr/local/lsws/fcgi-bin/lsnode.js'
  ]
}

Node.js v20.20.2
node:internal/modules/cjs/loader:1210
  throw err;
  ^

Error: Cannot find module '../middleware/upload'
Require stack:
- /home/sainikshetkari/reportbackend.sainikshetkari.org/src/routes/districtReport.routes.js
- /home/sainikshetkari/reportbackend.sainikshetkari.org/src/app.js
- /home/sainikshetkari/reportbackend.sainikshetkari.org/server.js
- /usr/local/lsws/fcgi-bin/lsnode.js
    at Module._resolveFilename (node:internal/modules/cjs/loader:1207:15)
    at Module._load (node:internal/modules/cjs/loader:1038:27)
    at Module.require (node:internal/modules/cjs/loader:1289:19)
    at require (node:internal/modules/helpers:182:18)
    at Object.<anonymous> (/home/sainikshetkari/reportbackend.sainikshetkari.org/src/routes/districtReport.routes.js:23:5)
    at Module._compile (node:internal/modules/cjs/loader:1521:14)
    at Module._extensions..js (node:internal/modules/cjs/loader:1623:10)
    at Module.load (node:internal/modules/cjs/loader:1266:32)
    at Module._load (node:internal/modules/cjs/loader:1091:12)
    at Module.require (node:internal/modules/cjs/loader:1289:19) {
  code: 'MODULE_NOT_FOUND',
  requireStack: [
    '/home/sainikshetkari/reportbackend.sainikshetkari.org/src/routes/districtReport.routes.js',
    '/home/sainikshetkari/reportbackend.sainikshetkari.org/src/app.js',
    '/home/sainikshetkari/reportbackend.sainikshetkari.org/server.js',
    '/usr/local/lsws/fcgi-bin/lsnode.js'
  ]
}

Node.js v20.20.2
node:internal/modules/cjs/loader:1210
  throw err;
  ^

Error: Cannot find module '../middleware/upload'
Require stack:
- /home/sainikshetkari/reportbackend.sainikshetkari.org/src/routes/districtReport.routes.js
- /home/sainikshetkari/reportbackend.sainikshetkari.org/src/app.js
- /home/sainikshetkari/reportbackend.sainikshetkari.org/server.js
- /usr/local/lsws/fcgi-bin/lsnode.js
    at Module._resolveFilename (node:internal/modules/cjs/loader:1207:15)
    at Module._load (node:internal/modules/cjs/loader:1038:27)
    at Module.require (node:internal/modules/cjs/loader:1289:19)
    at require (node:internal/modules/helpers:182:18)
    at Object.<anonymous> (/home/sainikshetkari/reportbackend.sainikshetkari.org/src/routes/districtReport.routes.js:23:5)
    at Module._compile (node:internal/modules/cjs/loader:1521:14)
    at Module._extensions..js (node:internal/modules/cjs/loader:1623:10)
    at Module.load (node:internal/modules/cjs/loader:1266:32)
    at Module._load (node:internal/modules/cjs/loader:1091:12)
    at Module.require (node:internal/modules/cjs/loader:1289:19) {
  code: 'MODULE_NOT_FOUND',
  requireStack: [
    '/home/sainikshetkari/reportbackend.sainikshetkari.org/src/routes/districtReport.routes.js',
    '/home/sainikshetkari/reportbackend.sainikshetkari.org/src/app.js',
    '/home/sainikshetkari/reportbackend.sainikshetkari.org/server.js',
    '/usr/local/lsws/fcgi-bin/lsnode.js'
  ]
}

Node.js v20.20.2
node:internal/modules/cjs/loader:1210
  throw err;
  ^

Error: Cannot find module '../middleware/upload'
Require stack:
- /home/sainikshetkari/reportbackend.sainikshetkari.org/src/routes/districtReport.routes.js
- /home/sainikshetkari/reportbackend.sainikshetkari.org/src/app.js
- /home/sainikshetkari/reportbackend.sainikshetkari.org/server.js
- /usr/local/lsws/fcgi-bin/lsnode.js
    at Module._resolveFilename (node:internal/modules/cjs/loader:1207:15)
    at Module._load (node:internal/modules/cjs/loader:1038:27)
    at Module.require (node:internal/modules/cjs/loader:1289:19)
    at require (node:internal/modules/helpers:182:18)
    at Object.<anonymous> (/home/sainikshetkari/reportbackend.sainikshetkari.org/src/routes/districtReport.routes.js:23:5)
    at Module._compile (node:internal/modules/cjs/loader:1521:14)
    at Module._extensions..js (node:internal/modules/cjs/loader:1623:10)
    at Module.load (node:internal/modules/cjs/loader:1266:32)
    at Module._load (node:internal/modules/cjs/loader:1091:12)
    at Module.require (node:internal/modules/cjs/loader:1289:19) {
  code: 'MODULE_NOT_FOUND',
  requireStack: [
    '/home/sainikshetkari/reportbackend.sainikshetkari.org/src/routes/districtReport.routes.js',
    '/home/sainikshetkari/reportbackend.sainikshetkari.org/src/app.js',
    '/home/sainikshetkari/reportbackend.sainikshetkari.org/server.js',
    '/usr/local/lsws/fcgi-bin/lsnode.js'
  ]
}

Node.js v20.20.2
node:internal/modules/cjs/loader:1210
  throw err;
  ^

Error: Cannot find module '../middleware/upload'
Require stack:
- /home/sainikshetkari/reportbackend.sainikshetkari.org/src/routes/districtReport.routes.js
- /home/sainikshetkari/reportbackend.sainikshetkari.org/src/app.js
- /home/sainikshetkari/reportbackend.sainikshetkari.org/server.js
- /usr/local/lsws/fcgi-bin/lsnode.js
    at Module._resolveFilename (node:internal/modules/cjs/loader:1207:15)
    at Module._load (node:internal/modules/cjs/loader:1038:27)
    at Module.require (node:internal/modules/cjs/loader:1289:19)
    at require (node:internal/modules/helpers:182:18)
    at Object.<anonymous> (/home/sainikshetkari/reportbackend.sainikshetkari.org/src/routes/districtReport.routes.js:23:5)
    at Module._compile (node:internal/modules/cjs/loader:1521:14)
    at Module._extensions..js (node:internal/modules/cjs/loader:1623:10)
    at Module.load (node:internal/modules/cjs/loader:1266:32)
    at Module._load (node:internal/modules/cjs/loader:1091:12)
    at Module.require (node:internal/modules/cjs/loader:1289:19) {
  code: 'MODULE_NOT_FOUND',
  requireStack: [
    '/home/sainikshetkari/reportbackend.sainikshetkari.org/src/routes/districtReport.routes.js',
    '/home/sainikshetkari/reportbackend.sainikshetkari.org/src/app.js',
    '/home/sainikshetkari/reportbackend.sainikshetkari.org/server.js',
    '/usr/local/lsws/fcgi-bin/lsnode.js'
  ]
}

Node.js v20.20.2
node:internal/modules/cjs/loader:1210
  throw err;
  ^

Error: Cannot find module '../middleware/upload'
Require stack:
- /home/sainikshetkari/reportbackend.sainikshetkari.org/src/routes/districtReport.routes.js
- /home/sainikshetkari/reportbackend.sainikshetkari.org/src/app.js
- /home/sainikshetkari/reportbackend.sainikshetkari.org/server.js
- /usr/local/lsws/fcgi-bin/lsnode.js
    at Module._resolveFilename (node:internal/modules/cjs/loader:1207:15)
    at Module._load (node:internal/modules/cjs/loader:1038:27)
    at Module.require (node:internal/modules/cjs/loader:1289:19)
    at require (node:internal/modules/helpers:182:18)
    at Object.<anonymous> (/home/sainikshetkari/reportbackend.sainikshetkari.org/src/routes/districtReport.routes.js:23:5)
    at Module._compile (node:internal/modules/cjs/loader:1521:14)
    at Module._extensions..js (node:internal/modules/cjs/loader:1623:10)
    at Module.load (node:internal/modules/cjs/loader:1266:32)
    at Module._load (node:internal/modules/cjs/loader:1091:12)
    at Module.require (node:internal/modules/cjs/loader:1289:19) {
  code: 'MODULE_NOT_FOUND',
  requireStack: [
    '/home/sainikshetkari/reportbackend.sainikshetkari.org/src/routes/districtReport.routes.js',
    '/home/sainikshetkari/reportbackend.sainikshetkari.org/src/app.js',
    '/home/sainikshetkari/reportbackend.sainikshetkari.org/server.js',
    '/usr/local/lsws/fcgi-bin/lsnode.js'
  ]
}

Node.js v20.20.2
node:internal/modules/cjs/loader:1210
  throw err;
  ^

Error: Cannot find module '../middleware/upload'
Require stack:
- /home/sainikshetkari/reportbackend.sainikshetkari.org/src/routes/districtReport.routes.js
- /home/sainikshetkari/reportbackend.sainikshetkari.org/src/app.js
- /home/sainikshetkari/reportbackend.sainikshetkari.org/server.js
- /usr/local/lsws/fcgi-bin/lsnode.js
    at Module._resolveFilename (node:internal/modules/cjs/loader:1207:15)
    at Module._load (node:internal/modules/cjs/loader:1038:27)
    at Module.require (node:internal/modules/cjs/loader:1289:19)
    at require (node:internal/modules/helpers:182:18)
    at Object.<anonymous> (/home/sainikshetkari/reportbackend.sainikshetkari.org/src/routes/districtReport.routes.js:23:5)
    at Module._compile (node:internal/modules/cjs/loader:1521:14)
    at Module._extensions..js (node:internal/modules/cjs/loader:1623:10)
    at Module.load (node:internal/modules/cjs/loader:1266:32)
    at Module._load (node:internal/modules/cjs/loader:1091:12)
    at Module.require (node:internal/modules/cjs/loader:1289:19) {
  code: 'MODULE_NOT_FOUND',
  requireStack: [
    '/home/sainikshetkari/reportbackend.sainikshetkari.org/src/routes/districtReport.routes.js',
    '/home/sainikshetkari/reportbackend.sainikshetkari.org/src/app.js',
    '/home/sainikshetkari/reportbackend.sainikshetkari.org/server.js',
    '/usr/local/lsws/fcgi-bin/lsnode.js'
  ]
}

Node.js v20.20.2
node:internal/modules/cjs/loader:1210
  throw err;
  ^

Error: Cannot find module '../middleware/upload'
Require stack:
- /home/sainikshetkari/reportbackend.sainikshetkari.org/src/routes/districtReport.routes.js
- /home/sainikshetkari/reportbackend.sainikshetkari.org/src/app.js
- /home/sainikshetkari/reportbackend.sainikshetkari.org/server.js
- /usr/local/lsws/fcgi-bin/lsnode.js
    at Module._resolveFilename (node:internal/modules/cjs/loader:1207:15)
    at Module._load (node:internal/modules/cjs/loader:1038:27)
    at Module.require (node:internal/modules/cjs/loader:1289:19)
    at require (node:internal/modules/helpers:182:18)
    at Object.<anonymous> (/home/sainikshetkari/reportbackend.sainikshetkari.org/src/routes/districtReport.routes.js:23:5)
    at Module._compile (node:internal/modules/cjs/loader:1521:14)
    at Module._extensions..js (node:internal/modules/cjs/loader:1623:10)
    at Module.load (node:internal/modules/cjs/loader:1266:32)
    at Module._load (node:internal/modules/cjs/loader:1091:12)
    at Module.require (node:internal/modules/cjs/loader:1289:19) {
  code: 'MODULE_NOT_FOUND',
  requireStack: [
    '/home/sainikshetkari/reportbackend.sainikshetkari.org/src/routes/districtReport.routes.js',
    '/home/sainikshetkari/reportbackend.sainikshetkari.org/src/app.js',
    '/home/sainikshetkari/reportbackend.sainikshetkari.org/server.js',
    '/usr/local/lsws/fcgi-bin/lsnode.js'
  ]
}

Node.js v20.20.2
node:internal/modules/cjs/loader:1210
  throw err;
  ^

Error: Cannot find module '../middleware/upload'
Require stack:
- /home/sainikshetkari/reportbackend.sainikshetkari.org/src/routes/districtReport.routes.js
- /home/sainikshetkari/reportbackend.sainikshetkari.org/src/app.js
- /home/sainikshetkari/reportbackend.sainikshetkari.org/server.js
- /usr/local/lsws/fcgi-bin/lsnode.js
    at Module._resolveFilename (node:internal/modules/cjs/loader:1207:15)
    at Module._load (node:internal/modules/cjs/loader:1038:27)
    at Module.require (node:internal/modules/cjs/loader:1289:19)
    at require (node:internal/modules/helpers:182:18)
    at Object.<anonymous> (/home/sainikshetkari/reportbackend.sainikshetkari.org/src/routes/districtReport.routes.js:23:5)
    at Module._compile (node:internal/modules/cjs/loader:1521:14)
    at Module._extensions..js (node:internal/modules/cjs/loader:1623:10)
    at Module.load (node:internal/modules/cjs/loader:1266:32)
    at Module._load (node:internal/modules/cjs/loader:1091:12)
    at Module.require (node:internal/modules/cjs/loader:1289:19) {
  code: 'MODULE_NOT_FOUND',
  requireStack: [
    '/home/sainikshetkari/reportbackend.sainikshetkari.org/src/routes/districtReport.routes.js',
    '/home/sainikshetkari/reportbackend.sainikshetkari.org/src/app.js',
    '/home/sainikshetkari/reportbackend.sainikshetkari.org/server.js',
    '/usr/local/lsws/fcgi-bin/lsnode.js'
  ]
}

Node.js v20.20.2
node:internal/modules/cjs/loader:1210
  throw err;
  ^

Error: Cannot find module '../middleware/upload'
Require stack:
- /home/sainikshetkari/reportbackend.sainikshetkari.org/src/routes/districtReport.routes.js
- /home/sainikshetkari/reportbackend.sainikshetkari.org/src/app.js
- /home/sainikshetkari/reportbackend.sainikshetkari.org/server.js
- /usr/local/lsws/fcgi-bin/lsnode.js
    at Module._resolveFilename (node:internal/modules/cjs/loader:1207:15)
    at Module._load (node:internal/modules/cjs/loader:1038:27)
    at Module.require (node:internal/modules/cjs/loader:1289:19)
    at require (node:internal/modules/helpers:182:18)
    at Object.<anonymous> (/home/sainikshetkari/reportbackend.sainikshetkari.org/src/routes/districtReport.routes.js:23:5)
    at Module._compile (node:internal/modules/cjs/loader:1521:14)
    at Module._extensions..js (node:internal/modules/cjs/loader:1623:10)
    at Module.load (node:internal/modules/cjs/loader:1266:32)
    at Module._load (node:internal/modules/cjs/loader:1091:12)
    at Module.require (node:internal/modules/cjs/loader:1289:19) {
  code: 'MODULE_NOT_FOUND',
  requireStack: [
    '/home/sainikshetkari/reportbackend.sainikshetkari.org/src/routes/districtReport.routes.js',
    '/home/sainikshetkari/reportbackend.sainikshetkari.org/src/app.js',
    '/home/sainikshetkari/reportbackend.sainikshetkari.org/server.js',
    '/usr/local/lsws/fcgi-bin/lsnode.js'
  ]
}

Node.js v20.20.2
node:internal/modules/cjs/loader:1210
  throw err;
  ^

Error: Cannot find module '../middleware/upload'
Require stack:
- /home/sainikshetkari/reportbackend.sainikshetkari.org/src/routes/districtReport.routes.js
- /home/sainikshetkari/reportbackend.sainikshetkari.org/src/app.js
- /home/sainikshetkari/reportbackend.sainikshetkari.org/server.js
- /usr/local/lsws/fcgi-bin/lsnode.js
    at Module._resolveFilename (node:internal/modules/cjs/loader:1207:15)
    at Module._load (node:internal/modules/cjs/loader:1038:27)
    at Module.require (node:internal/modules/cjs/loader:1289:19)
    at require (node:internal/modules/helpers:182:18)
    at Object.<anonymous> (/home/sainikshetkari/reportbackend.sainikshetkari.org/src/routes/districtReport.routes.js:23:5)
    at Module._compile (node:internal/modules/cjs/loader:1521:14)
    at Module._extensions..js (node:internal/modules/cjs/loader:1623:10)
    at Module.load (node:internal/modules/cjs/loader:1266:32)
    at Module._load (node:internal/modules/cjs/loader:1091:12)
    at Module.require (node:internal/modules/cjs/loader:1289:19) {
  code: 'MODULE_NOT_FOUND',
  requireStack: [
    '/home/sainikshetkari/reportbackend.sainikshetkari.org/src/routes/districtReport.routes.js',
    '/home/sainikshetkari/reportbackend.sainikshetkari.org/src/app.js',
    '/home/sainikshetkari/reportbackend.sainikshetkari.org/server.js',
    '/usr/local/lsws/fcgi-bin/lsnode.js'
  ]
}

Node.js v20.20.2
node:internal/modules/cjs/loader:1210
  throw err;
  ^

Error: Cannot find module '../middleware/upload'
Require stack:
- /home/sainikshetkari/reportbackend.sainikshetkari.org/src/routes/districtReport.routes.js
- /home/sainikshetkari/reportbackend.sainikshetkari.org/src/app.js
- /home/sainikshetkari/reportbackend.sainikshetkari.org/server.js
- /usr/local/lsws/fcgi-bin/lsnode.js
    at Module._resolveFilename (node:internal/modules/cjs/loader:1207:15)
    at Module._load (node:internal/modules/cjs/loader:1038:27)
    at Module.require (node:internal/modules/cjs/loader:1289:19)
    at require (node:internal/modules/helpers:182:18)
    at Object.<anonymous> (/home/sainikshetkari/reportbackend.sainikshetkari.org/src/routes/districtReport.routes.js:23:5)
    at Module._compile (node:internal/modules/cjs/loader:1521:14)
    at Module._extensions..js (node:internal/modules/cjs/loader:1623:10)
    at Module.load (node:internal/modules/cjs/loader:1266:32)
    at Module._load (node:internal/modules/cjs/loader:1091:12)
    at Module.require (node:internal/modules/cjs/loader:1289:19) {
  code: 'MODULE_NOT_FOUND',
  requireStack: [
    '/home/sainikshetkari/reportbackend.sainikshetkari.org/src/routes/districtReport.routes.js',
    '/home/sainikshetkari/reportbackend.sainikshetkari.org/src/app.js',
    '/home/sainikshetkari/reportbackend.sainikshetkari.org/server.js',
    '/usr/local/lsws/fcgi-bin/lsnode.js'
  ]
}

Node.js v20.20.2
node:internal/modules/cjs/loader:1210
  throw err;
  ^

Error: Cannot find module '../middleware/upload'
Require stack:
- /home/sainikshetkari/reportbackend.sainikshetkari.org/src/routes/districtReport.routes.js
- /home/sainikshetkari/reportbackend.sainikshetkari.org/src/app.js
- /home/sainikshetkari/reportbackend.sainikshetkari.org/server.js
- /usr/local/lsws/fcgi-bin/lsnode.js
    at Module._resolveFilename (node:internal/modules/cjs/loader:1207:15)
    at Module._load (node:internal/modules/cjs/loader:1038:27)
    at Module.require (node:internal/modules/cjs/loader:1289:19)
    at require (node:internal/modules/helpers:182:18)
    at Object.<anonymous> (/home/sainikshetkari/reportbackend.sainikshetkari.org/src/routes/districtReport.routes.js:23:5)
    at Module._compile (node:internal/modules/cjs/loader:1521:14)
    at Module._extensions..js (node:internal/modules/cjs/loader:1623:10)
    at Module.load (node:internal/modules/cjs/loader:1266:32)
    at Module._load (node:internal/modules/cjs/loader:1091:12)
    at Module.require (node:internal/modules/cjs/loader:1289:19) {
  code: 'MODULE_NOT_FOUND',
  requireStack: [
    '/home/sainikshetkari/reportbackend.sainikshetkari.org/src/routes/districtReport.routes.js',
    '/home/sainikshetkari/reportbackend.sainikshetkari.org/src/app.js',
    '/home/sainikshetkari/reportbackend.sainikshetkari.org/server.js',
    '/usr/local/lsws/fcgi-bin/lsnode.js'
  ]
}

Node.js v20.20.2
node:internal/modules/cjs/loader:1210
  throw err;
  ^

Error: Cannot find module '../middleware/upload'
Require stack:
- /home/sainikshetkari/reportbackend.sainikshetkari.org/src/routes/districtReport.routes.js
- /home/sainikshetkari/reportbackend.sainikshetkari.org/src/app.js
- /home/sainikshetkari/reportbackend.sainikshetkari.org/server.js
- /usr/local/lsws/fcgi-bin/lsnode.js
    at Module._resolveFilename (node:internal/modules/cjs/loader:1207:15)
    at Module._load (node:internal/modules/cjs/loader:1038:27)
    at Module.require (node:internal/modules/cjs/loader:1289:19)
    at require (node:internal/modules/helpers:182:18)
    at Object.<anonymous> (/home/sainikshetkari/reportbackend.sainikshetkari.org/src/routes/districtReport.routes.js:23:5)
    at Module._compile (node:internal/modules/cjs/loader:1521:14)
    at Module._extensions..js (node:internal/modules/cjs/loader:1623:10)
    at Module.load (node:internal/modules/cjs/loader:1266:32)
    at Module._load (node:internal/modules/cjs/loader:1091:12)
    at Module.require (node:internal/modules/cjs/loader:1289:19) {
  code: 'MODULE_NOT_FOUND',
  requireStack: [
    '/home/sainikshetkari/reportbackend.sainikshetkari.org/src/routes/districtReport.routes.js',
    '/home/sainikshetkari/reportbackend.sainikshetkari.org/src/app.js',
    '/home/sainikshetkari/reportbackend.sainikshetkari.org/server.js',
    '/usr/local/lsws/fcgi-bin/lsnode.js'
  ]
}

Node.js v20.20.2
node:internal/modules/cjs/loader:1210
  throw err;
  ^

Error: Cannot find module '../middleware/upload'
Require stack:
- /home/sainikshetkari/reportbackend.sainikshetkari.org/src/routes/districtReport.routes.js
- /home/sainikshetkari/reportbackend.sainikshetkari.org/src/app.js
- /home/sainikshetkari/reportbackend.sainikshetkari.org/server.js
- /usr/local/lsws/fcgi-bin/lsnode.js
    at Module._resolveFilename (node:internal/modules/cjs/loader:1207:15)
    at Module._load (node:internal/modules/cjs/loader:1038:27)
    at Module.require (node:internal/modules/cjs/loader:1289:19)
    at require (node:internal/modules/helpers:182:18)
    at Object.<anonymous> (/home/sainikshetkari/reportbackend.sainikshetkari.org/src/routes/districtReport.routes.js:23:5)
    at Module._compile (node:internal/modules/cjs/loader:1521:14)
    at Module._extensions..js (node:internal/modules/cjs/loader:1623:10)
    at Module.load (node:internal/modules/cjs/loader:1266:32)
    at Module._load (node:internal/modules/cjs/loader:1091:12)
    at Module.require (node:internal/modules/cjs/loader:1289:19) {
  code: 'MODULE_NOT_FOUND',
  requireStack: [
    '/home/sainikshetkari/reportbackend.sainikshetkari.org/src/routes/districtReport.routes.js',
    '/home/sainikshetkari/reportbackend.sainikshetkari.org/src/app.js',
    '/home/sainikshetkari/reportbackend.sainikshetkari.org/server.js',
    '/usr/local/lsws/fcgi-bin/lsnode.js'
  ]
}

Node.js v20.20.2
node:internal/modules/cjs/loader:1210
  throw err;
  ^

Error: Cannot find module '../middleware/upload'
Require stack:
- /home/sainikshetkari/reportbackend.sainikshetkari.org/src/routes/districtReport.routes.js
- /home/sainikshetkari/reportbackend.sainikshetkari.org/src/app.js
- /home/sainikshetkari/reportbackend.sainikshetkari.org/server.js
- /usr/local/lsws/fcgi-bin/lsnode.js
    at Module._resolveFilename (node:internal/modules/cjs/loader:1207:15)
    at Module._load (node:internal/modules/cjs/loader:1038:27)
    at Module.require (node:internal/modules/cjs/loader:1289:19)
    at require (node:internal/modules/helpers:182:18)
    at Object.<anonymous> (/home/sainikshetkari/reportbackend.sainikshetkari.org/src/routes/districtReport.routes.js:23:5)
    at Module._compile (node:internal/modules/cjs/loader:1521:14)
    at Module._extensions..js (node:internal/modules/cjs/loader:1623:10)
    at Module.load (node:internal/modules/cjs/loader:1266:32)
    at Module._load (node:internal/modules/cjs/loader:1091:12)
    at Module.require (node:internal/modules/cjs/loader:1289:19) {
  code: 'MODULE_NOT_FOUND',
  requireStack: [
    '/home/sainikshetkari/reportbackend.sainikshetkari.org/src/routes/districtReport.routes.js',
    '/home/sainikshetkari/reportbackend.sainikshetkari.org/src/app.js',
    '/home/sainikshetkari/reportbackend.sainikshetkari.org/server.js',
    '/usr/local/lsws/fcgi-bin/lsnode.js'
  ]
}

Node.js v20.20.2
node:internal/modules/cjs/loader:1210
  throw err;
  ^

Error: Cannot find module '../middleware/upload'
Require stack:
- /home/sainikshetkari/reportbackend.sainikshetkari.org/src/routes/districtReport.routes.js
- /home/sainikshetkari/reportbackend.sainikshetkari.org/src/app.js
- /home/sainikshetkari/reportbackend.sainikshetkari.org/server.js
- /usr/local/lsws/fcgi-bin/lsnode.js
    at Module._resolveFilename (node:internal/modules/cjs/loader:1207:15)
    at Module._load (node:internal/modules/cjs/loader:1038:27)
    at Module.require (node:internal/modules/cjs/loader:1289:19)
    at require (node:internal/modules/helpers:182:18)
    at Object.<anonymous> (/home/sainikshetkari/reportbackend.sainikshetkari.org/src/routes/districtReport.routes.js:23:5)
    at Module._compile (node:internal/modules/cjs/loader:1521:14)
    at Module._extensions..js (node:internal/modules/cjs/loader:1623:10)
    at Module.load (node:internal/modules/cjs/loader:1266:32)
    at Module._load (node:internal/modules/cjs/loader:1091:12)
    at Module.require (node:internal/modules/cjs/loader:1289:19) {
  code: 'MODULE_NOT_FOUND',
  requireStack: [
    '/home/sainikshetkari/reportbackend.sainikshetkari.org/src/routes/districtReport.routes.js',
    '/home/sainikshetkari/reportbackend.sainikshetkari.org/src/app.js',
    '/home/sainikshetkari/reportbackend.sainikshetkari.org/server.js',
    '/usr/local/lsws/fcgi-bin/lsnode.js'
  ]
}

Node.js v20.20.2
node:internal/modules/cjs/loader:1210
  throw err;
  ^

Error: Cannot find module '../middleware/upload'
Require stack:
- /home/sainikshetkari/reportbackend.sainikshetkari.org/src/routes/districtReport.routes.js
- /home/sainikshetkari/reportbackend.sainikshetkari.org/src/app.js
- /home/sainikshetkari/reportbackend.sainikshetkari.org/server.js
- /usr/local/lsws/fcgi-bin/lsnode.js
    at Module._resolveFilename (node:internal/modules/cjs/loader:1207:15)
    at Module._load (node:internal/modules/cjs/loader:1038:27)
    at Module.require (node:internal/modules/cjs/loader:1289:19)
    at require (node:internal/modules/helpers:182:18)
    at Object.<anonymous> (/home/sainikshetkari/reportbackend.sainikshetkari.org/src/routes/districtReport.routes.js:23:5)
    at Module._compile (node:internal/modules/cjs/loader:1521:14)
    at Module._extensions..js (node:internal/modules/cjs/loader:1623:10)
    at Module.load (node:internal/modules/cjs/loader:1266:32)
    at Module._load (node:internal/modules/cjs/loader:1091:12)
    at Module.require (node:internal/modules/cjs/loader:1289:19) {
  code: 'MODULE_NOT_FOUND',
  requireStack: [
    '/home/sainikshetkari/reportbackend.sainikshetkari.org/src/routes/districtReport.routes.js',
    '/home/sainikshetkari/reportbackend.sainikshetkari.org/src/app.js',
    '/home/sainikshetkari/reportbackend.sainikshetkari.org/server.js',
    '/usr/local/lsws/fcgi-bin/lsnode.js'
  ]
}

Node.js v20.20.2
node:internal/modules/cjs/loader:1210
  throw err;
  ^

Error: Cannot find module '../middleware/upload'
Require stack:
- /home/sainikshetkari/reportbackend.sainikshetkari.org/src/routes/districtReport.routes.js
- /home/sainikshetkari/reportbackend.sainikshetkari.org/src/app.js
- /home/sainikshetkari/reportbackend.sainikshetkari.org/server.js
- /usr/local/lsws/fcgi-bin/lsnode.js
    at Module._resolveFilename (node:internal/modules/cjs/loader:1207:15)
    at Module._load (node:internal/modules/cjs/loader:1038:27)
    at Module.require (node:internal/modules/cjs/loader:1289:19)
    at require (node:internal/modules/helpers:182:18)
    at Object.<anonymous> (/home/sainikshetkari/reportbackend.sainikshetkari.org/src/routes/districtReport.routes.js:23:5)
    at Module._compile (node:internal/modules/cjs/loader:1521:14)
    at Module._extensions..js (node:internal/modules/cjs/loader:1623:10)
    at Module.load (node:internal/modules/cjs/loader:1266:32)
    at Module._load (node:internal/modules/cjs/loader:1091:12)
    at Module.require (node:internal/modules/cjs/loader:1289:19) {
  code: 'MODULE_NOT_FOUND',
  requireStack: [
    '/home/sainikshetkari/reportbackend.sainikshetkari.org/src/routes/districtReport.routes.js',
    '/home/sainikshetkari/reportbackend.sainikshetkari.org/src/app.js',
    '/home/sainikshetkari/reportbackend.sainikshetkari.org/server.js',
    '/usr/local/lsws/fcgi-bin/lsnode.js'
  ]
}

Node.js v20.20.2
node:internal/modules/cjs/loader:1210
  throw err;
  ^

Error: Cannot find module '../middleware/upload'
Require stack:
- /home/sainikshetkari/reportbackend.sainikshetkari.org/src/routes/districtReport.routes.js
- /home/sainikshetkari/reportbackend.sainikshetkari.org/src/app.js
- /home/sainikshetkari/reportbackend.sainikshetkari.org/server.js
- /usr/local/lsws/fcgi-bin/lsnode.js
    at Module._resolveFilename (node:internal/modules/cjs/loader:1207:15)
    at Module._load (node:internal/modules/cjs/loader:1038:27)
    at Module.require (node:internal/modules/cjs/loader:1289:19)
    at require (node:internal/modules/helpers:182:18)
    at Object.<anonymous> (/home/sainikshetkari/reportbackend.sainikshetkari.org/src/routes/districtReport.routes.js:23:5)
    at Module._compile (node:internal/modules/cjs/loader:1521:14)
    at Module._extensions..js (node:internal/modules/cjs/loader:1623:10)
    at Module.load (node:internal/modules/cjs/loader:1266:32)
    at Module._load (node:internal/modules/cjs/loader:1091:12)
    at Module.require (node:internal/modules/cjs/loader:1289:19) {
  code: 'MODULE_NOT_FOUND',
  requireStack: [
    '/home/sainikshetkari/reportbackend.sainikshetkari.org/src/routes/districtReport.routes.js',
    '/home/sainikshetkari/reportbackend.sainikshetkari.org/src/app.js',
    '/home/sainikshetkari/reportbackend.sainikshetkari.org/server.js',
    '/usr/local/lsws/fcgi-bin/lsnode.js'
  ]
}

Node.js v20.20.2
/home/sainikshetkari/nodevenv/reportbackend.sainikshetkari.org/20/lib/node_modules/path-to-regexp/dist/index.js:108
                    throw new PathError(`Missing parameter name at index ${index}`, str);
                    ^

PathError [TypeError]: Missing parameter name at index 1: *; visit https://git.new/pathToRegexpError for info
    at consumeUntil (/home/sainikshetkari/nodevenv/reportbackend.sainikshetkari.org/20/lib/node_modules/path-to-regexp/dist/index.js:108:27)
    at parse (/home/sainikshetkari/nodevenv/reportbackend.sainikshetkari.org/20/lib/node_modules/path-to-regexp/dist/index.js:140:26)
    at process (/home/sainikshetkari/nodevenv/reportbackend.sainikshetkari.org/20/lib/node_modules/path-to-regexp/dist/index.js:263:56)
    at pathToRegexp (/home/sainikshetkari/nodevenv/reportbackend.sainikshetkari.org/20/lib/node_modules/path-to-regexp/dist/index.js:274:5)
    at Object.match (/home/sainikshetkari/nodevenv/reportbackend.sainikshetkari.org/20/lib/node_modules/path-to-regexp/dist/index.js:225:30)
    at matcher (/home/sainikshetkari/nodevenv/reportbackend.sainikshetkari.org/20/lib/node_modules/router/lib/layer.js:86:23)
    at new Layer (/home/sainikshetkari/nodevenv/reportbackend.sainikshetkari.org/20/lib/node_modules/router/lib/layer.js:93:62)
    at Function.route (/home/sainikshetkari/nodevenv/reportbackend.sainikshetkari.org/20/lib/node_modules/router/index.js:428:17)
    at Function.route (/home/sainikshetkari/nodevenv/reportbackend.sainikshetkari.org/20/lib/node_modules/express/lib/application.js:257:22)
    at app.<computed> [as options] (/home/sainikshetkari/nodevenv/reportbackend.sainikshetkari.org/20/lib/node_modules/express/lib/application.js:478:22) {
  originalPath: '*'
}

Node.js v20.20.2
/home/sainikshetkari/nodevenv/reportbackend.sainikshetkari.org/20/lib/node_modules/path-to-regexp/dist/index.js:108
                    throw new PathError(`Missing parameter name at index ${index}`, str);
                    ^

PathError [TypeError]: Missing parameter name at index 1: *; visit https://git.new/pathToRegexpError for info
    at consumeUntil (/home/sainikshetkari/nodevenv/reportbackend.sainikshetkari.org/20/lib/node_modules/path-to-regexp/dist/index.js:108:27)
    at parse (/home/sainikshetkari/nodevenv/reportbackend.sainikshetkari.org/20/lib/node_modules/path-to-regexp/dist/index.js:140:26)
    at process (/home/sainikshetkari/nodevenv/reportbackend.sainikshetkari.org/20/lib/node_modules/path-to-regexp/dist/index.js:263:56)
    at pathToRegexp (/home/sainikshetkari/nodevenv/reportbackend.sainikshetkari.org/20/lib/node_modules/path-to-regexp/dist/index.js:274:5)
    at Object.match (/home/sainikshetkari/nodevenv/reportbackend.sainikshetkari.org/20/lib/node_modules/path-to-regexp/dist/index.js:225:30)
    at matcher (/home/sainikshetkari/nodevenv/reportbackend.sainikshetkari.org/20/lib/node_modules/router/lib/layer.js:86:23)
    at new Layer (/home/sainikshetkari/nodevenv/reportbackend.sainikshetkari.org/20/lib/node_modules/router/lib/layer.js:93:62)
    at Function.route (/home/sainikshetkari/nodevenv/reportbackend.sainikshetkari.org/20/lib/node_modules/router/index.js:428:17)
    at Function.route (/home/sainikshetkari/nodevenv/reportbackend.sainikshetkari.org/20/lib/node_modules/express/lib/application.js:257:22)
    at app.<computed> [as options] (/home/sainikshetkari/nodevenv/reportbackend.sainikshetkari.org/20/lib/node_modules/express/lib/application.js:478:22) {
  originalPath: '*'
}

Node.js v20.20.2
/home/sainikshetkari/nodevenv/reportbackend.sainikshetkari.org/20/lib/node_modules/path-to-regexp/dist/index.js:108
                    throw new PathError(`Missing parameter name at index ${index}`, str);
                    ^

PathError [TypeError]: Missing parameter name at index 1: *; visit https://git.new/pathToRegexpError for info
    at consumeUntil (/home/sainikshetkari/nodevenv/reportbackend.sainikshetkari.org/20/lib/node_modules/path-to-regexp/dist/index.js:108:27)
    at parse (/home/sainikshetkari/nodevenv/reportbackend.sainikshetkari.org/20/lib/node_modules/path-to-regexp/dist/index.js:140:26)
    at process (/home/sainikshetkari/nodevenv/reportbackend.sainikshetkari.org/20/lib/node_modules/path-to-regexp/dist/index.js:263:56)
    at pathToRegexp (/home/sainikshetkari/nodevenv/reportbackend.sainikshetkari.org/20/lib/node_modules/path-to-regexp/dist/index.js:274:5)
    at Object.match (/home/sainikshetkari/nodevenv/reportbackend.sainikshetkari.org/20/lib/node_modules/path-to-regexp/dist/index.js:225:30)
    at matcher (/home/sainikshetkari/nodevenv/reportbackend.sainikshetkari.org/20/lib/node_modules/router/lib/layer.js:86:23)
    at new Layer (/home/sainikshetkari/nodevenv/reportbackend.sainikshetkari.org/20/lib/node_modules/router/lib/layer.js:93:62)
    at Function.route (/home/sainikshetkari/nodevenv/reportbackend.sainikshetkari.org/20/lib/node_modules/router/index.js:428:17)
    at Function.route (/home/sainikshetkari/nodevenv/reportbackend.sainikshetkari.org/20/lib/node_modules/express/lib/application.js:257:22)
    at app.<computed> [as options] (/home/sainikshetkari/nodevenv/reportbackend.sainikshetkari.org/20/lib/node_modules/express/lib/application.js:478:22) {
  originalPath: '*'
}

Node.js v20.20.2
/home/sainikshetkari/nodevenv/reportbackend.sainikshetkari.org/20/lib/node_modules/path-to-regexp/dist/index.js:108
                    throw new PathError(`Missing parameter name at index ${index}`, str);
                    ^

PathError [TypeError]: Missing parameter name at index 1: *; visit https://git.new/pathToRegexpError for info
    at consumeUntil (/home/sainikshetkari/nodevenv/reportbackend.sainikshetkari.org/20/lib/node_modules/path-to-regexp/dist/index.js:108:27)
    at parse (/home/sainikshetkari/nodevenv/reportbackend.sainikshetkari.org/20/lib/node_modules/path-to-regexp/dist/index.js:140:26)
    at process (/home/sainikshetkari/nodevenv/reportbackend.sainikshetkari.org/20/lib/node_modules/path-to-regexp/dist/index.js:263:56)
    at pathToRegexp (/home/sainikshetkari/nodevenv/reportbackend.sainikshetkari.org/20/lib/node_modules/path-to-regexp/dist/index.js:274:5)
    at Object.match (/home/sainikshetkari/nodevenv/reportbackend.sainikshetkari.org/20/lib/node_modules/path-to-regexp/dist/index.js:225:30)
    at matcher (/home/sainikshetkari/nodevenv/reportbackend.sainikshetkari.org/20/lib/node_modules/router/lib/layer.js:86:23)
    at new Layer (/home/sainikshetkari/nodevenv/reportbackend.sainikshetkari.org/20/lib/node_modules/router/lib/layer.js:93:62)
    at Function.route (/home/sainikshetkari/nodevenv/reportbackend.sainikshetkari.org/20/lib/node_modules/router/index.js:428:17)
    at Function.route (/home/sainikshetkari/nodevenv/reportbackend.sainikshetkari.org/20/lib/node_modules/express/lib/application.js:257:22)
    at app.<computed> [as options] (/home/sainikshetkari/nodevenv/reportbackend.sainikshetkari.org/20/lib/node_modules/express/lib/application.js:478:22) {
  originalPath: '*'
}

Node.js v20.20.2
/home/sainikshetkari/nodevenv/reportbackend.sainikshetkari.org/20/lib/node_modules/path-to-regexp/dist/index.js:108
                    throw new PathError(`Missing parameter name at index ${index}`, str);
                    ^

PathError [TypeError]: Missing parameter name at index 1: *; visit https://git.new/pathToRegexpError for info
    at consumeUntil (/home/sainikshetkari/nodevenv/reportbackend.sainikshetkari.org/20/lib/node_modules/path-to-regexp/dist/index.js:108:27)
    at parse (/home/sainikshetkari/nodevenv/reportbackend.sainikshetkari.org/20/lib/node_modules/path-to-regexp/dist/index.js:140:26)
    at process (/home/sainikshetkari/nodevenv/reportbackend.sainikshetkari.org/20/lib/node_modules/path-to-regexp/dist/index.js:263:56)
    at pathToRegexp (/home/sainikshetkari/nodevenv/reportbackend.sainikshetkari.org/20/lib/node_modules/path-to-regexp/dist/index.js:274:5)
    at Object.match (/home/sainikshetkari/nodevenv/reportbackend.sainikshetkari.org/20/lib/node_modules/path-to-regexp/dist/index.js:225:30)
    at matcher (/home/sainikshetkari/nodevenv/reportbackend.sainikshetkari.org/20/lib/node_modules/router/lib/layer.js:86:23)
    at new Layer (/home/sainikshetkari/nodevenv/reportbackend.sainikshetkari.org/20/lib/node_modules/router/lib/layer.js:93:62)
    at Function.route (/home/sainikshetkari/nodevenv/reportbackend.sainikshetkari.org/20/lib/node_modules/router/index.js:428:17)
    at Function.route (/home/sainikshetkari/nodevenv/reportbackend.sainikshetkari.org/20/lib/node_modules/express/lib/application.js:257:22)
    at app.<computed> [as options] (/home/sainikshetkari/nodevenv/reportbackend.sainikshetkari.org/20/lib/node_modules/express/lib/application.js:478:22) {
  originalPath: '*'
}

Node.js v20.20.2
/home/sainikshetkari/nodevenv/reportbackend.sainikshetkari.org/20/lib/node_modules/path-to-regexp/dist/index.js:108
                    throw new PathError(`Missing parameter name at index ${index}`, str);
                    ^

PathError [TypeError]: Missing parameter name at index 1: *; visit https://git.new/pathToRegexpError for info
    at consumeUntil (/home/sainikshetkari/nodevenv/reportbackend.sainikshetkari.org/20/lib/node_modules/path-to-regexp/dist/index.js:108:27)
    at parse (/home/sainikshetkari/nodevenv/reportbackend.sainikshetkari.org/20/lib/node_modules/path-to-regexp/dist/index.js:140:26)
    at process (/home/sainikshetkari/nodevenv/reportbackend.sainikshetkari.org/20/lib/node_modules/path-to-regexp/dist/index.js:263:56)
    at pathToRegexp (/home/sainikshetkari/nodevenv/reportbackend.sainikshetkari.org/20/lib/node_modules/path-to-regexp/dist/index.js:274:5)
    at Object.match (/home/sainikshetkari/nodevenv/reportbackend.sainikshetkari.org/20/lib/node_modules/path-to-regexp/dist/index.js:225:30)
    at matcher (/home/sainikshetkari/nodevenv/reportbackend.sainikshetkari.org/20/lib/node_modules/router/lib/layer.js:86:23)
    at new Layer (/home/sainikshetkari/nodevenv/reportbackend.sainikshetkari.org/20/lib/node_modules/router/lib/layer.js:93:62)
    at Function.route (/home/sainikshetkari/nodevenv/reportbackend.sainikshetkari.org/20/lib/node_modules/router/index.js:428:17)
    at Function.route (/home/sainikshetkari/nodevenv/reportbackend.sainikshetkari.org/20/lib/node_modules/express/lib/application.js:257:22)
    at app.<computed> [as options] (/home/sainikshetkari/nodevenv/reportbackend.sainikshetkari.org/20/lib/node_modules/express/lib/application.js:478:22) {
  originalPath: '*'
}

Node.js v20.20.2
/home/sainikshetkari/nodevenv/reportbackend.sainikshetkari.org/20/lib/node_modules/path-to-regexp/dist/index.js:108
                    throw new PathError(`Missing parameter name at index ${index}`, str);
                    ^

PathError [TypeError]: Missing parameter name at index 1: *; visit https://git.new/pathToRegexpError for info
    at consumeUntil (/home/sainikshetkari/nodevenv/reportbackend.sainikshetkari.org/20/lib/node_modules/path-to-regexp/dist/index.js:108:27)
    at parse (/home/sainikshetkari/nodevenv/reportbackend.sainikshetkari.org/20/lib/node_modules/path-to-regexp/dist/index.js:140:26)
    at process (/home/sainikshetkari/nodevenv/reportbackend.sainikshetkari.org/20/lib/node_modules/path-to-regexp/dist/index.js:263:56)
    at pathToRegexp (/home/sainikshetkari/nodevenv/reportbackend.sainikshetkari.org/20/lib/node_modules/path-to-regexp/dist/index.js:274:5)
    at Object.match (/home/sainikshetkari/nodevenv/reportbackend.sainikshetkari.org/20/lib/node_modules/path-to-regexp/dist/index.js:225:30)
    at matcher (/home/sainikshetkari/nodevenv/reportbackend.sainikshetkari.org/20/lib/node_modules/router/lib/layer.js:86:23)
    at new Layer (/home/sainikshetkari/nodevenv/reportbackend.sainikshetkari.org/20/lib/node_modules/router/lib/layer.js:93:62)
    at Function.route (/home/sainikshetkari/nodevenv/reportbackend.sainikshetkari.org/20/lib/node_modules/router/index.js:428:17)
    at Function.route (/home/sainikshetkari/nodevenv/reportbackend.sainikshetkari.org/20/lib/node_modules/express/lib/application.js:257:22)
    at app.<computed> [as options] (/home/sainikshetkari/nodevenv/reportbackend.sainikshetkari.org/20/lib/node_modules/express/lib/application.js:478:22) {
  originalPath: '*'
}

Node.js v20.20.2
/home/sainikshetkari/nodevenv/reportbackend.sainikshetkari.org/20/lib/node_modules/path-to-regexp/dist/index.js:108
                    throw new PathError(`Missing parameter name at index ${index}`, str);
                    ^

PathError [TypeError]: Missing parameter name at index 1: *; visit https://git.new/pathToRegexpError for info
    at consumeUntil (/home/sainikshetkari/nodevenv/reportbackend.sainikshetkari.org/20/lib/node_modules/path-to-regexp/dist/index.js:108:27)
    at parse (/home/sainikshetkari/nodevenv/reportbackend.sainikshetkari.org/20/lib/node_modules/path-to-regexp/dist/index.js:140:26)
    at process (/home/sainikshetkari/nodevenv/reportbackend.sainikshetkari.org/20/lib/node_modules/path-to-regexp/dist/index.js:263:56)
    at pathToRegexp (/home/sainikshetkari/nodevenv/reportbackend.sainikshetkari.org/20/lib/node_modules/path-to-regexp/dist/index.js:274:5)
    at Object.match (/home/sainikshetkari/nodevenv/reportbackend.sainikshetkari.org/20/lib/node_modules/path-to-regexp/dist/index.js:225:30)
    at matcher (/home/sainikshetkari/nodevenv/reportbackend.sainikshetkari.org/20/lib/node_modules/router/lib/layer.js:86:23)
    at new Layer (/home/sainikshetkari/nodevenv/reportbackend.sainikshetkari.org/20/lib/node_modules/router/lib/layer.js:93:62)
    at Function.route (/home/sainikshetkari/nodevenv/reportbackend.sainikshetkari.org/20/lib/node_modules/router/index.js:428:17)
    at Function.route (/home/sainikshetkari/nodevenv/reportbackend.sainikshetkari.org/20/lib/node_modules/express/lib/application.js:257:22)
    at app.<computed> [as options] (/home/sainikshetkari/nodevenv/reportbackend.sainikshetkari.org/20/lib/node_modules/express/lib/application.js:478:22) {
  originalPath: '*'
}

Node.js v20.20.2
/home/sainikshetkari/nodevenv/reportbackend.sainikshetkari.org/20/lib/node_modules/path-to-regexp/dist/index.js:108
                    throw new PathError(`Missing parameter name at index ${index}`, str);
                    ^

PathError [TypeError]: Missing parameter name at index 1: *; visit https://git.new/pathToRegexpError for info
    at consumeUntil (/home/sainikshetkari/nodevenv/reportbackend.sainikshetkari.org/20/lib/node_modules/path-to-regexp/dist/index.js:108:27)
    at parse (/home/sainikshetkari/nodevenv/reportbackend.sainikshetkari.org/20/lib/node_modules/path-to-regexp/dist/index.js:140:26)
    at process (/home/sainikshetkari/nodevenv/reportbackend.sainikshetkari.org/20/lib/node_modules/path-to-regexp/dist/index.js:263:56)
    at pathToRegexp (/home/sainikshetkari/nodevenv/reportbackend.sainikshetkari.org/20/lib/node_modules/path-to-regexp/dist/index.js:274:5)
    at Object.match (/home/sainikshetkari/nodevenv/reportbackend.sainikshetkari.org/20/lib/node_modules/path-to-regexp/dist/index.js:225:30)
    at matcher (/home/sainikshetkari/nodevenv/reportbackend.sainikshetkari.org/20/lib/node_modules/router/lib/layer.js:86:23)
    at new Layer (/home/sainikshetkari/nodevenv/reportbackend.sainikshetkari.org/20/lib/node_modules/router/lib/layer.js:93:62)
    at Function.route (/home/sainikshetkari/nodevenv/reportbackend.sainikshetkari.org/20/lib/node_modules/router/index.js:428:17)
    at Function.route (/home/sainikshetkari/nodevenv/reportbackend.sainikshetkari.org/20/lib/node_modules/express/lib/application.js:257:22)
    at app.<computed> [as options] (/home/sainikshetkari/nodevenv/reportbackend.sainikshetkari.org/20/lib/node_modules/express/lib/application.js:478:22) {
  originalPath: '*'
}

Node.js v20.20.2
/home/sainikshetkari/nodevenv/reportbackend.sainikshetkari.org/20/lib/node_modules/path-to-regexp/dist/index.js:108
                    throw new PathError(`Missing parameter name at index ${index}`, str);
                    ^

PathError [TypeError]: Missing parameter name at index 1: *; visit https://git.new/pathToRegexpError for info
    at consumeUntil (/home/sainikshetkari/nodevenv/reportbackend.sainikshetkari.org/20/lib/node_modules/path-to-regexp/dist/index.js:108:27)
    at parse (/home/sainikshetkari/nodevenv/reportbackend.sainikshetkari.org/20/lib/node_modules/path-to-regexp/dist/index.js:140:26)
    at process (/home/sainikshetkari/nodevenv/reportbackend.sainikshetkari.org/20/lib/node_modules/path-to-regexp/dist/index.js:263:56)
    at pathToRegexp (/home/sainikshetkari/nodevenv/reportbackend.sainikshetkari.org/20/lib/node_modules/path-to-regexp/dist/index.js:274:5)
    at Object.match (/home/sainikshetkari/nodevenv/reportbackend.sainikshetkari.org/20/lib/node_modules/path-to-regexp/dist/index.js:225:30)
    at matcher (/home/sainikshetkari/nodevenv/reportbackend.sainikshetkari.org/20/lib/node_modules/router/lib/layer.js:86:23)
    at new Layer (/home/sainikshetkari/nodevenv/reportbackend.sainikshetkari.org/20/lib/node_modules/router/lib/layer.js:93:62)
    at Function.route (/home/sainikshetkari/nodevenv/reportbackend.sainikshetkari.org/20/lib/node_modules/router/index.js:428:17)
    at Function.route (/home/sainikshetkari/nodevenv/reportbackend.sainikshetkari.org/20/lib/node_modules/express/lib/application.js:257:22)
    at app.<computed> [as options] (/home/sainikshetkari/nodevenv/reportbackend.sainikshetkari.org/20/lib/node_modules/express/lib/application.js:478:22) {
  originalPath: '*'
}

Node.js v20.20.2
/home/sainikshetkari/nodevenv/reportbackend.sainikshetkari.org/20/lib/node_modules/path-to-regexp/dist/index.js:108
                    throw new PathError(`Missing parameter name at index ${index}`, str);
                    ^

PathError [TypeError]: Missing parameter name at index 1: *; visit https://git.new/pathToRegexpError for info
    at consumeUntil (/home/sainikshetkari/nodevenv/reportbackend.sainikshetkari.org/20/lib/node_modules/path-to-regexp/dist/index.js:108:27)
    at parse (/home/sainikshetkari/nodevenv/reportbackend.sainikshetkari.org/20/lib/node_modules/path-to-regexp/dist/index.js:140:26)
    at process (/home/sainikshetkari/nodevenv/reportbackend.sainikshetkari.org/20/lib/node_modules/path-to-regexp/dist/index.js:263:56)
    at pathToRegexp (/home/sainikshetkari/nodevenv/reportbackend.sainikshetkari.org/20/lib/node_modules/path-to-regexp/dist/index.js:274:5)
    at Object.match (/home/sainikshetkari/nodevenv/reportbackend.sainikshetkari.org/20/lib/node_modules/path-to-regexp/dist/index.js:225:30)
    at matcher (/home/sainikshetkari/nodevenv/reportbackend.sainikshetkari.org/20/lib/node_modules/router/lib/layer.js:86:23)
    at new Layer (/home/sainikshetkari/nodevenv/reportbackend.sainikshetkari.org/20/lib/node_modules/router/lib/layer.js:93:62)
    at Function.route (/home/sainikshetkari/nodevenv/reportbackend.sainikshetkari.org/20/lib/node_modules/router/index.js:428:17)
    at Function.route (/home/sainikshetkari/nodevenv/reportbackend.sainikshetkari.org/20/lib/node_modules/express/lib/application.js:257:22)
    at app.<computed> [as options] (/home/sainikshetkari/nodevenv/reportbackend.sainikshetkari.org/20/lib/node_modules/express/lib/application.js:478:22) {
  originalPath: '*'
}

Node.js v20.20.2
/home/sainikshetkari/nodevenv/reportbackend.sainikshetkari.org/20/lib/node_modules/path-to-regexp/dist/index.js:108
                    throw new PathError(`Missing parameter name at index ${index}`, str);
                    ^

PathError [TypeError]: Missing parameter name at index 1: *; visit https://git.new/pathToRegexpError for info
    at consumeUntil (/home/sainikshetkari/nodevenv/reportbackend.sainikshetkari.org/20/lib/node_modules/path-to-regexp/dist/index.js:108:27)
    at parse (/home/sainikshetkari/nodevenv/reportbackend.sainikshetkari.org/20/lib/node_modules/path-to-regexp/dist/index.js:140:26)
    at process (/home/sainikshetkari/nodevenv/reportbackend.sainikshetkari.org/20/lib/node_modules/path-to-regexp/dist/index.js:263:56)
    at pathToRegexp (/home/sainikshetkari/nodevenv/reportbackend.sainikshetkari.org/20/lib/node_modules/path-to-regexp/dist/index.js:274:5)
    at Object.match (/home/sainikshetkari/nodevenv/reportbackend.sainikshetkari.org/20/lib/node_modules/path-to-regexp/dist/index.js:225:30)
    at matcher (/home/sainikshetkari/nodevenv/reportbackend.sainikshetkari.org/20/lib/node_modules/router/lib/layer.js:86:23)
    at new Layer (/home/sainikshetkari/nodevenv/reportbackend.sainikshetkari.org/20/lib/node_modules/router/lib/layer.js:93:62)
    at Function.route (/home/sainikshetkari/nodevenv/reportbackend.sainikshetkari.org/20/lib/node_modules/router/index.js:428:17)
    at Function.route (/home/sainikshetkari/nodevenv/reportbackend.sainikshetkari.org/20/lib/node_modules/express/lib/application.js:257:22)
    at app.<computed> [as options] (/home/sainikshetkari/nodevenv/reportbackend.sainikshetkari.org/20/lib/node_modules/express/lib/application.js:478:22) {
  originalPath: '*'
}

Node.js v20.20.2
/home/sainikshetkari/nodevenv/reportbackend.sainikshetkari.org/20/lib/node_modules/path-to-regexp/dist/index.js:108
                    throw new PathError(`Missing parameter name at index ${index}`, str);
                    ^

PathError [TypeError]: Missing parameter name at index 1: *; visit https://git.new/pathToRegexpError for info
    at consumeUntil (/home/sainikshetkari/nodevenv/reportbackend.sainikshetkari.org/20/lib/node_modules/path-to-regexp/dist/index.js:108:27)
    at parse (/home/sainikshetkari/nodevenv/reportbackend.sainikshetkari.org/20/lib/node_modules/path-to-regexp/dist/index.js:140:26)
    at process (/home/sainikshetkari/nodevenv/reportbackend.sainikshetkari.org/20/lib/node_modules/path-to-regexp/dist/index.js:263:56)
    at pathToRegexp (/home/sainikshetkari/nodevenv/reportbackend.sainikshetkari.org/20/lib/node_modules/path-to-regexp/dist/index.js:274:5)
    at Object.match (/home/sainikshetkari/nodevenv/reportbackend.sainikshetkari.org/20/lib/node_modules/path-to-regexp/dist/index.js:225:30)
    at matcher (/home/sainikshetkari/nodevenv/reportbackend.sainikshetkari.org/20/lib/node_modules/router/lib/layer.js:86:23)
    at new Layer (/home/sainikshetkari/nodevenv/reportbackend.sainikshetkari.org/20/lib/node_modules/router/lib/layer.js:93:62)
    at Function.route (/home/sainikshetkari/nodevenv/reportbackend.sainikshetkari.org/20/lib/node_modules/router/index.js:428:17)
    at Function.route (/home/sainikshetkari/nodevenv/reportbackend.sainikshetkari.org/20/lib/node_modules/express/lib/application.js:257:22)
    at app.<computed> [as options] (/home/sainikshetkari/nodevenv/reportbackend.sainikshetkari.org/20/lib/node_modules/express/lib/application.js:478:22) {
  originalPath: '*'
}

Node.js v20.20.2
/home/sainikshetkari/nodevenv/reportbackend.sainikshetkari.org/20/lib/node_modules/path-to-regexp/dist/index.js:108
                    throw new PathError(`Missing parameter name at index ${index}`, str);
                    ^

PathError [TypeError]: Missing parameter name at index 1: *; visit https://git.new/pathToRegexpError for info
    at consumeUntil (/home/sainikshetkari/nodevenv/reportbackend.sainikshetkari.org/20/lib/node_modules/path-to-regexp/dist/index.js:108:27)
    at parse (/home/sainikshetkari/nodevenv/reportbackend.sainikshetkari.org/20/lib/node_modules/path-to-regexp/dist/index.js:140:26)
    at process (/home/sainikshetkari/nodevenv/reportbackend.sainikshetkari.org/20/lib/node_modules/path-to-regexp/dist/index.js:263:56)
    at pathToRegexp (/home/sainikshetkari/nodevenv/reportbackend.sainikshetkari.org/20/lib/node_modules/path-to-regexp/dist/index.js:274:5)
    at Object.match (/home/sainikshetkari/nodevenv/reportbackend.sainikshetkari.org/20/lib/node_modules/path-to-regexp/dist/index.js:225:30)
    at matcher (/home/sainikshetkari/nodevenv/reportbackend.sainikshetkari.org/20/lib/node_modules/router/lib/layer.js:86:23)
    at new Layer (/home/sainikshetkari/nodevenv/reportbackend.sainikshetkari.org/20/lib/node_modules/router/lib/layer.js:93:62)
    at Function.route (/home/sainikshetkari/nodevenv/reportbackend.sainikshetkari.org/20/lib/node_modules/router/index.js:428:17)
    at Function.route (/home/sainikshetkari/nodevenv/reportbackend.sainikshetkari.org/20/lib/node_modules/express/lib/application.js:257:22)
    at app.<computed> [as options] (/home/sainikshetkari/nodevenv/reportbackend.sainikshetkari.org/20/lib/node_modules/express/lib/application.js:478:22) {
  originalPath: '*'
}

Node.js v20.20.2
/home/sainikshetkari/nodevenv/reportbackend.sainikshetkari.org/20/lib/node_modules/path-to-regexp/dist/index.js:108
                    throw new PathError(`Missing parameter name at index ${index}`, str);
                    ^

PathError [TypeError]: Missing parameter name at index 1: *; visit https://git.new/pathToRegexpError for info
    at consumeUntil (/home/sainikshetkari/nodevenv/reportbackend.sainikshetkari.org/20/lib/node_modules/path-to-regexp/dist/index.js:108:27)
    at parse (/home/sainikshetkari/nodevenv/reportbackend.sainikshetkari.org/20/lib/node_modules/path-to-regexp/dist/index.js:140:26)
    at process (/home/sainikshetkari/nodevenv/reportbackend.sainikshetkari.org/20/lib/node_modules/path-to-regexp/dist/index.js:263:56)
    at pathToRegexp (/home/sainikshetkari/nodevenv/reportbackend.sainikshetkari.org/20/lib/node_modules/path-to-regexp/dist/index.js:274:5)
    at Object.match (/home/sainikshetkari/nodevenv/reportbackend.sainikshetkari.org/20/lib/node_modules/path-to-regexp/dist/index.js:225:30)
    at matcher (/home/sainikshetkari/nodevenv/reportbackend.sainikshetkari.org/20/lib/node_modules/router/lib/layer.js:86:23)
    at new Layer (/home/sainikshetkari/nodevenv/reportbackend.sainikshetkari.org/20/lib/node_modules/router/lib/layer.js:93:62)
    at Function.route (/home/sainikshetkari/nodevenv/reportbackend.sainikshetkari.org/20/lib/node_modules/router/index.js:428:17)
    at Function.route (/home/sainikshetkari/nodevenv/reportbackend.sainikshetkari.org/20/lib/node_modules/express/lib/application.js:257:22)
    at app.<computed> [as options] (/home/sainikshetkari/nodevenv/reportbackend.sainikshetkari.org/20/lib/node_modules/express/lib/application.js:478:22) {
  originalPath: '*'
}

Node.js v20.20.2
/home/sainikshetkari/nodevenv/reportbackend.sainikshetkari.org/20/lib/node_modules/path-to-regexp/dist/index.js:108
                    throw new PathError(`Missing parameter name at index ${index}`, str);
                    ^

PathError [TypeError]: Missing parameter name at index 1: *; visit https://git.new/pathToRegexpError for info
    at consumeUntil (/home/sainikshetkari/nodevenv/reportbackend.sainikshetkari.org/20/lib/node_modules/path-to-regexp/dist/index.js:108:27)
    at parse (/home/sainikshetkari/nodevenv/reportbackend.sainikshetkari.org/20/lib/node_modules/path-to-regexp/dist/index.js:140:26)
    at process (/home/sainikshetkari/nodevenv/reportbackend.sainikshetkari.org/20/lib/node_modules/path-to-regexp/dist/index.js:263:56)
    at pathToRegexp (/home/sainikshetkari/nodevenv/reportbackend.sainikshetkari.org/20/lib/node_modules/path-to-regexp/dist/index.js:274:5)
    at Object.match (/home/sainikshetkari/nodevenv/reportbackend.sainikshetkari.org/20/lib/node_modules/path-to-regexp/dist/index.js:225:30)
    at matcher (/home/sainikshetkari/nodevenv/reportbackend.sainikshetkari.org/20/lib/node_modules/router/lib/layer.js:86:23)
    at new Layer (/home/sainikshetkari/nodevenv/reportbackend.sainikshetkari.org/20/lib/node_modules/router/lib/layer.js:93:62)
    at Function.route (/home/sainikshetkari/nodevenv/reportbackend.sainikshetkari.org/20/lib/node_modules/router/index.js:428:17)
    at Function.route (/home/sainikshetkari/nodevenv/reportbackend.sainikshetkari.org/20/lib/node_modules/express/lib/application.js:257:22)
    at app.<computed> [as options] (/home/sainikshetkari/nodevenv/reportbackend.sainikshetkari.org/20/lib/node_modules/express/lib/application.js:478:22) {
  originalPath: '*'
}

Node.js v20.20.2
/home/sainikshetkari/nodevenv/reportbackend.sainikshetkari.org/20/lib/node_modules/path-to-regexp/dist/index.js:108
                    throw new PathError(`Missing parameter name at index ${index}`, str);
                    ^

PathError [TypeError]: Missing parameter name at index 1: *; visit https://git.new/pathToRegexpError for info
    at consumeUntil (/home/sainikshetkari/nodevenv/reportbackend.sainikshetkari.org/20/lib/node_modules/path-to-regexp/dist/index.js:108:27)
    at parse (/home/sainikshetkari/nodevenv/reportbackend.sainikshetkari.org/20/lib/node_modules/path-to-regexp/dist/index.js:140:26)
    at process (/home/sainikshetkari/nodevenv/reportbackend.sainikshetkari.org/20/lib/node_modules/path-to-regexp/dist/index.js:263:56)
    at pathToRegexp (/home/sainikshetkari/nodevenv/reportbackend.sainikshetkari.org/20/lib/node_modules/path-to-regexp/dist/index.js:274:5)
    at Object.match (/home/sainikshetkari/nodevenv/reportbackend.sainikshetkari.org/20/lib/node_modules/path-to-regexp/dist/index.js:225:30)
    at matcher (/home/sainikshetkari/nodevenv/reportbackend.sainikshetkari.org/20/lib/node_modules/router/lib/layer.js:86:23)
    at new Layer (/home/sainikshetkari/nodevenv/reportbackend.sainikshetkari.org/20/lib/node_modules/router/lib/layer.js:93:62)
    at Function.route (/home/sainikshetkari/nodevenv/reportbackend.sainikshetkari.org/20/lib/node_modules/router/index.js:428:17)
    at Function.route (/home/sainikshetkari/nodevenv/reportbackend.sainikshetkari.org/20/lib/node_modules/express/lib/application.js:257:22)
    at app.<computed> [as options] (/home/sainikshetkari/nodevenv/reportbackend.sainikshetkari.org/20/lib/node_modules/express/lib/application.js:478:22) {
  originalPath: '*'
}

Node.js v20.20.2
/home/sainikshetkari/nodevenv/reportbackend.sainikshetkari.org/20/lib/node_modules/path-to-regexp/dist/index.js:108
                    throw new PathError(`Missing parameter name at index ${index}`, str);
                    ^

PathError [TypeError]: Missing parameter name at index 1: *; visit https://git.new/pathToRegexpError for info
    at consumeUntil (/home/sainikshetkari/nodevenv/reportbackend.sainikshetkari.org/20/lib/node_modules/path-to-regexp/dist/index.js:108:27)
    at parse (/home/sainikshetkari/nodevenv/reportbackend.sainikshetkari.org/20/lib/node_modules/path-to-regexp/dist/index.js:140:26)
    at process (/home/sainikshetkari/nodevenv/reportbackend.sainikshetkari.org/20/lib/node_modules/path-to-regexp/dist/index.js:263:56)
    at pathToRegexp (/home/sainikshetkari/nodevenv/reportbackend.sainikshetkari.org/20/lib/node_modules/path-to-regexp/dist/index.js:274:5)
    at Object.match (/home/sainikshetkari/nodevenv/reportbackend.sainikshetkari.org/20/lib/node_modules/path-to-regexp/dist/index.js:225:30)
    at matcher (/home/sainikshetkari/nodevenv/reportbackend.sainikshetkari.org/20/lib/node_modules/router/lib/layer.js:86:23)
    at new Layer (/home/sainikshetkari/nodevenv/reportbackend.sainikshetkari.org/20/lib/node_modules/router/lib/layer.js:93:62)
    at Function.route (/home/sainikshetkari/nodevenv/reportbackend.sainikshetkari.org/20/lib/node_modules/router/index.js:428:17)
    at Function.route (/home/sainikshetkari/nodevenv/reportbackend.sainikshetkari.org/20/lib/node_modules/express/lib/application.js:257:22)
    at app.<computed> [as options] (/home/sainikshetkari/nodevenv/reportbackend.sainikshetkari.org/20/lib/node_modules/express/lib/application.js:478:22) {
  originalPath: '*'
}

Node.js v20.20.2
/home/sainikshetkari/nodevenv/reportbackend.sainikshetkari.org/20/lib/node_modules/path-to-regexp/dist/index.js:108
                    throw new PathError(`Missing parameter name at index ${index}`, str);
                    ^

PathError [TypeError]: Missing parameter name at index 1: *; visit https://git.new/pathToRegexpError for info
    at consumeUntil (/home/sainikshetkari/nodevenv/reportbackend.sainikshetkari.org/20/lib/node_modules/path-to-regexp/dist/index.js:108:27)
    at parse (/home/sainikshetkari/nodevenv/reportbackend.sainikshetkari.org/20/lib/node_modules/path-to-regexp/dist/index.js:140:26)
    at process (/home/sainikshetkari/nodevenv/reportbackend.sainikshetkari.org/20/lib/node_modules/path-to-regexp/dist/index.js:263:56)
    at pathToRegexp (/home/sainikshetkari/nodevenv/reportbackend.sainikshetkari.org/20/lib/node_modules/path-to-regexp/dist/index.js:274:5)
    at Object.match (/home/sainikshetkari/nodevenv/reportbackend.sainikshetkari.org/20/lib/node_modules/path-to-regexp/dist/index.js:225:30)
    at matcher (/home/sainikshetkari/nodevenv/reportbackend.sainikshetkari.org/20/lib/node_modules/router/lib/layer.js:86:23)
    at new Layer (/home/sainikshetkari/nodevenv/reportbackend.sainikshetkari.org/20/lib/node_modules/router/lib/layer.js:93:62)
    at Function.route (/home/sainikshetkari/nodevenv/reportbackend.sainikshetkari.org/20/lib/node_modules/router/index.js:428:17)
    at Function.route (/home/sainikshetkari/nodevenv/reportbackend.sainikshetkari.org/20/lib/node_modules/express/lib/application.js:257:22)
    at app.<computed> [as options] (/home/sainikshetkari/nodevenv/reportbackend.sainikshetkari.org/20/lib/node_modules/express/lib/application.js:478:22) {
  originalPath: '*'
}

Node.js v20.20.2
/home/sainikshetkari/nodevenv/reportbackend.sainikshetkari.org/20/lib/node_modules/path-to-regexp/dist/index.js:108
                    throw new PathError(`Missing parameter name at index ${index}`, str);
                    ^

PathError [TypeError]: Missing parameter name at index 1: *; visit https://git.new/pathToRegexpError for info
    at consumeUntil (/home/sainikshetkari/nodevenv/reportbackend.sainikshetkari.org/20/lib/node_modules/path-to-regexp/dist/index.js:108:27)
    at parse (/home/sainikshetkari/nodevenv/reportbackend.sainikshetkari.org/20/lib/node_modules/path-to-regexp/dist/index.js:140:26)
    at process (/home/sainikshetkari/nodevenv/reportbackend.sainikshetkari.org/20/lib/node_modules/path-to-regexp/dist/index.js:263:56)
    at pathToRegexp (/home/sainikshetkari/nodevenv/reportbackend.sainikshetkari.org/20/lib/node_modules/path-to-regexp/dist/index.js:274:5)
    at Object.match (/home/sainikshetkari/nodevenv/reportbackend.sainikshetkari.org/20/lib/node_modules/path-to-regexp/dist/index.js:225:30)
    at matcher (/home/sainikshetkari/nodevenv/reportbackend.sainikshetkari.org/20/lib/node_modules/router/lib/layer.js:86:23)
    at new Layer (/home/sainikshetkari/nodevenv/reportbackend.sainikshetkari.org/20/lib/node_modules/router/lib/layer.js:93:62)
    at Function.route (/home/sainikshetkari/nodevenv/reportbackend.sainikshetkari.org/20/lib/node_modules/router/index.js:428:17)
    at Function.route (/home/sainikshetkari/nodevenv/reportbackend.sainikshetkari.org/20/lib/node_modules/express/lib/application.js:257:22)
    at app.<computed> [as options] (/home/sainikshetkari/nodevenv/reportbackend.sainikshetkari.org/20/lib/node_modules/express/lib/application.js:478:22) {
  originalPath: '*'
}

Node.js v20.20.2
/home/sainikshetkari/nodevenv/reportbackend.sainikshetkari.org/20/lib/node_modules/path-to-regexp/dist/index.js:108
                    throw new PathError(`Missing parameter name at index ${index}`, str);
                    ^

PathError [TypeError]: Missing parameter name at index 1: *; visit https://git.new/pathToRegexpError for info
    at consumeUntil (/home/sainikshetkari/nodevenv/reportbackend.sainikshetkari.org/20/lib/node_modules/path-to-regexp/dist/index.js:108:27)
    at parse (/home/sainikshetkari/nodevenv/reportbackend.sainikshetkari.org/20/lib/node_modules/path-to-regexp/dist/index.js:140:26)
    at process (/home/sainikshetkari/nodevenv/reportbackend.sainikshetkari.org/20/lib/node_modules/path-to-regexp/dist/index.js:263:56)
    at pathToRegexp (/home/sainikshetkari/nodevenv/reportbackend.sainikshetkari.org/20/lib/node_modules/path-to-regexp/dist/index.js:274:5)
    at Object.match (/home/sainikshetkari/nodevenv/reportbackend.sainikshetkari.org/20/lib/node_modules/path-to-regexp/dist/index.js:225:30)
    at matcher (/home/sainikshetkari/nodevenv/reportbackend.sainikshetkari.org/20/lib/node_modules/router/lib/layer.js:86:23)
    at new Layer (/home/sainikshetkari/nodevenv/reportbackend.sainikshetkari.org/20/lib/node_modules/router/lib/layer.js:93:62)
    at Function.route (/home/sainikshetkari/nodevenv/reportbackend.sainikshetkari.org/20/lib/node_modules/router/index.js:428:17)
    at Function.route (/home/sainikshetkari/nodevenv/reportbackend.sainikshetkari.org/20/lib/node_modules/express/lib/application.js:257:22)
    at app.<computed> [as options] (/home/sainikshetkari/nodevenv/reportbackend.sainikshetkari.org/20/lib/node_modules/express/lib/application.js:478:22) {
  originalPath: '*'
}

Node.js v20.20.2
/home/sainikshetkari/nodevenv/reportbackend.sainikshetkari.org/20/lib/node_modules/path-to-regexp/dist/index.js:108
                    throw new PathError(`Missing parameter name at index ${index}`, str);
                    ^

PathError [TypeError]: Missing parameter name at index 1: *; visit https://git.new/pathToRegexpError for info
    at consumeUntil (/home/sainikshetkari/nodevenv/reportbackend.sainikshetkari.org/20/lib/node_modules/path-to-regexp/dist/index.js:108:27)
    at parse (/home/sainikshetkari/nodevenv/reportbackend.sainikshetkari.org/20/lib/node_modules/path-to-regexp/dist/index.js:140:26)
    at process (/home/sainikshetkari/nodevenv/reportbackend.sainikshetkari.org/20/lib/node_modules/path-to-regexp/dist/index.js:263:56)
    at pathToRegexp (/home/sainikshetkari/nodevenv/reportbackend.sainikshetkari.org/20/lib/node_modules/path-to-regexp/dist/index.js:274:5)
    at Object.match (/home/sainikshetkari/nodevenv/reportbackend.sainikshetkari.org/20/lib/node_modules/path-to-regexp/dist/index.js:225:30)
    at matcher (/home/sainikshetkari/nodevenv/reportbackend.sainikshetkari.org/20/lib/node_modules/router/lib/layer.js:86:23)
    at new Layer (/home/sainikshetkari/nodevenv/reportbackend.sainikshetkari.org/20/lib/node_modules/router/lib/layer.js:93:62)
    at Function.route (/home/sainikshetkari/nodevenv/reportbackend.sainikshetkari.org/20/lib/node_modules/router/index.js:428:17)
    at Function.route (/home/sainikshetkari/nodevenv/reportbackend.sainikshetkari.org/20/lib/node_modules/express/lib/application.js:257:22)
    at app.<computed> [as options] (/home/sainikshetkari/nodevenv/reportbackend.sainikshetkari.org/20/lib/node_modules/express/lib/application.js:478:22) {
  originalPath: '*'
}

Node.js v20.20.2
/home/sainikshetkari/nodevenv/reportbackend.sainikshetkari.org/20/lib/node_modules/path-to-regexp/dist/index.js:108
                    throw new PathError(`Missing parameter name at index ${index}`, str);
                    ^

PathError [TypeError]: Missing parameter name at index 1: *; visit https://git.new/pathToRegexpError for info
    at consumeUntil (/home/sainikshetkari/nodevenv/reportbackend.sainikshetkari.org/20/lib/node_modules/path-to-regexp/dist/index.js:108:27)
    at parse (/home/sainikshetkari/nodevenv/reportbackend.sainikshetkari.org/20/lib/node_modules/path-to-regexp/dist/index.js:140:26)
    at process (/home/sainikshetkari/nodevenv/reportbackend.sainikshetkari.org/20/lib/node_modules/path-to-regexp/dist/index.js:263:56)
    at pathToRegexp (/home/sainikshetkari/nodevenv/reportbackend.sainikshetkari.org/20/lib/node_modules/path-to-regexp/dist/index.js:274:5)
    at Object.match (/home/sainikshetkari/nodevenv/reportbackend.sainikshetkari.org/20/lib/node_modules/path-to-regexp/dist/index.js:225:30)
    at matcher (/home/sainikshetkari/nodevenv/reportbackend.sainikshetkari.org/20/lib/node_modules/router/lib/layer.js:86:23)
    at new Layer (/home/sainikshetkari/nodevenv/reportbackend.sainikshetkari.org/20/lib/node_modules/router/lib/layer.js:93:62)
    at Function.route (/home/sainikshetkari/nodevenv/reportbackend.sainikshetkari.org/20/lib/node_modules/router/index.js:428:17)
    at Function.route (/home/sainikshetkari/nodevenv/reportbackend.sainikshetkari.org/20/lib/node_modules/express/lib/application.js:257:22)
    at app.<computed> [as options] (/home/sainikshetkari/nodevenv/reportbackend.sainikshetkari.org/20/lib/node_modules/express/lib/application.js:478:22) {
  originalPath: '*'
}

Node.js v20.20.2
/home/sainikshetkari/nodevenv/reportbackend.sainikshetkari.org/20/lib/node_modules/path-to-regexp/dist/index.js:108
                    throw new PathError(`Missing parameter name at index ${index}`, str);
                    ^

PathError [TypeError]: Missing parameter name at index 1: *; visit https://git.new/pathToRegexpError for info
    at consumeUntil (/home/sainikshetkari/nodevenv/reportbackend.sainikshetkari.org/20/lib/node_modules/path-to-regexp/dist/index.js:108:27)
    at parse (/home/sainikshetkari/nodevenv/reportbackend.sainikshetkari.org/20/lib/node_modules/path-to-regexp/dist/index.js:140:26)
    at process (/home/sainikshetkari/nodevenv/reportbackend.sainikshetkari.org/20/lib/node_modules/path-to-regexp/dist/index.js:263:56)
    at pathToRegexp (/home/sainikshetkari/nodevenv/reportbackend.sainikshetkari.org/20/lib/node_modules/path-to-regexp/dist/index.js:274:5)
    at Object.match (/home/sainikshetkari/nodevenv/reportbackend.sainikshetkari.org/20/lib/node_modules/path-to-regexp/dist/index.js:225:30)
    at matcher (/home/sainikshetkari/nodevenv/reportbackend.sainikshetkari.org/20/lib/node_modules/router/lib/layer.js:86:23)
    at new Layer (/home/sainikshetkari/nodevenv/reportbackend.sainikshetkari.org/20/lib/node_modules/router/lib/layer.js:93:62)
    at Function.route (/home/sainikshetkari/nodevenv/reportbackend.sainikshetkari.org/20/lib/node_modules/router/index.js:428:17)
    at Function.route (/home/sainikshetkari/nodevenv/reportbackend.sainikshetkari.org/20/lib/node_modules/express/lib/application.js:257:22)
    at app.<computed> [as options] (/home/sainikshetkari/nodevenv/reportbackend.sainikshetkari.org/20/lib/node_modules/express/lib/application.js:478:22) {
  originalPath: '*'
}

Node.js v20.20.2
/home/sainikshetkari/nodevenv/reportbackend.sainikshetkari.org/20/lib/node_modules/path-to-regexp/dist/index.js:108
                    throw new PathError(`Missing parameter name at index ${index}`, str);
                    ^

PathError [TypeError]: Missing parameter name at index 1: *; visit https://git.new/pathToRegexpError for info
    at consumeUntil (/home/sainikshetkari/nodevenv/reportbackend.sainikshetkari.org/20/lib/node_modules/path-to-regexp/dist/index.js:108:27)
    at parse (/home/sainikshetkari/nodevenv/reportbackend.sainikshetkari.org/20/lib/node_modules/path-to-regexp/dist/index.js:140:26)
    at process (/home/sainikshetkari/nodevenv/reportbackend.sainikshetkari.org/20/lib/node_modules/path-to-regexp/dist/index.js:263:56)
    at pathToRegexp (/home/sainikshetkari/nodevenv/reportbackend.sainikshetkari.org/20/lib/node_modules/path-to-regexp/dist/index.js:274:5)
    at Object.match (/home/sainikshetkari/nodevenv/reportbackend.sainikshetkari.org/20/lib/node_modules/path-to-regexp/dist/index.js:225:30)
    at matcher (/home/sainikshetkari/nodevenv/reportbackend.sainikshetkari.org/20/lib/node_modules/router/lib/layer.js:86:23)
    at new Layer (/home/sainikshetkari/nodevenv/reportbackend.sainikshetkari.org/20/lib/node_modules/router/lib/layer.js:93:62)
    at Function.route (/home/sainikshetkari/nodevenv/reportbackend.sainikshetkari.org/20/lib/node_modules/router/index.js:428:17)
    at Function.route (/home/sainikshetkari/nodevenv/reportbackend.sainikshetkari.org/20/lib/node_modules/express/lib/application.js:257:22)
    at app.<computed> [as options] (/home/sainikshetkari/nodevenv/reportbackend.sainikshetkari.org/20/lib/node_modules/express/lib/application.js:478:22) {
  originalPath: '*'
}

Node.js v20.20.2
/home/sainikshetkari/nodevenv/reportbackend.sainikshetkari.org/20/lib/node_modules/path-to-regexp/dist/index.js:108
                    throw new PathError(`Missing parameter name at index ${index}`, str);
                    ^

PathError [TypeError]: Missing parameter name at index 1: *; visit https://git.new/pathToRegexpError for info
    at consumeUntil (/home/sainikshetkari/nodevenv/reportbackend.sainikshetkari.org/20/lib/node_modules/path-to-regexp/dist/index.js:108:27)
    at parse (/home/sainikshetkari/nodevenv/reportbackend.sainikshetkari.org/20/lib/node_modules/path-to-regexp/dist/index.js:140:26)
    at process (/home/sainikshetkari/nodevenv/reportbackend.sainikshetkari.org/20/lib/node_modules/path-to-regexp/dist/index.js:263:56)
    at pathToRegexp (/home/sainikshetkari/nodevenv/reportbackend.sainikshetkari.org/20/lib/node_modules/path-to-regexp/dist/index.js:274:5)
    at Object.match (/home/sainikshetkari/nodevenv/reportbackend.sainikshetkari.org/20/lib/node_modules/path-to-regexp/dist/index.js:225:30)
    at matcher (/home/sainikshetkari/nodevenv/reportbackend.sainikshetkari.org/20/lib/node_modules/router/lib/layer.js:86:23)
    at new Layer (/home/sainikshetkari/nodevenv/reportbackend.sainikshetkari.org/20/lib/node_modules/router/lib/layer.js:93:62)
    at Function.route (/home/sainikshetkari/nodevenv/reportbackend.sainikshetkari.org/20/lib/node_modules/router/index.js:428:17)
    at Function.route (/home/sainikshetkari/nodevenv/reportbackend.sainikshetkari.org/20/lib/node_modules/express/lib/application.js:257:22)
    at app.<computed> [as options] (/home/sainikshetkari/nodevenv/reportbackend.sainikshetkari.org/20/lib/node_modules/express/lib/application.js:478:22) {
  originalPath: '*'
}

Node.js v20.20.2
/home/sainikshetkari/nodevenv/reportbackend.sainikshetkari.org/20/lib/node_modules/path-to-regexp/dist/index.js:108
                    throw new PathError(`Missing parameter name at index ${index}`, str);
                    ^

PathError [TypeError]: Missing parameter name at index 1: *; visit https://git.new/pathToRegexpError for info
    at consumeUntil (/home/sainikshetkari/nodevenv/reportbackend.sainikshetkari.org/20/lib/node_modules/path-to-regexp/dist/index.js:108:27)
    at parse (/home/sainikshetkari/nodevenv/reportbackend.sainikshetkari.org/20/lib/node_modules/path-to-regexp/dist/index.js:140:26)
    at process (/home/sainikshetkari/nodevenv/reportbackend.sainikshetkari.org/20/lib/node_modules/path-to-regexp/dist/index.js:263:56)
    at pathToRegexp (/home/sainikshetkari/nodevenv/reportbackend.sainikshetkari.org/20/lib/node_modules/path-to-regexp/dist/index.js:274:5)
    at Object.match (/home/sainikshetkari/nodevenv/reportbackend.sainikshetkari.org/20/lib/node_modules/path-to-regexp/dist/index.js:225:30)
    at matcher (/home/sainikshetkari/nodevenv/reportbackend.sainikshetkari.org/20/lib/node_modules/router/lib/layer.js:86:23)
    at new Layer (/home/sainikshetkari/nodevenv/reportbackend.sainikshetkari.org/20/lib/node_modules/router/lib/layer.js:93:62)
    at Function.route (/home/sainikshetkari/nodevenv/reportbackend.sainikshetkari.org/20/lib/node_modules/router/index.js:428:17)
    at Function.route (/home/sainikshetkari/nodevenv/reportbackend.sainikshetkari.org/20/lib/node_modules/express/lib/application.js:257:22)
    at app.<computed> [as options] (/home/sainikshetkari/nodevenv/reportbackend.sainikshetkari.org/20/lib/node_modules/express/lib/application.js:478:22) {
  originalPath: '*'
}

Node.js v20.20.2
/home/sainikshetkari/nodevenv/reportbackend.sainikshetkari.org/20/lib/node_modules/path-to-regexp/dist/index.js:108
                    throw new PathError(`Missing parameter name at index ${index}`, str);
                    ^

PathError [TypeError]: Missing parameter name at index 1: *; visit https://git.new/pathToRegexpError for info
    at consumeUntil (/home/sainikshetkari/nodevenv/reportbackend.sainikshetkari.org/20/lib/node_modules/path-to-regexp/dist/index.js:108:27)
    at parse (/home/sainikshetkari/nodevenv/reportbackend.sainikshetkari.org/20/lib/node_modules/path-to-regexp/dist/index.js:140:26)
    at process (/home/sainikshetkari/nodevenv/reportbackend.sainikshetkari.org/20/lib/node_modules/path-to-regexp/dist/index.js:263:56)
    at pathToRegexp (/home/sainikshetkari/nodevenv/reportbackend.sainikshetkari.org/20/lib/node_modules/path-to-regexp/dist/index.js:274:5)
    at Object.match (/home/sainikshetkari/nodevenv/reportbackend.sainikshetkari.org/20/lib/node_modules/path-to-regexp/dist/index.js:225:30)
    at matcher (/home/sainikshetkari/nodevenv/reportbackend.sainikshetkari.org/20/lib/node_modules/router/lib/layer.js:86:23)
    at new Layer (/home/sainikshetkari/nodevenv/reportbackend.sainikshetkari.org/20/lib/node_modules/router/lib/layer.js:93:62)
    at Function.route (/home/sainikshetkari/nodevenv/reportbackend.sainikshetkari.org/20/lib/node_modules/router/index.js:428:17)
    at Function.route (/home/sainikshetkari/nodevenv/reportbackend.sainikshetkari.org/20/lib/node_modules/express/lib/application.js:257:22)
    at app.<computed> [as options] (/home/sainikshetkari/nodevenv/reportbackend.sainikshetkari.org/20/lib/node_modules/express/lib/application.js:478:22) {
  originalPath: '*'
}

Node.js v20.20.2
/home/sainikshetkari/nodevenv/reportbackend.sainikshetkari.org/20/lib/node_modules/path-to-regexp/dist/index.js:108
                    throw new PathError(`Missing parameter name at index ${index}`, str);
                    ^

PathError [TypeError]: Missing parameter name at index 1: *; visit https://git.new/pathToRegexpError for info
    at consumeUntil (/home/sainikshetkari/nodevenv/reportbackend.sainikshetkari.org/20/lib/node_modules/path-to-regexp/dist/index.js:108:27)
    at parse (/home/sainikshetkari/nodevenv/reportbackend.sainikshetkari.org/20/lib/node_modules/path-to-regexp/dist/index.js:140:26)
    at process (/home/sainikshetkari/nodevenv/reportbackend.sainikshetkari.org/20/lib/node_modules/path-to-regexp/dist/index.js:263:56)
    at pathToRegexp (/home/sainikshetkari/nodevenv/reportbackend.sainikshetkari.org/20/lib/node_modules/path-to-regexp/dist/index.js:274:5)
    at Object.match (/home/sainikshetkari/nodevenv/reportbackend.sainikshetkari.org/20/lib/node_modules/path-to-regexp/dist/index.js:225:30)
    at matcher (/home/sainikshetkari/nodevenv/reportbackend.sainikshetkari.org/20/lib/node_modules/router/lib/layer.js:86:23)
    at new Layer (/home/sainikshetkari/nodevenv/reportbackend.sainikshetkari.org/20/lib/node_modules/router/lib/layer.js:93:62)
    at Function.route (/home/sainikshetkari/nodevenv/reportbackend.sainikshetkari.org/20/lib/node_modules/router/index.js:428:17)
    at Function.route (/home/sainikshetkari/nodevenv/reportbackend.sainikshetkari.org/20/lib/node_modules/express/lib/application.js:257:22)
    at app.<computed> [as options] (/home/sainikshetkari/nodevenv/reportbackend.sainikshetkari.org/20/lib/node_modules/express/lib/application.js:478:22) {
  originalPath: '*'
}

Node.js v20.20.2
/home/sainikshetkari/nodevenv/reportbackend.sainikshetkari.org/20/lib/node_modules/path-to-regexp/dist/index.js:108
                    throw new PathError(`Missing parameter name at index ${index}`, str);
                    ^

PathError [TypeError]: Missing parameter name at index 1: *; visit https://git.new/pathToRegexpError for info
    at consumeUntil (/home/sainikshetkari/nodevenv/reportbackend.sainikshetkari.org/20/lib/node_modules/path-to-regexp/dist/index.js:108:27)
    at parse (/home/sainikshetkari/nodevenv/reportbackend.sainikshetkari.org/20/lib/node_modules/path-to-regexp/dist/index.js:140:26)
    at process (/home/sainikshetkari/nodevenv/reportbackend.sainikshetkari.org/20/lib/node_modules/path-to-regexp/dist/index.js:263:56)
    at pathToRegexp (/home/sainikshetkari/nodevenv/reportbackend.sainikshetkari.org/20/lib/node_modules/path-to-regexp/dist/index.js:274:5)
    at Object.match (/home/sainikshetkari/nodevenv/reportbackend.sainikshetkari.org/20/lib/node_modules/path-to-regexp/dist/index.js:225:30)
    at matcher (/home/sainikshetkari/nodevenv/reportbackend.sainikshetkari.org/20/lib/node_modules/router/lib/layer.js:86:23)
    at new Layer (/home/sainikshetkari/nodevenv/reportbackend.sainikshetkari.org/20/lib/node_modules/router/lib/layer.js:93:62)
    at Function.route (/home/sainikshetkari/nodevenv/reportbackend.sainikshetkari.org/20/lib/node_modules/router/index.js:428:17)
    at Function.route (/home/sainikshetkari/nodevenv/reportbackend.sainikshetkari.org/20/lib/node_modules/express/lib/application.js:257:22)
    at app.<computed> [as options] (/home/sainikshetkari/nodevenv/reportbackend.sainikshetkari.org/20/lib/node_modules/express/lib/application.js:478:22) {
  originalPath: '*'
}

Node.js v20.20.2
/home/sainikshetkari/nodevenv/reportbackend.sainikshetkari.org/20/lib/node_modules/path-to-regexp/dist/index.js:108
                    throw new PathError(`Missing parameter name at index ${index}`, str);
                    ^

PathError [TypeError]: Missing parameter name at index 1: *; visit https://git.new/pathToRegexpError for info
    at consumeUntil (/home/sainikshetkari/nodevenv/reportbackend.sainikshetkari.org/20/lib/node_modules/path-to-regexp/dist/index.js:108:27)
    at parse (/home/sainikshetkari/nodevenv/reportbackend.sainikshetkari.org/20/lib/node_modules/path-to-regexp/dist/index.js:140:26)
    at process (/home/sainikshetkari/nodevenv/reportbackend.sainikshetkari.org/20/lib/node_modules/path-to-regexp/dist/index.js:263:56)
    at pathToRegexp (/home/sainikshetkari/nodevenv/reportbackend.sainikshetkari.org/20/lib/node_modules/path-to-regexp/dist/index.js:274:5)
    at Object.match (/home/sainikshetkari/nodevenv/reportbackend.sainikshetkari.org/20/lib/node_modules/path-to-regexp/dist/index.js:225:30)
    at matcher (/home/sainikshetkari/nodevenv/reportbackend.sainikshetkari.org/20/lib/node_modules/router/lib/layer.js:86:23)
    at new Layer (/home/sainikshetkari/nodevenv/reportbackend.sainikshetkari.org/20/lib/node_modules/router/lib/layer.js:93:62)
    at Function.route (/home/sainikshetkari/nodevenv/reportbackend.sainikshetkari.org/20/lib/node_modules/router/index.js:428:17)
    at Function.route (/home/sainikshetkari/nodevenv/reportbackend.sainikshetkari.org/20/lib/node_modules/express/lib/application.js:257:22)
    at app.<computed> [as options] (/home/sainikshetkari/nodevenv/reportbackend.sainikshetkari.org/20/lib/node_modules/express/lib/application.js:478:22) {
  originalPath: '*'
}

Node.js v20.20.2
/home/sainikshetkari/nodevenv/reportbackend.sainikshetkari.org/20/lib/node_modules/path-to-regexp/dist/index.js:108
                    throw new PathError(`Missing parameter name at index ${index}`, str);
                    ^

PathError [TypeError]: Missing parameter name at index 1: *; visit https://git.new/pathToRegexpError for info
    at consumeUntil (/home/sainikshetkari/nodevenv/reportbackend.sainikshetkari.org/20/lib/node_modules/path-to-regexp/dist/index.js:108:27)
    at parse (/home/sainikshetkari/nodevenv/reportbackend.sainikshetkari.org/20/lib/node_modules/path-to-regexp/dist/index.js:140:26)
    at process (/home/sainikshetkari/nodevenv/reportbackend.sainikshetkari.org/20/lib/node_modules/path-to-regexp/dist/index.js:263:56)
    at pathToRegexp (/home/sainikshetkari/nodevenv/reportbackend.sainikshetkari.org/20/lib/node_modules/path-to-regexp/dist/index.js:274:5)
    at Object.match (/home/sainikshetkari/nodevenv/reportbackend.sainikshetkari.org/20/lib/node_modules/path-to-regexp/dist/index.js:225:30)
    at matcher (/home/sainikshetkari/nodevenv/reportbackend.sainikshetkari.org/20/lib/node_modules/router/lib/layer.js:86:23)
    at new Layer (/home/sainikshetkari/nodevenv/reportbackend.sainikshetkari.org/20/lib/node_modules/router/lib/layer.js:93:62)
    at Function.route (/home/sainikshetkari/nodevenv/reportbackend.sainikshetkari.org/20/lib/node_modules/router/index.js:428:17)
    at Function.route (/home/sainikshetkari/nodevenv/reportbackend.sainikshetkari.org/20/lib/node_modules/express/lib/application.js:257:22)
    at app.<computed> [as options] (/home/sainikshetkari/nodevenv/reportbackend.sainikshetkari.org/20/lib/node_modules/express/lib/application.js:478:22) {
  originalPath: '*'
}

Node.js v20.20.2
/home/sainikshetkari/nodevenv/reportbackend.sainikshetkari.org/20/lib/node_modules/path-to-regexp/dist/index.js:108
                    throw new PathError(`Missing parameter name at index ${index}`, str);
                    ^

PathError [TypeError]: Missing parameter name at index 1: *; visit https://git.new/pathToRegexpError for info
    at consumeUntil (/home/sainikshetkari/nodevenv/reportbackend.sainikshetkari.org/20/lib/node_modules/path-to-regexp/dist/index.js:108:27)
    at parse (/home/sainikshetkari/nodevenv/reportbackend.sainikshetkari.org/20/lib/node_modules/path-to-regexp/dist/index.js:140:26)
    at process (/home/sainikshetkari/nodevenv/reportbackend.sainikshetkari.org/20/lib/node_modules/path-to-regexp/dist/index.js:263:56)
    at pathToRegexp (/home/sainikshetkari/nodevenv/reportbackend.sainikshetkari.org/20/lib/node_modules/path-to-regexp/dist/index.js:274:5)
    at Object.match (/home/sainikshetkari/nodevenv/reportbackend.sainikshetkari.org/20/lib/node_modules/path-to-regexp/dist/index.js:225:30)
    at matcher (/home/sainikshetkari/nodevenv/reportbackend.sainikshetkari.org/20/lib/node_modules/router/lib/layer.js:86:23)
    at new Layer (/home/sainikshetkari/nodevenv/reportbackend.sainikshetkari.org/20/lib/node_modules/router/lib/layer.js:93:62)
    at Function.route (/home/sainikshetkari/nodevenv/reportbackend.sainikshetkari.org/20/lib/node_modules/router/index.js:428:17)
    at Function.route (/home/sainikshetkari/nodevenv/reportbackend.sainikshetkari.org/20/lib/node_modules/express/lib/application.js:257:22)
    at app.<computed> [as options] (/home/sainikshetkari/nodevenv/reportbackend.sainikshetkari.org/20/lib/node_modules/express/lib/application.js:478:22) {
  originalPath: '*'
}

Node.js v20.20.2
/home/sainikshetkari/nodevenv/reportbackend.sainikshetkari.org/20/lib/node_modules/path-to-regexp/dist/index.js:108
                    throw new PathError(`Missing parameter name at index ${index}`, str);
                    ^

PathError [TypeError]: Missing parameter name at index 1: *; visit https://git.new/pathToRegexpError for info
    at consumeUntil (/home/sainikshetkari/nodevenv/reportbackend.sainikshetkari.org/20/lib/node_modules/path-to-regexp/dist/index.js:108:27)
    at parse (/home/sainikshetkari/nodevenv/reportbackend.sainikshetkari.org/20/lib/node_modules/path-to-regexp/dist/index.js:140:26)
    at process (/home/sainikshetkari/nodevenv/reportbackend.sainikshetkari.org/20/lib/node_modules/path-to-regexp/dist/index.js:263:56)
    at pathToRegexp (/home/sainikshetkari/nodevenv/reportbackend.sainikshetkari.org/20/lib/node_modules/path-to-regexp/dist/index.js:274:5)
    at Object.match (/home/sainikshetkari/nodevenv/reportbackend.sainikshetkari.org/20/lib/node_modules/path-to-regexp/dist/index.js:225:30)
    at matcher (/home/sainikshetkari/nodevenv/reportbackend.sainikshetkari.org/20/lib/node_modules/router/lib/layer.js:86:23)
    at new Layer (/home/sainikshetkari/nodevenv/reportbackend.sainikshetkari.org/20/lib/node_modules/router/lib/layer.js:93:62)
    at Function.route (/home/sainikshetkari/nodevenv/reportbackend.sainikshetkari.org/20/lib/node_modules/router/index.js:428:17)
    at Function.route (/home/sainikshetkari/nodevenv/reportbackend.sainikshetkari.org/20/lib/node_modules/express/lib/application.js:257:22)
    at app.<computed> [as options] (/home/sainikshetkari/nodevenv/reportbackend.sainikshetkari.org/20/lib/node_modules/express/lib/application.js:478:22) {
  originalPath: '*'
}

Node.js v20.20.2
/home/sainikshetkari/nodevenv/reportbackend.sainikshetkari.org/20/lib/node_modules/path-to-regexp/dist/index.js:108
                    throw new PathError(`Missing parameter name at index ${index}`, str);
                    ^

PathError [TypeError]: Missing parameter name at index 1: *; visit https://git.new/pathToRegexpError for info
    at consumeUntil (/home/sainikshetkari/nodevenv/reportbackend.sainikshetkari.org/20/lib/node_modules/path-to-regexp/dist/index.js:108:27)
    at parse (/home/sainikshetkari/nodevenv/reportbackend.sainikshetkari.org/20/lib/node_modules/path-to-regexp/dist/index.js:140:26)
    at process (/home/sainikshetkari/nodevenv/reportbackend.sainikshetkari.org/20/lib/node_modules/path-to-regexp/dist/index.js:263:56)
    at pathToRegexp (/home/sainikshetkari/nodevenv/reportbackend.sainikshetkari.org/20/lib/node_modules/path-to-regexp/dist/index.js:274:5)
    at Object.match (/home/sainikshetkari/nodevenv/reportbackend.sainikshetkari.org/20/lib/node_modules/path-to-regexp/dist/index.js:225:30)
    at matcher (/home/sainikshetkari/nodevenv/reportbackend.sainikshetkari.org/20/lib/node_modules/router/lib/layer.js:86:23)
    at new Layer (/home/sainikshetkari/nodevenv/reportbackend.sainikshetkari.org/20/lib/node_modules/router/lib/layer.js:93:62)
    at Function.route (/home/sainikshetkari/nodevenv/reportbackend.sainikshetkari.org/20/lib/node_modules/router/index.js:428:17)
    at Function.route (/home/sainikshetkari/nodevenv/reportbackend.sainikshetkari.org/20/lib/node_modules/express/lib/application.js:257:22)
    at app.<computed> [as options] (/home/sainikshetkari/nodevenv/reportbackend.sainikshetkari.org/20/lib/node_modules/express/lib/application.js:478:22) {
  originalPath: '*'
}

Node.js v20.20.2
/home/sainikshetkari/nodevenv/reportbackend.sainikshetkari.org/20/lib/node_modules/path-to-regexp/dist/index.js:108
                    throw new PathError(`Missing parameter name at index ${index}`, str);
                    ^

PathError [TypeError]: Missing parameter name at index 1: *; visit https://git.new/pathToRegexpError for info
    at consumeUntil (/home/sainikshetkari/nodevenv/reportbackend.sainikshetkari.org/20/lib/node_modules/path-to-regexp/dist/index.js:108:27)
    at parse (/home/sainikshetkari/nodevenv/reportbackend.sainikshetkari.org/20/lib/node_modules/path-to-regexp/dist/index.js:140:26)
    at process (/home/sainikshetkari/nodevenv/reportbackend.sainikshetkari.org/20/lib/node_modules/path-to-regexp/dist/index.js:263:56)
    at pathToRegexp (/home/sainikshetkari/nodevenv/reportbackend.sainikshetkari.org/20/lib/node_modules/path-to-regexp/dist/index.js:274:5)
    at Object.match (/home/sainikshetkari/nodevenv/reportbackend.sainikshetkari.org/20/lib/node_modules/path-to-regexp/dist/index.js:225:30)
    at matcher (/home/sainikshetkari/nodevenv/reportbackend.sainikshetkari.org/20/lib/node_modules/router/lib/layer.js:86:23)
    at new Layer (/home/sainikshetkari/nodevenv/reportbackend.sainikshetkari.org/20/lib/node_modules/router/lib/layer.js:93:62)
    at Function.route (/home/sainikshetkari/nodevenv/reportbackend.sainikshetkari.org/20/lib/node_modules/router/index.js:428:17)
    at Function.route (/home/sainikshetkari/nodevenv/reportbackend.sainikshetkari.org/20/lib/node_modules/express/lib/application.js:257:22)
    at app.<computed> [as options] (/home/sainikshetkari/nodevenv/reportbackend.sainikshetkari.org/20/lib/node_modules/express/lib/application.js:478:22) {
  originalPath: '*'
}

Node.js v20.20.2
/home/sainikshetkari/nodevenv/reportbackend.sainikshetkari.org/20/lib/node_modules/path-to-regexp/dist/index.js:108
                    throw new PathError(`Missing parameter name at index ${index}`, str);
                    ^

PathError [TypeError]: Missing parameter name at index 1: *; visit https://git.new/pathToRegexpError for info
    at consumeUntil (/home/sainikshetkari/nodevenv/reportbackend.sainikshetkari.org/20/lib/node_modules/path-to-regexp/dist/index.js:108:27)
    at parse (/home/sainikshetkari/nodevenv/reportbackend.sainikshetkari.org/20/lib/node_modules/path-to-regexp/dist/index.js:140:26)
    at process (/home/sainikshetkari/nodevenv/reportbackend.sainikshetkari.org/20/lib/node_modules/path-to-regexp/dist/index.js:263:56)
    at pathToRegexp (/home/sainikshetkari/nodevenv/reportbackend.sainikshetkari.org/20/lib/node_modules/path-to-regexp/dist/index.js:274:5)
    at Object.match (/home/sainikshetkari/nodevenv/reportbackend.sainikshetkari.org/20/lib/node_modules/path-to-regexp/dist/index.js:225:30)
    at matcher (/home/sainikshetkari/nodevenv/reportbackend.sainikshetkari.org/20/lib/node_modules/router/lib/layer.js:86:23)
    at new Layer (/home/sainikshetkari/nodevenv/reportbackend.sainikshetkari.org/20/lib/node_modules/router/lib/layer.js:93:62)
    at Function.route (/home/sainikshetkari/nodevenv/reportbackend.sainikshetkari.org/20/lib/node_modules/router/index.js:428:17)
    at Function.route (/home/sainikshetkari/nodevenv/reportbackend.sainikshetkari.org/20/lib/node_modules/express/lib/application.js:257:22)
    at app.<computed> [as options] (/home/sainikshetkari/nodevenv/reportbackend.sainikshetkari.org/20/lib/node_modules/express/lib/application.js:478:22) {
  originalPath: '*'
}

Node.js v20.20.2
/home/sainikshetkari/nodevenv/reportbackend.sainikshetkari.org/20/lib/node_modules/path-to-regexp/dist/index.js:108
                    throw new PathError(`Missing parameter name at index ${index}`, str);
                    ^

PathError [TypeError]: Missing parameter name at index 1: *; visit https://git.new/pathToRegexpError for info
    at consumeUntil (/home/sainikshetkari/nodevenv/reportbackend.sainikshetkari.org/20/lib/node_modules/path-to-regexp/dist/index.js:108:27)
    at parse (/home/sainikshetkari/nodevenv/reportbackend.sainikshetkari.org/20/lib/node_modules/path-to-regexp/dist/index.js:140:26)
    at process (/home/sainikshetkari/nodevenv/reportbackend.sainikshetkari.org/20/lib/node_modules/path-to-regexp/dist/index.js:263:56)
    at pathToRegexp (/home/sainikshetkari/nodevenv/reportbackend.sainikshetkari.org/20/lib/node_modules/path-to-regexp/dist/index.js:274:5)
    at Object.match (/home/sainikshetkari/nodevenv/reportbackend.sainikshetkari.org/20/lib/node_modules/path-to-regexp/dist/index.js:225:30)
    at matcher (/home/sainikshetkari/nodevenv/reportbackend.sainikshetkari.org/20/lib/node_modules/router/lib/layer.js:86:23)
    at new Layer (/home/sainikshetkari/nodevenv/reportbackend.sainikshetkari.org/20/lib/node_modules/router/lib/layer.js:93:62)
    at Function.route (/home/sainikshetkari/nodevenv/reportbackend.sainikshetkari.org/20/lib/node_modules/router/index.js:428:17)
    at Function.route (/home/sainikshetkari/nodevenv/reportbackend.sainikshetkari.org/20/lib/node_modules/express/lib/application.js:257:22)
    at app.<computed> [as options] (/home/sainikshetkari/nodevenv/reportbackend.sainikshetkari.org/20/lib/node_modules/express/lib/application.js:478:22) {
  originalPath: '*'
}

Node.js v20.20.2
/home/sainikshetkari/nodevenv/reportbackend.sainikshetkari.org/20/lib/node_modules/path-to-regexp/dist/index.js:108
                    throw new PathError(`Missing parameter name at index ${index}`, str);
                    ^

PathError [TypeError]: Missing parameter name at index 1: *; visit https://git.new/pathToRegexpError for info
    at consumeUntil (/home/sainikshetkari/nodevenv/reportbackend.sainikshetkari.org/20/lib/node_modules/path-to-regexp/dist/index.js:108:27)
    at parse (/home/sainikshetkari/nodevenv/reportbackend.sainikshetkari.org/20/lib/node_modules/path-to-regexp/dist/index.js:140:26)
    at process (/home/sainikshetkari/nodevenv/reportbackend.sainikshetkari.org/20/lib/node_modules/path-to-regexp/dist/index.js:263:56)
    at pathToRegexp (/home/sainikshetkari/nodevenv/reportbackend.sainikshetkari.org/20/lib/node_modules/path-to-regexp/dist/index.js:274:5)
    at Object.match (/home/sainikshetkari/nodevenv/reportbackend.sainikshetkari.org/20/lib/node_modules/path-to-regexp/dist/index.js:225:30)
    at matcher (/home/sainikshetkari/nodevenv/reportbackend.sainikshetkari.org/20/lib/node_modules/router/lib/layer.js:86:23)
    at new Layer (/home/sainikshetkari/nodevenv/reportbackend.sainikshetkari.org/20/lib/node_modules/router/lib/layer.js:93:62)
    at Function.route (/home/sainikshetkari/nodevenv/reportbackend.sainikshetkari.org/20/lib/node_modules/router/index.js:428:17)
    at Function.route (/home/sainikshetkari/nodevenv/reportbackend.sainikshetkari.org/20/lib/node_modules/express/lib/application.js:257:22)
    at app.<computed> [as options] (/home/sainikshetkari/nodevenv/reportbackend.sainikshetkari.org/20/lib/node_modules/express/lib/application.js:478:22) {
  originalPath: '*'
}

Node.js v20.20.2
/home/sainikshetkari/nodevenv/reportbackend.sainikshetkari.org/20/lib/node_modules/path-to-regexp/dist/index.js:108
                    throw new PathError(`Missing parameter name at index ${index}`, str);
                    ^

PathError [TypeError]: Missing parameter name at index 1: *; visit https://git.new/pathToRegexpError for info
    at consumeUntil (/home/sainikshetkari/nodevenv/reportbackend.sainikshetkari.org/20/lib/node_modules/path-to-regexp/dist/index.js:108:27)
    at parse (/home/sainikshetkari/nodevenv/reportbackend.sainikshetkari.org/20/lib/node_modules/path-to-regexp/dist/index.js:140:26)
    at process (/home/sainikshetkari/nodevenv/reportbackend.sainikshetkari.org/20/lib/node_modules/path-to-regexp/dist/index.js:263:56)
    at pathToRegexp (/home/sainikshetkari/nodevenv/reportbackend.sainikshetkari.org/20/lib/node_modules/path-to-regexp/dist/index.js:274:5)
    at Object.match (/home/sainikshetkari/nodevenv/reportbackend.sainikshetkari.org/20/lib/node_modules/path-to-regexp/dist/index.js:225:30)
    at matcher (/home/sainikshetkari/nodevenv/reportbackend.sainikshetkari.org/20/lib/node_modules/router/lib/layer.js:86:23)
    at new Layer (/home/sainikshetkari/nodevenv/reportbackend.sainikshetkari.org/20/lib/node_modules/router/lib/layer.js:93:62)
    at Function.route (/home/sainikshetkari/nodevenv/reportbackend.sainikshetkari.org/20/lib/node_modules/router/index.js:428:17)
    at Function.route (/home/sainikshetkari/nodevenv/reportbackend.sainikshetkari.org/20/lib/node_modules/express/lib/application.js:257:22)
    at app.<computed> [as options] (/home/sainikshetkari/nodevenv/reportbackend.sainikshetkari.org/20/lib/node_modules/express/lib/application.js:478:22) {
  originalPath: '*'
}

Node.js v20.20.2
/home/sainikshetkari/nodevenv/reportbackend.sainikshetkari.org/20/lib/node_modules/path-to-regexp/dist/index.js:108
                    throw new PathError(`Missing parameter name at index ${index}`, str);
                    ^

PathError [TypeError]: Missing parameter name at index 1: *; visit https://git.new/pathToRegexpError for info
    at consumeUntil (/home/sainikshetkari/nodevenv/reportbackend.sainikshetkari.org/20/lib/node_modules/path-to-regexp/dist/index.js:108:27)
    at parse (/home/sainikshetkari/nodevenv/reportbackend.sainikshetkari.org/20/lib/node_modules/path-to-regexp/dist/index.js:140:26)
    at process (/home/sainikshetkari/nodevenv/reportbackend.sainikshetkari.org/20/lib/node_modules/path-to-regexp/dist/index.js:263:56)
    at pathToRegexp (/home/sainikshetkari/nodevenv/reportbackend.sainikshetkari.org/20/lib/node_modules/path-to-regexp/dist/index.js:274:5)
    at Object.match (/home/sainikshetkari/nodevenv/reportbackend.sainikshetkari.org/20/lib/node_modules/path-to-regexp/dist/index.js:225:30)
    at matcher (/home/sainikshetkari/nodevenv/reportbackend.sainikshetkari.org/20/lib/node_modules/router/lib/layer.js:86:23)
    at new Layer (/home/sainikshetkari/nodevenv/reportbackend.sainikshetkari.org/20/lib/node_modules/router/lib/layer.js:93:62)
    at Function.route (/home/sainikshetkari/nodevenv/reportbackend.sainikshetkari.org/20/lib/node_modules/router/index.js:428:17)
    at Function.route (/home/sainikshetkari/nodevenv/reportbackend.sainikshetkari.org/20/lib/node_modules/express/lib/application.js:257:22)
    at app.<computed> [as options] (/home/sainikshetkari/nodevenv/reportbackend.sainikshetkari.org/20/lib/node_modules/express/lib/application.js:478:22) {
  originalPath: '*'
}

Node.js v20.20.2
/home/sainikshetkari/nodevenv/reportbackend.sainikshetkari.org/20/lib/node_modules/path-to-regexp/dist/index.js:108
                    throw new PathError(`Missing parameter name at index ${index}`, str);
                    ^

PathError [TypeError]: Missing parameter name at index 1: *; visit https://git.new/pathToRegexpError for info
    at consumeUntil (/home/sainikshetkari/nodevenv/reportbackend.sainikshetkari.org/20/lib/node_modules/path-to-regexp/dist/index.js:108:27)
    at parse (/home/sainikshetkari/nodevenv/reportbackend.sainikshetkari.org/20/lib/node_modules/path-to-regexp/dist/index.js:140:26)
    at process (/home/sainikshetkari/nodevenv/reportbackend.sainikshetkari.org/20/lib/node_modules/path-to-regexp/dist/index.js:263:56)
    at pathToRegexp (/home/sainikshetkari/nodevenv/reportbackend.sainikshetkari.org/20/lib/node_modules/path-to-regexp/dist/index.js:274:5)
    at Object.match (/home/sainikshetkari/nodevenv/reportbackend.sainikshetkari.org/20/lib/node_modules/path-to-regexp/dist/index.js:225:30)
    at matcher (/home/sainikshetkari/nodevenv/reportbackend.sainikshetkari.org/20/lib/node_modules/router/lib/layer.js:86:23)
    at new Layer (/home/sainikshetkari/nodevenv/reportbackend.sainikshetkari.org/20/lib/node_modules/router/lib/layer.js:93:62)
    at Function.route (/home/sainikshetkari/nodevenv/reportbackend.sainikshetkari.org/20/lib/node_modules/router/index.js:428:17)
    at Function.route (/home/sainikshetkari/nodevenv/reportbackend.sainikshetkari.org/20/lib/node_modules/express/lib/application.js:257:22)
    at app.<computed> [as options] (/home/sainikshetkari/nodevenv/reportbackend.sainikshetkari.org/20/lib/node_modules/express/lib/application.js:478:22) {
  originalPath: '*'
}

Node.js v20.20.2
/home/sainikshetkari/nodevenv/reportbackend.sainikshetkari.org/20/lib/node_modules/path-to-regexp/dist/index.js:108
                    throw new PathError(`Missing parameter name at index ${index}`, str);
                    ^

PathError [TypeError]: Missing parameter name at index 1: *; visit https://git.new/pathToRegexpError for info
    at consumeUntil (/home/sainikshetkari/nodevenv/reportbackend.sainikshetkari.org/20/lib/node_modules/path-to-regexp/dist/index.js:108:27)
    at parse (/home/sainikshetkari/nodevenv/reportbackend.sainikshetkari.org/20/lib/node_modules/path-to-regexp/dist/index.js:140:26)
    at process (/home/sainikshetkari/nodevenv/reportbackend.sainikshetkari.org/20/lib/node_modules/path-to-regexp/dist/index.js:263:56)
    at pathToRegexp (/home/sainikshetkari/nodevenv/reportbackend.sainikshetkari.org/20/lib/node_modules/path-to-regexp/dist/index.js:274:5)
    at Object.match (/home/sainikshetkari/nodevenv/reportbackend.sainikshetkari.org/20/lib/node_modules/path-to-regexp/dist/index.js:225:30)
    at matcher (/home/sainikshetkari/nodevenv/reportbackend.sainikshetkari.org/20/lib/node_modules/router/lib/layer.js:86:23)
    at new Layer (/home/sainikshetkari/nodevenv/reportbackend.sainikshetkari.org/20/lib/node_modules/router/lib/layer.js:93:62)
    at Function.route (/home/sainikshetkari/nodevenv/reportbackend.sainikshetkari.org/20/lib/node_modules/router/index.js:428:17)
    at Function.route (/home/sainikshetkari/nodevenv/reportbackend.sainikshetkari.org/20/lib/node_modules/express/lib/application.js:257:22)
    at app.<computed> [as options] (/home/sainikshetkari/nodevenv/reportbackend.sainikshetkari.org/20/lib/node_modules/express/lib/application.js:478:22) {
  originalPath: '*'
}

Node.js v20.20.2
/home/sainikshetkari/nodevenv/reportbackend.sainikshetkari.org/20/lib/node_modules/path-to-regexp/dist/index.js:108
                    throw new PathError(`Missing parameter name at index ${index}`, str);
                    ^

PathError [TypeError]: Missing parameter name at index 1: *; visit https://git.new/pathToRegexpError for info
    at consumeUntil (/home/sainikshetkari/nodevenv/reportbackend.sainikshetkari.org/20/lib/node_modules/path-to-regexp/dist/index.js:108:27)
    at parse (/home/sainikshetkari/nodevenv/reportbackend.sainikshetkari.org/20/lib/node_modules/path-to-regexp/dist/index.js:140:26)
    at process (/home/sainikshetkari/nodevenv/reportbackend.sainikshetkari.org/20/lib/node_modules/path-to-regexp/dist/index.js:263:56)
    at pathToRegexp (/home/sainikshetkari/nodevenv/reportbackend.sainikshetkari.org/20/lib/node_modules/path-to-regexp/dist/index.js:274:5)
    at Object.match (/home/sainikshetkari/nodevenv/reportbackend.sainikshetkari.org/20/lib/node_modules/path-to-regexp/dist/index.js:225:30)
    at matcher (/home/sainikshetkari/nodevenv/reportbackend.sainikshetkari.org/20/lib/node_modules/router/lib/layer.js:86:23)
    at new Layer (/home/sainikshetkari/nodevenv/reportbackend.sainikshetkari.org/20/lib/node_modules/router/lib/layer.js:93:62)
    at Function.route (/home/sainikshetkari/nodevenv/reportbackend.sainikshetkari.org/20/lib/node_modules/router/index.js:428:17)
    at Function.route (/home/sainikshetkari/nodevenv/reportbackend.sainikshetkari.org/20/lib/node_modules/express/lib/application.js:257:22)
    at app.<computed> [as options] (/home/sainikshetkari/nodevenv/reportbackend.sainikshetkari.org/20/lib/node_modules/express/lib/application.js:478:22) {
  originalPath: '*'
}

Node.js v20.20.2
/home/sainikshetkari/nodevenv/reportbackend.sainikshetkari.org/20/lib/node_modules/path-to-regexp/dist/index.js:108
                    throw new PathError(`Missing parameter name at index ${index}`, str);
                    ^

PathError [TypeError]: Missing parameter name at index 1: *; visit https://git.new/pathToRegexpError for info
    at consumeUntil (/home/sainikshetkari/nodevenv/reportbackend.sainikshetkari.org/20/lib/node_modules/path-to-regexp/dist/index.js:108:27)
    at parse (/home/sainikshetkari/nodevenv/reportbackend.sainikshetkari.org/20/lib/node_modules/path-to-regexp/dist/index.js:140:26)
    at process (/home/sainikshetkari/nodevenv/reportbackend.sainikshetkari.org/20/lib/node_modules/path-to-regexp/dist/index.js:263:56)
    at pathToRegexp (/home/sainikshetkari/nodevenv/reportbackend.sainikshetkari.org/20/lib/node_modules/path-to-regexp/dist/index.js:274:5)
    at Object.match (/home/sainikshetkari/nodevenv/reportbackend.sainikshetkari.org/20/lib/node_modules/path-to-regexp/dist/index.js:225:30)
    at matcher (/home/sainikshetkari/nodevenv/reportbackend.sainikshetkari.org/20/lib/node_modules/router/lib/layer.js:86:23)
    at new Layer (/home/sainikshetkari/nodevenv/reportbackend.sainikshetkari.org/20/lib/node_modules/router/lib/layer.js:93:62)
    at Function.route (/home/sainikshetkari/nodevenv/reportbackend.sainikshetkari.org/20/lib/node_modules/router/index.js:428:17)
    at Function.route (/home/sainikshetkari/nodevenv/reportbackend.sainikshetkari.org/20/lib/node_modules/express/lib/application.js:257:22)
    at app.<computed> [as options] (/home/sainikshetkari/nodevenv/reportbackend.sainikshetkari.org/20/lib/node_modules/express/lib/application.js:478:22) {
  originalPath: '*'
}

Node.js v20.20.2
/home/sainikshetkari/nodevenv/reportbackend.sainikshetkari.org/20/lib/node_modules/path-to-regexp/dist/index.js:108
                    throw new PathError(`Missing parameter name at index ${index}`, str);
                    ^

PathError [TypeError]: Missing parameter name at index 1: *; visit https://git.new/pathToRegexpError for info
    at consumeUntil (/home/sainikshetkari/nodevenv/reportbackend.sainikshetkari.org/20/lib/node_modules/path-to-regexp/dist/index.js:108:27)
    at parse (/home/sainikshetkari/nodevenv/reportbackend.sainikshetkari.org/20/lib/node_modules/path-to-regexp/dist/index.js:140:26)
    at process (/home/sainikshetkari/nodevenv/reportbackend.sainikshetkari.org/20/lib/node_modules/path-to-regexp/dist/index.js:263:56)
    at pathToRegexp (/home/sainikshetkari/nodevenv/reportbackend.sainikshetkari.org/20/lib/node_modules/path-to-regexp/dist/index.js:274:5)
    at Object.match (/home/sainikshetkari/nodevenv/reportbackend.sainikshetkari.org/20/lib/node_modules/path-to-regexp/dist/index.js:225:30)
    at matcher (/home/sainikshetkari/nodevenv/reportbackend.sainikshetkari.org/20/lib/node_modules/router/lib/layer.js:86:23)
    at new Layer (/home/sainikshetkari/nodevenv/reportbackend.sainikshetkari.org/20/lib/node_modules/router/lib/layer.js:93:62)
    at Function.route (/home/sainikshetkari/nodevenv/reportbackend.sainikshetkari.org/20/lib/node_modules/router/index.js:428:17)
    at Function.route (/home/sainikshetkari/nodevenv/reportbackend.sainikshetkari.org/20/lib/node_modules/express/lib/application.js:257:22)
    at app.<computed> [as options] (/home/sainikshetkari/nodevenv/reportbackend.sainikshetkari.org/20/lib/node_modules/express/lib/application.js:478:22) {
  originalPath: '*'
}

Node.js v20.20.2
/home/sainikshetkari/nodevenv/reportbackend.sainikshetkari.org/20/lib/node_modules/path-to-regexp/dist/index.js:108
                    throw new PathError(`Missing parameter name at index ${index}`, str);
                    ^

PathError [TypeError]: Missing parameter name at index 1: *; visit https://git.new/pathToRegexpError for info
    at consumeUntil (/home/sainikshetkari/nodevenv/reportbackend.sainikshetkari.org/20/lib/node_modules/path-to-regexp/dist/index.js:108:27)
    at parse (/home/sainikshetkari/nodevenv/reportbackend.sainikshetkari.org/20/lib/node_modules/path-to-regexp/dist/index.js:140:26)
    at process (/home/sainikshetkari/nodevenv/reportbackend.sainikshetkari.org/20/lib/node_modules/path-to-regexp/dist/index.js:263:56)
    at pathToRegexp (/home/sainikshetkari/nodevenv/reportbackend.sainikshetkari.org/20/lib/node_modules/path-to-regexp/dist/index.js:274:5)
    at Object.match (/home/sainikshetkari/nodevenv/reportbackend.sainikshetkari.org/20/lib/node_modules/path-to-regexp/dist/index.js:225:30)
    at matcher (/home/sainikshetkari/nodevenv/reportbackend.sainikshetkari.org/20/lib/node_modules/router/lib/layer.js:86:23)
    at new Layer (/home/sainikshetkari/nodevenv/reportbackend.sainikshetkari.org/20/lib/node_modules/router/lib/layer.js:93:62)
    at Function.route (/home/sainikshetkari/nodevenv/reportbackend.sainikshetkari.org/20/lib/node_modules/router/index.js:428:17)
    at Function.route (/home/sainikshetkari/nodevenv/reportbackend.sainikshetkari.org/20/lib/node_modules/express/lib/application.js:257:22)
    at app.<computed> [as options] (/home/sainikshetkari/nodevenv/reportbackend.sainikshetkari.org/20/lib/node_modules/express/lib/application.js:478:22) {
  originalPath: '*'
}

Node.js v20.20.2
/home/sainikshetkari/nodevenv/reportbackend.sainikshetkari.org/20/lib/node_modules/path-to-regexp/dist/index.js:108
                    throw new PathError(`Missing parameter name at index ${index}`, str);
                    ^

PathError [TypeError]: Missing parameter name at index 1: *; visit https://git.new/pathToRegexpError for info
    at consumeUntil (/home/sainikshetkari/nodevenv/reportbackend.sainikshetkari.org/20/lib/node_modules/path-to-regexp/dist/index.js:108:27)
    at parse (/home/sainikshetkari/nodevenv/reportbackend.sainikshetkari.org/20/lib/node_modules/path-to-regexp/dist/index.js:140:26)
    at process (/home/sainikshetkari/nodevenv/reportbackend.sainikshetkari.org/20/lib/node_modules/path-to-regexp/dist/index.js:263:56)
    at pathToRegexp (/home/sainikshetkari/nodevenv/reportbackend.sainikshetkari.org/20/lib/node_modules/path-to-regexp/dist/index.js:274:5)
    at Object.match (/home/sainikshetkari/nodevenv/reportbackend.sainikshetkari.org/20/lib/node_modules/path-to-regexp/dist/index.js:225:30)
    at matcher (/home/sainikshetkari/nodevenv/reportbackend.sainikshetkari.org/20/lib/node_modules/router/lib/layer.js:86:23)
    at new Layer (/home/sainikshetkari/nodevenv/reportbackend.sainikshetkari.org/20/lib/node_modules/router/lib/layer.js:93:62)
    at Function.route (/home/sainikshetkari/nodevenv/reportbackend.sainikshetkari.org/20/lib/node_modules/router/index.js:428:17)
    at Function.route (/home/sainikshetkari/nodevenv/reportbackend.sainikshetkari.org/20/lib/node_modules/express/lib/application.js:257:22)
    at app.<computed> [as options] (/home/sainikshetkari/nodevenv/reportbackend.sainikshetkari.org/20/lib/node_modules/express/lib/application.js:478:22) {
  originalPath: '*'
}

Node.js v20.20.2
/home/sainikshetkari/nodevenv/reportbackend.sainikshetkari.org/20/lib/node_modules/path-to-regexp/dist/index.js:108
                    throw new PathError(`Missing parameter name at index ${index}`, str);
                    ^

PathError [TypeError]: Missing parameter name at index 1: *; visit https://git.new/pathToRegexpError for info
    at consumeUntil (/home/sainikshetkari/nodevenv/reportbackend.sainikshetkari.org/20/lib/node_modules/path-to-regexp/dist/index.js:108:27)
    at parse (/home/sainikshetkari/nodevenv/reportbackend.sainikshetkari.org/20/lib/node_modules/path-to-regexp/dist/index.js:140:26)
    at process (/home/sainikshetkari/nodevenv/reportbackend.sainikshetkari.org/20/lib/node_modules/path-to-regexp/dist/index.js:263:56)
    at pathToRegexp (/home/sainikshetkari/nodevenv/reportbackend.sainikshetkari.org/20/lib/node_modules/path-to-regexp/dist/index.js:274:5)
    at Object.match (/home/sainikshetkari/nodevenv/reportbackend.sainikshetkari.org/20/lib/node_modules/path-to-regexp/dist/index.js:225:30)
    at matcher (/home/sainikshetkari/nodevenv/reportbackend.sainikshetkari.org/20/lib/node_modules/router/lib/layer.js:86:23)
    at new Layer (/home/sainikshetkari/nodevenv/reportbackend.sainikshetkari.org/20/lib/node_modules/router/lib/layer.js:93:62)
    at Function.route (/home/sainikshetkari/nodevenv/reportbackend.sainikshetkari.org/20/lib/node_modules/router/index.js:428:17)
    at Function.route (/home/sainikshetkari/nodevenv/reportbackend.sainikshetkari.org/20/lib/node_modules/express/lib/application.js:257:22)
    at app.<computed> [as options] (/home/sainikshetkari/nodevenv/reportbackend.sainikshetkari.org/20/lib/node_modules/express/lib/application.js:478:22) {
  originalPath: '*'
}

Node.js v20.20.2
/home/sainikshetkari/nodevenv/reportbackend.sainikshetkari.org/20/lib/node_modules/path-to-regexp/dist/index.js:108
                    throw new PathError(`Missing parameter name at index ${index}`, str);
                    ^

PathError [TypeError]: Missing parameter name at index 1: *; visit https://git.new/pathToRegexpError for info
    at consumeUntil (/home/sainikshetkari/nodevenv/reportbackend.sainikshetkari.org/20/lib/node_modules/path-to-regexp/dist/index.js:108:27)
    at parse (/home/sainikshetkari/nodevenv/reportbackend.sainikshetkari.org/20/lib/node_modules/path-to-regexp/dist/index.js:140:26)
    at process (/home/sainikshetkari/nodevenv/reportbackend.sainikshetkari.org/20/lib/node_modules/path-to-regexp/dist/index.js:263:56)
    at pathToRegexp (/home/sainikshetkari/nodevenv/reportbackend.sainikshetkari.org/20/lib/node_modules/path-to-regexp/dist/index.js:274:5)
    at Object.match (/home/sainikshetkari/nodevenv/reportbackend.sainikshetkari.org/20/lib/node_modules/path-to-regexp/dist/index.js:225:30)
    at matcher (/home/sainikshetkari/nodevenv/reportbackend.sainikshetkari.org/20/lib/node_modules/router/lib/layer.js:86:23)
    at new Layer (/home/sainikshetkari/nodevenv/reportbackend.sainikshetkari.org/20/lib/node_modules/router/lib/layer.js:93:62)
    at Function.route (/home/sainikshetkari/nodevenv/reportbackend.sainikshetkari.org/20/lib/node_modules/router/index.js:428:17)
    at Function.route (/home/sainikshetkari/nodevenv/reportbackend.sainikshetkari.org/20/lib/node_modules/express/lib/application.js:257:22)
    at app.<computed> [as options] (/home/sainikshetkari/nodevenv/reportbackend.sainikshetkari.org/20/lib/node_modules/express/lib/application.js:478:22) {
  originalPath: '*'
}

Node.js v20.20.2
/home/sainikshetkari/nodevenv/reportbackend.sainikshetkari.org/20/lib/node_modules/path-to-regexp/dist/index.js:108
                    throw new PathError(`Missing parameter name at index ${index}`, str);
                    ^

PathError [TypeError]: Missing parameter name at index 1: *; visit https://git.new/pathToRegexpError for info
    at consumeUntil (/home/sainikshetkari/nodevenv/reportbackend.sainikshetkari.org/20/lib/node_modules/path-to-regexp/dist/index.js:108:27)
    at parse (/home/sainikshetkari/nodevenv/reportbackend.sainikshetkari.org/20/lib/node_modules/path-to-regexp/dist/index.js:140:26)
    at process (/home/sainikshetkari/nodevenv/reportbackend.sainikshetkari.org/20/lib/node_modules/path-to-regexp/dist/index.js:263:56)
    at pathToRegexp (/home/sainikshetkari/nodevenv/reportbackend.sainikshetkari.org/20/lib/node_modules/path-to-regexp/dist/index.js:274:5)
    at Object.match (/home/sainikshetkari/nodevenv/reportbackend.sainikshetkari.org/20/lib/node_modules/path-to-regexp/dist/index.js:225:30)
    at matcher (/home/sainikshetkari/nodevenv/reportbackend.sainikshetkari.org/20/lib/node_modules/router/lib/layer.js:86:23)
    at new Layer (/home/sainikshetkari/nodevenv/reportbackend.sainikshetkari.org/20/lib/node_modules/router/lib/layer.js:93:62)
    at Function.route (/home/sainikshetkari/nodevenv/reportbackend.sainikshetkari.org/20/lib/node_modules/router/index.js:428:17)
    at Function.route (/home/sainikshetkari/nodevenv/reportbackend.sainikshetkari.org/20/lib/node_modules/express/lib/application.js:257:22)
    at app.<computed> [as options] (/home/sainikshetkari/nodevenv/reportbackend.sainikshetkari.org/20/lib/node_modules/express/lib/application.js:478:22) {
  originalPath: '*'
}

Node.js v20.20.2
/home/sainikshetkari/nodevenv/reportbackend.sainikshetkari.org/20/lib/node_modules/path-to-regexp/dist/index.js:108
                    throw new PathError(`Missing parameter name at index ${index}`, str);
                    ^

PathError [TypeError]: Missing parameter name at index 1: *; visit https://git.new/pathToRegexpError for info
    at consumeUntil (/home/sainikshetkari/nodevenv/reportbackend.sainikshetkari.org/20/lib/node_modules/path-to-regexp/dist/index.js:108:27)
    at parse (/home/sainikshetkari/nodevenv/reportbackend.sainikshetkari.org/20/lib/node_modules/path-to-regexp/dist/index.js:140:26)
    at process (/home/sainikshetkari/nodevenv/reportbackend.sainikshetkari.org/20/lib/node_modules/path-to-regexp/dist/index.js:263:56)
    at pathToRegexp (/home/sainikshetkari/nodevenv/reportbackend.sainikshetkari.org/20/lib/node_modules/path-to-regexp/dist/index.js:274:5)
    at Object.match (/home/sainikshetkari/nodevenv/reportbackend.sainikshetkari.org/20/lib/node_modules/path-to-regexp/dist/index.js:225:30)
    at matcher (/home/sainikshetkari/nodevenv/reportbackend.sainikshetkari.org/20/lib/node_modules/router/lib/layer.js:86:23)
    at new Layer (/home/sainikshetkari/nodevenv/reportbackend.sainikshetkari.org/20/lib/node_modules/router/lib/layer.js:93:62)
    at Function.route (/home/sainikshetkari/nodevenv/reportbackend.sainikshetkari.org/20/lib/node_modules/router/index.js:428:17)
    at Function.route (/home/sainikshetkari/nodevenv/reportbackend.sainikshetkari.org/20/lib/node_modules/express/lib/application.js:257:22)
    at app.<computed> [as options] (/home/sainikshetkari/nodevenv/reportbackend.sainikshetkari.org/20/lib/node_modules/express/lib/application.js:478:22) {
  originalPath: '*'
}

Node.js v20.20.2
/home/sainikshetkari/nodevenv/reportbackend.sainikshetkari.org/20/lib/node_modules/path-to-regexp/dist/index.js:108
                    throw new PathError(`Missing parameter name at index ${index}`, str);
                    ^

PathError [TypeError]: Missing parameter name at index 1: *; visit https://git.new/pathToRegexpError for info
    at consumeUntil (/home/sainikshetkari/nodevenv/reportbackend.sainikshetkari.org/20/lib/node_modules/path-to-regexp/dist/index.js:108:27)
    at parse (/home/sainikshetkari/nodevenv/reportbackend.sainikshetkari.org/20/lib/node_modules/path-to-regexp/dist/index.js:140:26)
    at process (/home/sainikshetkari/nodevenv/reportbackend.sainikshetkari.org/20/lib/node_modules/path-to-regexp/dist/index.js:263:56)
    at pathToRegexp (/home/sainikshetkari/nodevenv/reportbackend.sainikshetkari.org/20/lib/node_modules/path-to-regexp/dist/index.js:274:5)
    at Object.match (/home/sainikshetkari/nodevenv/reportbackend.sainikshetkari.org/20/lib/node_modules/path-to-regexp/dist/index.js:225:30)
    at matcher (/home/sainikshetkari/nodevenv/reportbackend.sainikshetkari.org/20/lib/node_modules/router/lib/layer.js:86:23)
    at new Layer (/home/sainikshetkari/nodevenv/reportbackend.sainikshetkari.org/20/lib/node_modules/router/lib/layer.js:93:62)
    at Function.route (/home/sainikshetkari/nodevenv/reportbackend.sainikshetkari.org/20/lib/node_modules/router/index.js:428:17)
    at Function.route (/home/sainikshetkari/nodevenv/reportbackend.sainikshetkari.org/20/lib/node_modules/express/lib/application.js:257:22)
    at app.<computed> [as options] (/home/sainikshetkari/nodevenv/reportbackend.sainikshetkari.org/20/lib/node_modules/express/lib/application.js:478:22) {
  originalPath: '*'
}

Node.js v20.20.2
/home/sainikshetkari/nodevenv/reportbackend.sainikshetkari.org/20/lib/node_modules/path-to-regexp/dist/index.js:108
                    throw new PathError(`Missing parameter name at index ${index}`, str);
                    ^

PathError [TypeError]: Missing parameter name at index 1: *; visit https://git.new/pathToRegexpError for info
    at consumeUntil (/home/sainikshetkari/nodevenv/reportbackend.sainikshetkari.org/20/lib/node_modules/path-to-regexp/dist/index.js:108:27)
    at parse (/home/sainikshetkari/nodevenv/reportbackend.sainikshetkari.org/20/lib/node_modules/path-to-regexp/dist/index.js:140:26)
    at process (/home/sainikshetkari/nodevenv/reportbackend.sainikshetkari.org/20/lib/node_modules/path-to-regexp/dist/index.js:263:56)
    at pathToRegexp (/home/sainikshetkari/nodevenv/reportbackend.sainikshetkari.org/20/lib/node_modules/path-to-regexp/dist/index.js:274:5)
    at Object.match (/home/sainikshetkari/nodevenv/reportbackend.sainikshetkari.org/20/lib/node_modules/path-to-regexp/dist/index.js:225:30)
    at matcher (/home/sainikshetkari/nodevenv/reportbackend.sainikshetkari.org/20/lib/node_modules/router/lib/layer.js:86:23)
    at new Layer (/home/sainikshetkari/nodevenv/reportbackend.sainikshetkari.org/20/lib/node_modules/router/lib/layer.js:93:62)
    at Function.route (/home/sainikshetkari/nodevenv/reportbackend.sainikshetkari.org/20/lib/node_modules/router/index.js:428:17)
    at Function.route (/home/sainikshetkari/nodevenv/reportbackend.sainikshetkari.org/20/lib/node_modules/express/lib/application.js:257:22)
    at app.<computed> [as options] (/home/sainikshetkari/nodevenv/reportbackend.sainikshetkari.org/20/lib/node_modules/express/lib/application.js:478:22) {
  originalPath: '*'
}

Node.js v20.20.2
=================================
MYSQL DATABASE CONNECTION FAILED
Error: Access denied for user 'sainikshetkari_report_admin'@'localhost' to database 'sainikshetkari_reporting'
=================================
Database test failed: Access denied for user 'sainikshetkari_report_admin'@'localhost' to database 'sainikshetkari_reporting'
========================================
❌ SERVER STARTUP FAILED
Error: Access denied for user 'sainikshetkari_report_admin'@'localhost' to database 'sainikshetkari_reporting'
    at connectDatabase (/home/sainikshetkari/reportbackend.sainikshetkari.org/src/config/db.js:44:25)
    at testDatabaseConnection (/home/sainikshetkari/reportbackend.sainikshetkari.org/src/config/db.js:141:23)
    at startServer (/home/sainikshetkari/reportbackend.sainikshetkari.org/server.js:35:15)
    at Object.<anonymous> (/home/sainikshetkari/reportbackend.sainikshetkari.org/server.js:106:1)
    at Module._compile (node:internal/modules/cjs/loader:1521:14)
    at Module._extensions..js (node:internal/modules/cjs/loader:1623:10)
    at Module.load (node:internal/modules/cjs/loader:1266:32)
    at Module._load (node:internal/modules/cjs/loader:1091:12)
    at Module.require (node:internal/modules/cjs/loader:1289:19)
    at require (node:internal/modules/helpers:182:18) {
  code: 'ER_DBACCESS_DENIED_ERROR',
  errno: 1044,
  sqlState: '42000',
  sqlMessage: "Access denied for user 'sainikshetkari_report_admin'@'localhost' to database 'sainikshetkari_reporting'",
  sql: undefined
}
========================================
=================================
MYSQL DATABASE CONNECTION FAILED
Error: Access denied for user 'sainikshetkari_report_admin'@'localhost' to database 'sainikshetkari_reporting'
=================================
Database test failed: Access denied for user 'sainikshetkari_report_admin'@'localhost' to database 'sainikshetkari_reporting'
========================================
❌ SERVER STARTUP FAILED
Error: Access denied for user 'sainikshetkari_report_admin'@'localhost' to database 'sainikshetkari_reporting'
    at connectDatabase (/home/sainikshetkari/reportbackend.sainikshetkari.org/src/config/db.js:44:25)
    at testDatabaseConnection (/home/sainikshetkari/reportbackend.sainikshetkari.org/src/config/db.js:141:23)
    at startServer (/home/sainikshetkari/reportbackend.sainikshetkari.org/server.js:35:15)
    at Object.<anonymous> (/home/sainikshetkari/reportbackend.sainikshetkari.org/server.js:106:1)
    at Module._compile (node:internal/modules/cjs/loader:1521:14)
    at Module._extensions..js (node:internal/modules/cjs/loader:1623:10)
    at Module.load (node:internal/modules/cjs/loader:1266:32)
    at Module._load (node:internal/modules/cjs/loader:1091:12)
    at Module.require (node:internal/modules/cjs/loader:1289:19)
    at require (node:internal/modules/helpers:182:18) {
  code: 'ER_DBACCESS_DENIED_ERROR',
  errno: 1044,
  sqlState: '42000',
  sqlMessage: "Access denied for user 'sainikshetkari_report_admin'@'localhost' to database 'sainikshetkari_reporting'",
  sql: undefined
}
========================================
=================================
MYSQL DATABASE CONNECTION FAILED
Error: Access denied for user 'sainikshetkari_report_admin'@'localhost' to database 'sainikshetkari_reporting'
=================================
Database test failed: Access denied for user 'sainikshetkari_report_admin'@'localhost' to database 'sainikshetkari_reporting'
========================================
❌ SERVER STARTUP FAILED
Error: Access denied for user 'sainikshetkari_report_admin'@'localhost' to database 'sainikshetkari_reporting'
    at connectDatabase (/home/sainikshetkari/reportbackend.sainikshetkari.org/src/config/db.js:44:25)
    at testDatabaseConnection (/home/sainikshetkari/reportbackend.sainikshetkari.org/src/config/db.js:141:23)
    at startServer (/home/sainikshetkari/reportbackend.sainikshetkari.org/server.js:35:15)
    at Object.<anonymous> (/home/sainikshetkari/reportbackend.sainikshetkari.org/server.js:106:1)
    at Module._compile (node:internal/modules/cjs/loader:1521:14)
    at Module._extensions..js (node:internal/modules/cjs/loader:1623:10)
    at Module.load (node:internal/modules/cjs/loader:1266:32)
    at Module._load (node:internal/modules/cjs/loader:1091:12)
    at Module.require (node:internal/modules/cjs/loader:1289:19)
    at require (node:internal/modules/helpers:182:18) {
  code: 'ER_DBACCESS_DENIED_ERROR',
  errno: 1044,
  sqlState: '42000',
  sqlMessage: "Access denied for user 'sainikshetkari_report_admin'@'localhost' to database 'sainikshetkari_reporting'",
  sql: undefined
}
========================================
=================================
MYSQL DATABASE CONNECTION FAILED
Error: Access denied for user 'sainikshetkari_report_admin'@'localhost' to database 'sainikshetkari_reporting'
=================================
Database test failed: Access denied for user 'sainikshetkari_report_admin'@'localhost' to database 'sainikshetkari_reporting'
========================================
❌ SERVER STARTUP FAILED
Error: Access denied for user 'sainikshetkari_report_admin'@'localhost' to database 'sainikshetkari_reporting'
    at connectDatabase (/home/sainikshetkari/reportbackend.sainikshetkari.org/src/config/db.js:44:25)
    at testDatabaseConnection (/home/sainikshetkari/reportbackend.sainikshetkari.org/src/config/db.js:141:23)
    at startServer (/home/sainikshetkari/reportbackend.sainikshetkari.org/server.js:35:15)
    at Object.<anonymous> (/home/sainikshetkari/reportbackend.sainikshetkari.org/server.js:106:1)
    at Module._compile (node:internal/modules/cjs/loader:1521:14)
    at Module._extensions..js (node:internal/modules/cjs/loader:1623:10)
    at Module.load (node:internal/modules/cjs/loader:1266:32)
    at Module._load (node:internal/modules/cjs/loader:1091:12)
    at Module.require (node:internal/modules/cjs/loader:1289:19)
    at require (node:internal/modules/helpers:182:18) {
  code: 'ER_DBACCESS_DENIED_ERROR',
  errno: 1044,
  sqlState: '42000',
  sqlMessage: "Access denied for user 'sainikshetkari_report_admin'@'localhost' to database 'sainikshetkari_reporting'",
  sql: undefined
}
========================================
=================================
MYSQL DATABASE CONNECTION FAILED
Error: Access denied for user 'sainikshetkari_report_admin'@'localhost' to database 'sainikshetkari_reporting'
=================================
Database test failed: Access denied for user 'sainikshetkari_report_admin'@'localhost' to database 'sainikshetkari_reporting'
========================================
❌ SERVER STARTUP FAILED
Error: Access denied for user 'sainikshetkari_report_admin'@'localhost' to database 'sainikshetkari_reporting'
    at connectDatabase (/home/sainikshetkari/reportbackend.sainikshetkari.org/src/config/db.js:44:25)
    at testDatabaseConnection (/home/sainikshetkari/reportbackend.sainikshetkari.org/src/config/db.js:141:23)
    at startServer (/home/sainikshetkari/reportbackend.sainikshetkari.org/server.js:35:15)
    at Object.<anonymous> (/home/sainikshetkari/reportbackend.sainikshetkari.org/server.js:106:1)
    at Module._compile (node:internal/modules/cjs/loader:1521:14)
    at Module._extensions..js (node:internal/modules/cjs/loader:1623:10)
    at Module.load (node:internal/modules/cjs/loader:1266:32)
    at Module._load (node:internal/modules/cjs/loader:1091:12)
    at Module.require (node:internal/modules/cjs/loader:1289:19)
    at require (node:internal/modules/helpers:182:18) {
  code: 'ER_DBACCESS_DENIED_ERROR',
  errno: 1044,
  sqlState: '42000',
  sqlMessage: "Access denied for user 'sainikshetkari_report_admin'@'localhost' to database 'sainikshetkari_reporting'",
  sql: undefined
}
========================================
=================================
MYSQL DATABASE CONNECTION FAILED
Error: Access denied for user 'sainikshetkari_report_admin'@'localhost' to database 'sainikshetkari_reporting'
=================================
Database test failed: Access denied for user 'sainikshetkari_report_admin'@'localhost' to database 'sainikshetkari_reporting'
========================================
❌ SERVER STARTUP FAILED
Error: Access denied for user 'sainikshetkari_report_admin'@'localhost' to database 'sainikshetkari_reporting'
    at connectDatabase (/home/sainikshetkari/reportbackend.sainikshetkari.org/src/config/db.js:44:25)
    at testDatabaseConnection (/home/sainikshetkari/reportbackend.sainikshetkari.org/src/config/db.js:141:23)
    at startServer (/home/sainikshetkari/reportbackend.sainikshetkari.org/server.js:35:15)
    at Object.<anonymous> (/home/sainikshetkari/reportbackend.sainikshetkari.org/server.js:106:1)
    at Module._compile (node:internal/modules/cjs/loader:1521:14)
    at Module._extensions..js (node:internal/modules/cjs/loader:1623:10)
    at Module.load (node:internal/modules/cjs/loader:1266:32)
    at Module._load (node:internal/modules/cjs/loader:1091:12)
    at Module.require (node:internal/modules/cjs/loader:1289:19)
    at require (node:internal/modules/helpers:182:18) {
  code: 'ER_DBACCESS_DENIED_ERROR',
  errno: 1044,
  sqlState: '42000',
  sqlMessage: "Access denied for user 'sainikshetkari_report_admin'@'localhost' to database 'sainikshetkari_reporting'",
  sql: undefined
}
========================================
=================================
MYSQL DATABASE CONNECTION FAILED
Error: Access denied for user 'sainikshetkari_report_admin'@'localhost' to database 'sainikshetkari_reporting'
=================================
Database test failed: Access denied for user 'sainikshetkari_report_admin'@'localhost' to database 'sainikshetkari_reporting'
========================================
❌ SERVER STARTUP FAILED
Error: Access denied for user 'sainikshetkari_report_admin'@'localhost' to database 'sainikshetkari_reporting'
    at connectDatabase (/home/sainikshetkari/reportbackend.sainikshetkari.org/src/config/db.js:44:25)
    at testDatabaseConnection (/home/sainikshetkari/reportbackend.sainikshetkari.org/src/config/db.js:141:23)
    at startServer (/home/sainikshetkari/reportbackend.sainikshetkari.org/server.js:35:15)
    at Object.<anonymous> (/home/sainikshetkari/reportbackend.sainikshetkari.org/server.js:106:1)
    at Module._compile (node:internal/modules/cjs/loader:1521:14)
    at Module._extensions..js (node:internal/modules/cjs/loader:1623:10)
    at Module.load (node:internal/modules/cjs/loader:1266:32)
    at Module._load (node:internal/modules/cjs/loader:1091:12)
    at Module.require (node:internal/modules/cjs/loader:1289:19)
    at require (node:internal/modules/helpers:182:18) {
  code: 'ER_DBACCESS_DENIED_ERROR',
  errno: 1044,
  sqlState: '42000',
  sqlMessage: "Access denied for user 'sainikshetkari_report_admin'@'localhost' to database 'sainikshetkari_reporting'",
  sql: undefined
}
========================================
=================================
MYSQL DATABASE CONNECTION FAILED
Error: Access denied for user 'sainikshetkari_report_admin'@'localhost' to database 'sainikshetkari_reporting'
=================================
Database test failed: Access denied for user 'sainikshetkari_report_admin'@'localhost' to database 'sainikshetkari_reporting'
========================================
❌ SERVER STARTUP FAILED
Error: Access denied for user 'sainikshetkari_report_admin'@'localhost' to database 'sainikshetkari_reporting'
    at connectDatabase (/home/sainikshetkari/reportbackend.sainikshetkari.org/src/config/db.js:44:25)
    at testDatabaseConnection (/home/sainikshetkari/reportbackend.sainikshetkari.org/src/config/db.js:141:23)
    at startServer (/home/sainikshetkari/reportbackend.sainikshetkari.org/server.js:35:15)
    at Object.<anonymous> (/home/sainikshetkari/reportbackend.sainikshetkari.org/server.js:106:1)
    at Module._compile (node:internal/modules/cjs/loader:1521:14)
    at Module._extensions..js (node:internal/modules/cjs/loader:1623:10)
    at Module.load (node:internal/modules/cjs/loader:1266:32)
    at Module._load (node:internal/modules/cjs/loader:1091:12)
    at Module.require (node:internal/modules/cjs/loader:1289:19)
    at require (node:internal/modules/helpers:182:18) {
  code: 'ER_DBACCESS_DENIED_ERROR',
  errno: 1044,
  sqlState: '42000',
  sqlMessage: "Access denied for user 'sainikshetkari_report_admin'@'localhost' to database 'sainikshetkari_reporting'",
  sql: undefined
}
========================================
=================================
MYSQL DATABASE CONNECTION FAILED
Error: Access denied for user 'sainikshetkari_report_admin'@'localhost' to database 'sainikshetkari_reporting'
=================================
Database test failed: Access denied for user 'sainikshetkari_report_admin'@'localhost' to database 'sainikshetkari_reporting'
========================================
❌ SERVER STARTUP FAILED
Error: Access denied for user 'sainikshetkari_report_admin'@'localhost' to database 'sainikshetkari_reporting'
    at connectDatabase (/home/sainikshetkari/reportbackend.sainikshetkari.org/src/config/db.js:44:25)
    at testDatabaseConnection (/home/sainikshetkari/reportbackend.sainikshetkari.org/src/config/db.js:141:23)
    at startServer (/home/sainikshetkari/reportbackend.sainikshetkari.org/server.js:35:15)
    at Object.<anonymous> (/home/sainikshetkari/reportbackend.sainikshetkari.org/server.js:106:1)
    at Module._compile (node:internal/modules/cjs/loader:1521:14)
    at Module._extensions..js (node:internal/modules/cjs/loader:1623:10)
    at Module.load (node:internal/modules/cjs/loader:1266:32)
    at Module._load (node:internal/modules/cjs/loader:1091:12)
    at Module.require (node:internal/modules/cjs/loader:1289:19)
    at require (node:internal/modules/helpers:182:18) {
  code: 'ER_DBACCESS_DENIED_ERROR',
  errno: 1044,
  sqlState: '42000',
  sqlMessage: "Access denied for user 'sainikshetkari_report_admin'@'localhost' to database 'sainikshetkari_reporting'",
  sql: undefined
}
========================================
=================================
MYSQL DATABASE CONNECTION FAILED
Error: Access denied for user 'sainikshetkari_report_admin'@'localhost' to database 'sainikshetkari_reporting'
=================================
Database test failed: Access denied for user 'sainikshetkari_report_admin'@'localhost' to database 'sainikshetkari_reporting'
========================================
❌ SERVER STARTUP FAILED
Error: Access denied for user 'sainikshetkari_report_admin'@'localhost' to database 'sainikshetkari_reporting'
    at connectDatabase (/home/sainikshetkari/reportbackend.sainikshetkari.org/src/config/db.js:44:25)
    at testDatabaseConnection (/home/sainikshetkari/reportbackend.sainikshetkari.org/src/config/db.js:141:23)
    at startServer (/home/sainikshetkari/reportbackend.sainikshetkari.org/server.js:35:15)
    at Object.<anonymous> (/home/sainikshetkari/reportbackend.sainikshetkari.org/server.js:106:1)
    at Module._compile (node:internal/modules/cjs/loader:1521:14)
    at Module._extensions..js (node:internal/modules/cjs/loader:1623:10)
    at Module.load (node:internal/modules/cjs/loader:1266:32)
    at Module._load (node:internal/modules/cjs/loader:1091:12)
    at Module.require (node:internal/modules/cjs/loader:1289:19)
    at require (node:internal/modules/helpers:182:18) {
  code: 'ER_DBACCESS_DENIED_ERROR',
  errno: 1044,
  sqlState: '42000',
  sqlMessage: "Access denied for user 'sainikshetkari_report_admin'@'localhost' to database 'sainikshetkari_reporting'",
  sql: undefined
}
========================================
=================================
MYSQL DATABASE CONNECTION FAILED
Error: Access denied for user 'sainikshetkari_report_admin'@'localhost' to database 'sainikshetkari_reporting'
=================================
Database test failed: Access denied for user 'sainikshetkari_report_admin'@'localhost' to database 'sainikshetkari_reporting'
========================================
❌ SERVER STARTUP FAILED
Error: Access denied for user 'sainikshetkari_report_admin'@'localhost' to database 'sainikshetkari_reporting'
    at connectDatabase (/home/sainikshetkari/reportbackend.sainikshetkari.org/src/config/db.js:44:25)
    at testDatabaseConnection (/home/sainikshetkari/reportbackend.sainikshetkari.org/src/config/db.js:141:23)
    at startServer (/home/sainikshetkari/reportbackend.sainikshetkari.org/server.js:35:15)
    at Object.<anonymous> (/home/sainikshetkari/reportbackend.sainikshetkari.org/server.js:106:1)
    at Module._compile (node:internal/modules/cjs/loader:1521:14)
    at Module._extensions..js (node:internal/modules/cjs/loader:1623:10)
    at Module.load (node:internal/modules/cjs/loader:1266:32)
    at Module._load (node:internal/modules/cjs/loader:1091:12)
    at Module.require (node:internal/modules/cjs/loader:1289:19)
    at require (node:internal/modules/helpers:182:18) {
  code: 'ER_DBACCESS_DENIED_ERROR',
  errno: 1044,
  sqlState: '42000',
  sqlMessage: "Access denied for user 'sainikshetkari_report_admin'@'localhost' to database 'sainikshetkari_reporting'",
  sql: undefined
}
========================================
=================================
MYSQL DATABASE CONNECTION FAILED
Error: Access denied for user 'sainikshetkari_report_admin'@'localhost' to database 'sainikshetkari_reporting'
=================================
Database test failed: Access denied for user 'sainikshetkari_report_admin'@'localhost' to database 'sainikshetkari_reporting'
========================================
❌ SERVER STARTUP FAILED
Error: Access denied for user 'sainikshetkari_report_admin'@'localhost' to database 'sainikshetkari_reporting'
    at connectDatabase (/home/sainikshetkari/reportbackend.sainikshetkari.org/src/config/db.js:44:25)
    at testDatabaseConnection (/home/sainikshetkari/reportbackend.sainikshetkari.org/src/config/db.js:141:23)
    at startServer (/home/sainikshetkari/reportbackend.sainikshetkari.org/server.js:35:15)
    at Object.<anonymous> (/home/sainikshetkari/reportbackend.sainikshetkari.org/server.js:106:1)
    at Module._compile (node:internal/modules/cjs/loader:1521:14)
    at Module._extensions..js (node:internal/modules/cjs/loader:1623:10)
    at Module.load (node:internal/modules/cjs/loader:1266:32)
    at Module._load (node:internal/modules/cjs/loader:1091:12)
    at Module.require (node:internal/modules/cjs/loader:1289:19)
    at require (node:internal/modules/helpers:182:18) {
  code: 'ER_DBACCESS_DENIED_ERROR',
  errno: 1044,
  sqlState: '42000',
  sqlMessage: "Access denied for user 'sainikshetkari_report_admin'@'localhost' to database 'sainikshetkari_reporting'",
  sql: undefined
}
========================================
=================================
MYSQL DATABASE CONNECTION FAILED
Error: Access denied for user 'sainikshetkari_report_admin'@'localhost' to database 'sainikshetkari_reporting'
=================================
Database test failed: Access denied for user 'sainikshetkari_report_admin'@'localhost' to database 'sainikshetkari_reporting'
========================================
❌ SERVER STARTUP FAILED
Error: Access denied for user 'sainikshetkari_report_admin'@'localhost' to database 'sainikshetkari_reporting'
    at connectDatabase (/home/sainikshetkari/reportbackend.sainikshetkari.org/src/config/db.js:44:25)
    at testDatabaseConnection (/home/sainikshetkari/reportbackend.sainikshetkari.org/src/config/db.js:141:23)
    at startServer (/home/sainikshetkari/reportbackend.sainikshetkari.org/server.js:35:15)
    at Object.<anonymous> (/home/sainikshetkari/reportbackend.sainikshetkari.org/server.js:106:1)
    at Module._compile (node:internal/modules/cjs/loader:1521:14)
    at Module._extensions..js (node:internal/modules/cjs/loader:1623:10)
    at Module.load (node:internal/modules/cjs/loader:1266:32)
    at Module._load (node:internal/modules/cjs/loader:1091:12)
    at Module.require (node:internal/modules/cjs/loader:1289:19)
    at require (node:internal/modules/helpers:182:18) {
  code: 'ER_DBACCESS_DENIED_ERROR',
  errno: 1044,
  sqlState: '42000',
  sqlMessage: "Access denied for user 'sainikshetkari_report_admin'@'localhost' to database 'sainikshetkari_reporting'",
  sql: undefined
}
========================================
=================================
MYSQL DATABASE CONNECTION FAILED
Error: Access denied for user 'sainikshetkari_report_admin'@'localhost' to database 'sainikshetkari_reporting'
=================================
Database test failed: Access denied for user 'sainikshetkari_report_admin'@'localhost' to database 'sainikshetkari_reporting'
========================================
❌ SERVER STARTUP FAILED
Error: Access denied for user 'sainikshetkari_report_admin'@'localhost' to database 'sainikshetkari_reporting'
    at connectDatabase (/home/sainikshetkari/reportbackend.sainikshetkari.org/src/config/db.js:44:25)
    at testDatabaseConnection (/home/sainikshetkari/reportbackend.sainikshetkari.org/src/config/db.js:141:23)
    at startServer (/home/sainikshetkari/reportbackend.sainikshetkari.org/server.js:35:15)
    at Object.<anonymous> (/home/sainikshetkari/reportbackend.sainikshetkari.org/server.js:106:1)
    at Module._compile (node:internal/modules/cjs/loader:1521:14)
    at Module._extensions..js (node:internal/modules/cjs/loader:1623:10)
    at Module.load (node:internal/modules/cjs/loader:1266:32)
    at Module._load (node:internal/modules/cjs/loader:1091:12)
    at Module.require (node:internal/modules/cjs/loader:1289:19)
    at require (node:internal/modules/helpers:182:18) {
  code: 'ER_DBACCESS_DENIED_ERROR',
  errno: 1044,
  sqlState: '42000',
  sqlMessage: "Access denied for user 'sainikshetkari_report_admin'@'localhost' to database 'sainikshetkari_reporting'",
  sql: undefined
}
========================================
=================================
MYSQL DATABASE CONNECTION FAILED
Error: Access denied for user 'sainikshetkari_report_admin'@'localhost' to database 'sainikshetkari_reporting'
=================================
Database test failed: Access denied for user 'sainikshetkari_report_admin'@'localhost' to database 'sainikshetkari_reporting'
========================================
❌ SERVER STARTUP FAILED
Error: Access denied for user 'sainikshetkari_report_admin'@'localhost' to database 'sainikshetkari_reporting'
    at connectDatabase (/home/sainikshetkari/reportbackend.sainikshetkari.org/src/config/db.js:44:25)
    at testDatabaseConnection (/home/sainikshetkari/reportbackend.sainikshetkari.org/src/config/db.js:141:23)
    at startServer (/home/sainikshetkari/reportbackend.sainikshetkari.org/server.js:35:15)
    at Object.<anonymous> (/home/sainikshetkari/reportbackend.sainikshetkari.org/server.js:106:1)
    at Module._compile (node:internal/modules/cjs/loader:1521:14)
    at Module._extensions..js (node:internal/modules/cjs/loader:1623:10)
    at Module.load (node:internal/modules/cjs/loader:1266:32)
    at Module._load (node:internal/modules/cjs/loader:1091:12)
    at Module.require (node:internal/modules/cjs/loader:1289:19)
    at require (node:internal/modules/helpers:182:18) {
  code: 'ER_DBACCESS_DENIED_ERROR',
  errno: 1044,
  sqlState: '42000',
  sqlMessage: "Access denied for user 'sainikshetkari_report_admin'@'localhost' to database 'sainikshetkari_reporting'",
  sql: undefined
}
========================================
=================================
MYSQL DATABASE CONNECTION FAILED
Error: Access denied for user 'sainikshetkari_report_admin'@'localhost' to database 'sainikshetkari_reporting'
=================================
Database test failed: Access denied for user 'sainikshetkari_report_admin'@'localhost' to database 'sainikshetkari_reporting'
========================================
❌ SERVER STARTUP FAILED
Error: Access denied for user 'sainikshetkari_report_admin'@'localhost' to database 'sainikshetkari_reporting'
    at connectDatabase (/home/sainikshetkari/reportbackend.sainikshetkari.org/src/config/db.js:44:25)
    at testDatabaseConnection (/home/sainikshetkari/reportbackend.sainikshetkari.org/src/config/db.js:141:23)
    at startServer (/home/sainikshetkari/reportbackend.sainikshetkari.org/server.js:35:15)
    at Object.<anonymous> (/home/sainikshetkari/reportbackend.sainikshetkari.org/server.js:106:1)
    at Module._compile (node:internal/modules/cjs/loader:1521:14)
    at Module._extensions..js (node:internal/modules/cjs/loader:1623:10)
    at Module.load (node:internal/modules/cjs/loader:1266:32)
    at Module._load (node:internal/modules/cjs/loader:1091:12)
    at Module.require (node:internal/modules/cjs/loader:1289:19)
    at require (node:internal/modules/helpers:182:18) {
  code: 'ER_DBACCESS_DENIED_ERROR',
  errno: 1044,
  sqlState: '42000',
  sqlMessage: "Access denied for user 'sainikshetkari_report_admin'@'localhost' to database 'sainikshetkari_reporting'",
  sql: undefined
}
========================================
=================================
MYSQL DATABASE CONNECTION FAILED
Error: Access denied for user 'sainikshetkari_report_admin'@'localhost' to database 'sainikshetkari_reporting'
=================================
Database test failed: Access denied for user 'sainikshetkari_report_admin'@'localhost' to database 'sainikshetkari_reporting'
========================================
❌ SERVER STARTUP FAILED
Error: Access denied for user 'sainikshetkari_report_admin'@'localhost' to database 'sainikshetkari_reporting'
    at connectDatabase (/home/sainikshetkari/reportbackend.sainikshetkari.org/src/config/db.js:44:25)
    at testDatabaseConnection (/home/sainikshetkari/reportbackend.sainikshetkari.org/src/config/db.js:141:23)
    at startServer (/home/sainikshetkari/reportbackend.sainikshetkari.org/server.js:35:15)
    at Object.<anonymous> (/home/sainikshetkari/reportbackend.sainikshetkari.org/server.js:106:1)
    at Module._compile (node:internal/modules/cjs/loader:1521:14)
    at Module._extensions..js (node:internal/modules/cjs/loader:1623:10)
    at Module.load (node:internal/modules/cjs/loader:1266:32)
    at Module._load (node:internal/modules/cjs/loader:1091:12)
    at Module.require (node:internal/modules/cjs/loader:1289:19)
    at require (node:internal/modules/helpers:182:18) {
  code: 'ER_DBACCESS_DENIED_ERROR',
  errno: 1044,
  sqlState: '42000',
  sqlMessage: "Access denied for user 'sainikshetkari_report_admin'@'localhost' to database 'sainikshetkari_reporting'",
  sql: undefined
}
========================================
=================================
MYSQL DATABASE CONNECTION FAILED
Error: Access denied for user 'sainikshetkari_report_admin'@'localhost' to database 'sainikshetkari_reporting'
=================================
Database test failed: Access denied for user 'sainikshetkari_report_admin'@'localhost' to database 'sainikshetkari_reporting'
========================================
❌ SERVER STARTUP FAILED
Error: Access denied for user 'sainikshetkari_report_admin'@'localhost' to database 'sainikshetkari_reporting'
    at connectDatabase (/home/sainikshetkari/reportbackend.sainikshetkari.org/src/config/db.js:44:25)
    at testDatabaseConnection (/home/sainikshetkari/reportbackend.sainikshetkari.org/src/config/db.js:141:23)
    at startServer (/home/sainikshetkari/reportbackend.sainikshetkari.org/server.js:35:15)
    at Object.<anonymous> (/home/sainikshetkari/reportbackend.sainikshetkari.org/server.js:106:1)
    at Module._compile (node:internal/modules/cjs/loader:1521:14)
    at Module._extensions..js (node:internal/modules/cjs/loader:1623:10)
    at Module.load (node:internal/modules/cjs/loader:1266:32)
    at Module._load (node:internal/modules/cjs/loader:1091:12)
    at Module.require (node:internal/modules/cjs/loader:1289:19)
    at require (node:internal/modules/helpers:182:18) {
  code: 'ER_DBACCESS_DENIED_ERROR',
  errno: 1044,
  sqlState: '42000',
  sqlMessage: "Access denied for user 'sainikshetkari_report_admin'@'localhost' to database 'sainikshetkari_reporting'",
  sql: undefined
}
========================================
=================================
MYSQL DATABASE CONNECTION FAILED
Error: Access denied for user 'sainikshetkari_report_admin'@'localhost' to database 'sainikshetkari_reporting'
=================================
Database test failed: Access denied for user 'sainikshetkari_report_admin'@'localhost' to database 'sainikshetkari_reporting'
========================================
❌ SERVER STARTUP FAILED
Error: Access denied for user 'sainikshetkari_report_admin'@'localhost' to database 'sainikshetkari_reporting'
    at connectDatabase (/home/sainikshetkari/reportbackend.sainikshetkari.org/src/config/db.js:44:25)
    at testDatabaseConnection (/home/sainikshetkari/reportbackend.sainikshetkari.org/src/config/db.js:141:23)
    at startServer (/home/sainikshetkari/reportbackend.sainikshetkari.org/server.js:35:15)
    at Object.<anonymous> (/home/sainikshetkari/reportbackend.sainikshetkari.org/server.js:106:1)
    at Module._compile (node:internal/modules/cjs/loader:1521:14)
    at Module._extensions..js (node:internal/modules/cjs/loader:1623:10)
    at Module.load (node:internal/modules/cjs/loader:1266:32)
    at Module._load (node:internal/modules/cjs/loader:1091:12)
    at Module.require (node:internal/modules/cjs/loader:1289:19)
    at require (node:internal/modules/helpers:182:18) {
  code: 'ER_DBACCESS_DENIED_ERROR',
  errno: 1044,
  sqlState: '42000',
  sqlMessage: "Access denied for user 'sainikshetkari_report_admin'@'localhost' to database 'sainikshetkari_reporting'",
  sql: undefined
}
========================================
=================================
MYSQL DATABASE CONNECTION FAILED
Error: Access denied for user 'sainikshetkari_report_admin'@'localhost' to database 'sainikshetkari_reporting'
=================================
Database test failed: Access denied for user 'sainikshetkari_report_admin'@'localhost' to database 'sainikshetkari_reporting'
========================================
❌ SERVER STARTUP FAILED
Error: Access denied for user 'sainikshetkari_report_admin'@'localhost' to database 'sainikshetkari_reporting'
    at connectDatabase (/home/sainikshetkari/reportbackend.sainikshetkari.org/src/config/db.js:44:25)
    at testDatabaseConnection (/home/sainikshetkari/reportbackend.sainikshetkari.org/src/config/db.js:141:23)
    at startServer (/home/sainikshetkari/reportbackend.sainikshetkari.org/server.js:35:15)
    at Object.<anonymous> (/home/sainikshetkari/reportbackend.sainikshetkari.org/server.js:106:1)
    at Module._compile (node:internal/modules/cjs/loader:1521:14)
    at Module._extensions..js (node:internal/modules/cjs/loader:1623:10)
    at Module.load (node:internal/modules/cjs/loader:1266:32)
    at Module._load (node:internal/modules/cjs/loader:1091:12)
    at Module.require (node:internal/modules/cjs/loader:1289:19)
    at require (node:internal/modules/helpers:182:18) {
  code: 'ER_DBACCESS_DENIED_ERROR',
  errno: 1044,
  sqlState: '42000',
  sqlMessage: "Access denied for user 'sainikshetkari_report_admin'@'localhost' to database 'sainikshetkari_reporting'",
  sql: undefined
}
========================================
=================================
MYSQL DATABASE CONNECTION FAILED
Error: Access denied for user 'sainikshetkari_report_admin'@'localhost' to database 'sainikshetkari_reporting'
=================================
Database test failed: Access denied for user 'sainikshetkari_report_admin'@'localhost' to database 'sainikshetkari_reporting'
========================================
❌ SERVER STARTUP FAILED
Error: Access denied for user 'sainikshetkari_report_admin'@'localhost' to database 'sainikshetkari_reporting'
    at connectDatabase (/home/sainikshetkari/reportbackend.sainikshetkari.org/src/config/db.js:44:25)
    at testDatabaseConnection (/home/sainikshetkari/reportbackend.sainikshetkari.org/src/config/db.js:141:23)
    at startServer (/home/sainikshetkari/reportbackend.sainikshetkari.org/server.js:35:15)
    at Object.<anonymous> (/home/sainikshetkari/reportbackend.sainikshetkari.org/server.js:106:1)
    at Module._compile (node:internal/modules/cjs/loader:1521:14)
    at Module._extensions..js (node:internal/modules/cjs/loader:1623:10)
    at Module.load (node:internal/modules/cjs/loader:1266:32)
    at Module._load (node:internal/modules/cjs/loader:1091:12)
    at Module.require (node:internal/modules/cjs/loader:1289:19)
    at require (node:internal/modules/helpers:182:18) {
  code: 'ER_DBACCESS_DENIED_ERROR',
  errno: 1044,
  sqlState: '42000',
  sqlMessage: "Access denied for user 'sainikshetkari_report_admin'@'localhost' to database 'sainikshetkari_reporting'",
  sql: undefined
}
========================================
=================================
MYSQL DATABASE CONNECTION FAILED
Error: Access denied for user 'sainikshetkari_report_admin'@'localhost' to database 'sainikshetkari_reporting'
=================================
Database test failed: Access denied for user 'sainikshetkari_report_admin'@'localhost' to database 'sainikshetkari_reporting'
========================================
❌ SERVER STARTUP FAILED
Error: Access denied for user 'sainikshetkari_report_admin'@'localhost' to database 'sainikshetkari_reporting'
    at connectDatabase (/home/sainikshetkari/reportbackend.sainikshetkari.org/src/config/db.js:44:25)
    at testDatabaseConnection (/home/sainikshetkari/reportbackend.sainikshetkari.org/src/config/db.js:141:23)
    at startServer (/home/sainikshetkari/reportbackend.sainikshetkari.org/server.js:35:15)
    at Object.<anonymous> (/home/sainikshetkari/reportbackend.sainikshetkari.org/server.js:106:1)
    at Module._compile (node:internal/modules/cjs/loader:1521:14)
    at Module._extensions..js (node:internal/modules/cjs/loader:1623:10)
    at Module.load (node:internal/modules/cjs/loader:1266:32)
    at Module._load (node:internal/modules/cjs/loader:1091:12)
    at Module.require (node:internal/modules/cjs/loader:1289:19)
    at require (node:internal/modules/helpers:182:18) {
  code: 'ER_DBACCESS_DENIED_ERROR',
  errno: 1044,
  sqlState: '42000',
  sqlMessage: "Access denied for user 'sainikshetkari_report_admin'@'localhost' to database 'sainikshetkari_reporting'",
  sql: undefined
}
========================================
=================================
MYSQL DATABASE CONNECTION FAILED
Error: Access denied for user 'sainikshetkari_report_admin'@'localhost' to database 'sainikshetkari_reporting'
=================================
Database test failed: Access denied for user 'sainikshetkari_report_admin'@'localhost' to database 'sainikshetkari_reporting'
========================================
❌ SERVER STARTUP FAILED
Error: Access denied for user 'sainikshetkari_report_admin'@'localhost' to database 'sainikshetkari_reporting'
    at connectDatabase (/home/sainikshetkari/reportbackend.sainikshetkari.org/src/config/db.js:44:25)
    at testDatabaseConnection (/home/sainikshetkari/reportbackend.sainikshetkari.org/src/config/db.js:141:23)
    at startServer (/home/sainikshetkari/reportbackend.sainikshetkari.org/server.js:35:15)
    at Object.<anonymous> (/home/sainikshetkari/reportbackend.sainikshetkari.org/server.js:106:1)
    at Module._compile (node:internal/modules/cjs/loader:1521:14)
    at Module._extensions..js (node:internal/modules/cjs/loader:1623:10)
    at Module.load (node:internal/modules/cjs/loader:1266:32)
    at Module._load (node:internal/modules/cjs/loader:1091:12)
    at Module.require (node:internal/modules/cjs/loader:1289:19)
    at require (node:internal/modules/helpers:182:18) {
  code: 'ER_DBACCESS_DENIED_ERROR',
  errno: 1044,
  sqlState: '42000',
  sqlMessage: "Access denied for user 'sainikshetkari_report_admin'@'localhost' to database 'sainikshetkari_reporting'",
  sql: undefined
}
========================================
=================================
MYSQL DATABASE CONNECTION FAILED
Error: Access denied for user 'sainikshetkari_report_admin'@'localhost' to database 'sainikshetkari_reporting'
=================================
Database test failed: Access denied for user 'sainikshetkari_report_admin'@'localhost' to database 'sainikshetkari_reporting'
========================================
❌ SERVER STARTUP FAILED
Error: Access denied for user 'sainikshetkari_report_admin'@'localhost' to database 'sainikshetkari_reporting'
    at connectDatabase (/home/sainikshetkari/reportbackend.sainikshetkari.org/src/config/db.js:44:25)
    at testDatabaseConnection (/home/sainikshetkari/reportbackend.sainikshetkari.org/src/config/db.js:141:23)
    at startServer (/home/sainikshetkari/reportbackend.sainikshetkari.org/server.js:35:15)
    at Object.<anonymous> (/home/sainikshetkari/reportbackend.sainikshetkari.org/server.js:106:1)
    at Module._compile (node:internal/modules/cjs/loader:1521:14)
    at Module._extensions..js (node:internal/modules/cjs/loader:1623:10)
    at Module.load (node:internal/modules/cjs/loader:1266:32)
    at Module._load (node:internal/modules/cjs/loader:1091:12)
    at Module.require (node:internal/modules/cjs/loader:1289:19)
    at require (node:internal/modules/helpers:182:18) {
  code: 'ER_DBACCESS_DENIED_ERROR',
  errno: 1044,
  sqlState: '42000',
  sqlMessage: "Access denied for user 'sainikshetkari_report_admin'@'localhost' to database 'sainikshetkari_reporting'",
  sql: undefined
}
========================================
=================================
❌ MYSQL DATABASE CONNECTION FAILED
Database: sainikshetkari_reporting
User: sainikshetkari_report_admin
Host: localhost
Error: Access denied for user 'sainikshetkari_report_admin'@'localhost' to database 'sainikshetkari_reporting'
=================================
Database test failed: Access denied for user 'sainikshetkari_report_admin'@'localhost' to database 'sainikshetkari_reporting'
========================================
❌ SERVER STARTUP FAILED
Error: Access denied for user 'sainikshetkari_report_admin'@'localhost' to database 'sainikshetkari_reporting'
    at connectDatabase (/home/sainikshetkari/reportbackend.sainikshetkari.org/src/config/db.js:97:25)
    at testDatabaseConnection (/home/sainikshetkari/reportbackend.sainikshetkari.org/src/config/db.js:205:23)
    at startServer (/home/sainikshetkari/reportbackend.sainikshetkari.org/server.js:35:15)
    at Object.<anonymous> (/home/sainikshetkari/reportbackend.sainikshetkari.org/server.js:106:1)
    at Module._compile (node:internal/modules/cjs/loader:1521:14)
    at Module._extensions..js (node:internal/modules/cjs/loader:1623:10)
    at Module.load (node:internal/modules/cjs/loader:1266:32)
    at Module._load (node:internal/modules/cjs/loader:1091:12)
    at Module.require (node:internal/modules/cjs/loader:1289:19)
    at require (node:internal/modules/helpers:182:18) {
  code: 'ER_DBACCESS_DENIED_ERROR',
  errno: 1044,
  sqlState: '42000',
  sqlMessage: "Access denied for user 'sainikshetkari_report_admin'@'localhost' to database 'sainikshetkari_reporting'",
  sql: undefined
}
========================================
=================================
❌ MYSQL DATABASE CONNECTION FAILED
Database: sainikshetkari_reporting
User: sainikshetkari_report_admin
Host: localhost
Error: Access denied for user 'sainikshetkari_report_admin'@'localhost' to database 'sainikshetkari_reporting'
=================================
Database test failed: Access denied for user 'sainikshetkari_report_admin'@'localhost' to database 'sainikshetkari_reporting'
========================================
❌ SERVER STARTUP FAILED
Error: Access denied for user 'sainikshetkari_report_admin'@'localhost' to database 'sainikshetkari_reporting'
    at connectDatabase (/home/sainikshetkari/reportbackend.sainikshetkari.org/src/config/db.js:97:25)
    at testDatabaseConnection (/home/sainikshetkari/reportbackend.sainikshetkari.org/src/config/db.js:205:23)
    at startServer (/home/sainikshetkari/reportbackend.sainikshetkari.org/server.js:35:15)
    at Object.<anonymous> (/home/sainikshetkari/reportbackend.sainikshetkari.org/server.js:106:1)
    at Module._compile (node:internal/modules/cjs/loader:1521:14)
    at Module._extensions..js (node:internal/modules/cjs/loader:1623:10)
    at Module.load (node:internal/modules/cjs/loader:1266:32)
    at Module._load (node:internal/modules/cjs/loader:1091:12)
    at Module.require (node:internal/modules/cjs/loader:1289:19)
    at require (node:internal/modules/helpers:182:18) {
  code: 'ER_DBACCESS_DENIED_ERROR',
  errno: 1044,
  sqlState: '42000',
  sqlMessage: "Access denied for user 'sainikshetkari_report_admin'@'localhost' to database 'sainikshetkari_reporting'",
  sql: undefined
}
========================================
=================================
❌ MYSQL DATABASE CONNECTION FAILED
Database: sainikshetkari_reporting
User: sainikshetkari_report_admin
Host: localhost
Error: Access denied for user 'sainikshetkari_report_admin'@'localhost' to database 'sainikshetkari_reporting'
=================================
Database test failed: Access denied for user 'sainikshetkari_report_admin'@'localhost' to database 'sainikshetkari_reporting'
========================================
❌ SERVER STARTUP FAILED
Error: Access denied for user 'sainikshetkari_report_admin'@'localhost' to database 'sainikshetkari_reporting'
    at connectDatabase (/home/sainikshetkari/reportbackend.sainikshetkari.org/src/config/db.js:97:25)
    at testDatabaseConnection (/home/sainikshetkari/reportbackend.sainikshetkari.org/src/config/db.js:205:23)
    at startServer (/home/sainikshetkari/reportbackend.sainikshetkari.org/server.js:35:15)
    at Object.<anonymous> (/home/sainikshetkari/reportbackend.sainikshetkari.org/server.js:106:1)
    at Module._compile (node:internal/modules/cjs/loader:1521:14)
    at Module._extensions..js (node:internal/modules/cjs/loader:1623:10)
    at Module.load (node:internal/modules/cjs/loader:1266:32)
    at Module._load (node:internal/modules/cjs/loader:1091:12)
    at Module.require (node:internal/modules/cjs/loader:1289:19)
    at require (node:internal/modules/helpers:182:18) {
  code: 'ER_DBACCESS_DENIED_ERROR',
  errno: 1044,
  sqlState: '42000',
  sqlMessage: "Access denied for user 'sainikshetkari_report_admin'@'localhost' to database 'sainikshetkari_reporting'",
  sql: undefined
}
========================================
=================================
❌ MYSQL DATABASE CONNECTION FAILED
Database: sainikshetkari_reporting
User: sainikshetkari_report_admin
Host: localhost
Error: Access denied for user 'sainikshetkari_report_admin'@'localhost' to database 'sainikshetkari_reporting'
=================================
Database test failed: Access denied for user 'sainikshetkari_report_admin'@'localhost' to database 'sainikshetkari_reporting'
========================================
❌ SERVER STARTUP FAILED
Error: Access denied for user 'sainikshetkari_report_admin'@'localhost' to database 'sainikshetkari_reporting'
    at connectDatabase (/home/sainikshetkari/reportbackend.sainikshetkari.org/src/config/db.js:97:25)
    at testDatabaseConnection (/home/sainikshetkari/reportbackend.sainikshetkari.org/src/config/db.js:205:23)
    at startServer (/home/sainikshetkari/reportbackend.sainikshetkari.org/server.js:35:15)
    at Object.<anonymous> (/home/sainikshetkari/reportbackend.sainikshetkari.org/server.js:106:1)
    at Module._compile (node:internal/modules/cjs/loader:1521:14)
    at Module._extensions..js (node:internal/modules/cjs/loader:1623:10)
    at Module.load (node:internal/modules/cjs/loader:1266:32)
    at Module._load (node:internal/modules/cjs/loader:1091:12)
    at Module.require (node:internal/modules/cjs/loader:1289:19)
    at require (node:internal/modules/helpers:182:18) {
  code: 'ER_DBACCESS_DENIED_ERROR',
  errno: 1044,
  sqlState: '42000',
  sqlMessage: "Access denied for user 'sainikshetkari_report_admin'@'localhost' to database 'sainikshetkari_reporting'",
  sql: undefined
}
========================================
=================================
❌ MYSQL DATABASE CONNECTION FAILED
Database: sainikshetkari_reporting
User: sainikshetkari_report_admin
Host: localhost
Error: Access denied for user 'sainikshetkari_report_admin'@'localhost' to database 'sainikshetkari_reporting'
=================================
Database test failed: Access denied for user 'sainikshetkari_report_admin'@'localhost' to database 'sainikshetkari_reporting'
========================================
❌ SERVER STARTUP FAILED
Error: Access denied for user 'sainikshetkari_report_admin'@'localhost' to database 'sainikshetkari_reporting'
    at connectDatabase (/home/sainikshetkari/reportbackend.sainikshetkari.org/src/config/db.js:97:25)
    at testDatabaseConnection (/home/sainikshetkari/reportbackend.sainikshetkari.org/src/config/db.js:205:23)
    at startServer (/home/sainikshetkari/reportbackend.sainikshetkari.org/server.js:43:15)
    at Object.<anonymous> (/home/sainikshetkari/reportbackend.sainikshetkari.org/server.js:110:1)
    at Module._compile (node:internal/modules/cjs/loader:1521:14)
    at Module._extensions..js (node:internal/modules/cjs/loader:1623:10)
    at Module.load (node:internal/modules/cjs/loader:1266:32)
    at Module._load (node:internal/modules/cjs/loader:1091:12)
    at Module.require (node:internal/modules/cjs/loader:1289:19)
    at require (node:internal/modules/helpers:182:18) {
  code: 'ER_DBACCESS_DENIED_ERROR',
  errno: 1044,
  sqlState: '42000',
  sqlMessage: "Access denied for user 'sainikshetkari_report_admin'@'localhost' to database 'sainikshetkari_reporting'",
  sql: undefined
}
========================================
=================================
❌ MYSQL DATABASE CONNECTION FAILED
Database: sainikshetkari_reporting
User: sainikshetkari_report_admin
Host: localhost
Error: Access denied for user 'sainikshetkari_report_admin'@'localhost' to database 'sainikshetkari_reporting'
=================================
Database test failed: Access denied for user 'sainikshetkari_report_admin'@'localhost' to database 'sainikshetkari_reporting'
========================================
❌ SERVER STARTUP FAILED
Error: Access denied for user 'sainikshetkari_report_admin'@'localhost' to database 'sainikshetkari_reporting'
    at connectDatabase (/home/sainikshetkari/reportbackend.sainikshetkari.org/src/config/db.js:97:25)
    at testDatabaseConnection (/home/sainikshetkari/reportbackend.sainikshetkari.org/src/config/db.js:205:23)
    at startServer (/home/sainikshetkari/reportbackend.sainikshetkari.org/server.js:43:15)
    at Object.<anonymous> (/home/sainikshetkari/reportbackend.sainikshetkari.org/server.js:110:1)
    at Module._compile (node:internal/modules/cjs/loader:1521:14)
    at Module._extensions..js (node:internal/modules/cjs/loader:1623:10)
    at Module.load (node:internal/modules/cjs/loader:1266:32)
    at Module._load (node:internal/modules/cjs/loader:1091:12)
    at Module.require (node:internal/modules/cjs/loader:1289:19)
    at require (node:internal/modules/helpers:182:18) {
  code: 'ER_DBACCESS_DENIED_ERROR',
  errno: 1044,
  sqlState: '42000',
  sqlMessage: "Access denied for user 'sainikshetkari_report_admin'@'localhost' to database 'sainikshetkari_reporting'",
  sql: undefined
}
========================================
=================================
❌ MYSQL DATABASE CONNECTION FAILED
Database: sainikshetkari_reporting
User: sainikshetkari_report_admin
Host: localhost
Error: Access denied for user 'sainikshetkari_report_admin'@'localhost' to database 'sainikshetkari_reporting'
=================================
Database test failed: Access denied for user 'sainikshetkari_report_admin'@'localhost' to database 'sainikshetkari_reporting'
========================================
❌ SERVER STARTUP FAILED
Error: Access denied for user 'sainikshetkari_report_admin'@'localhost' to database 'sainikshetkari_reporting'
    at connectDatabase (/home/sainikshetkari/reportbackend.sainikshetkari.org/src/config/db.js:97:25)
    at testDatabaseConnection (/home/sainikshetkari/reportbackend.sainikshetkari.org/src/config/db.js:205:23)
    at startServer (/home/sainikshetkari/reportbackend.sainikshetkari.org/server.js:43:15)
    at Object.<anonymous> (/home/sainikshetkari/reportbackend.sainikshetkari.org/server.js:110:1)
    at Module._compile (node:internal/modules/cjs/loader:1521:14)
    at Module._extensions..js (node:internal/modules/cjs/loader:1623:10)
    at Module.load (node:internal/modules/cjs/loader:1266:32)
    at Module._load (node:internal/modules/cjs/loader:1091:12)
    at Module.require (node:internal/modules/cjs/loader:1289:19)
    at require (node:internal/modules/helpers:182:18) {
  code: 'ER_DBACCESS_DENIED_ERROR',
  errno: 1044,
  sqlState: '42000',
  sqlMessage: "Access denied for user 'sainikshetkari_report_admin'@'localhost' to database 'sainikshetkari_reporting'",
  sql: undefined
}
========================================
=================================
❌ MYSQL DATABASE CONNECTION FAILED
Database: sainikshetkari_reporting
User: admin_sainikshetkari
Host: localhost
Error: Access denied for user 'admin_sainikshetkari'@'localhost' (using password: YES)
=================================
Database test failed: Access denied for user 'admin_sainikshetkari'@'localhost' (using password: YES)
========================================
❌ SERVER STARTUP FAILED
Error: Access denied for user 'admin_sainikshetkari'@'localhost' (using password: YES)
    at connectDatabase (/home/sainikshetkari/reportbackend.sainikshetkari.org/src/config/db.js:97:25)
    at testDatabaseConnection (/home/sainikshetkari/reportbackend.sainikshetkari.org/src/config/db.js:205:23)
    at startServer (/home/sainikshetkari/reportbackend.sainikshetkari.org/server.js:45:15)
    at Object.<anonymous> (/home/sainikshetkari/reportbackend.sainikshetkari.org/server.js:112:1)
    at Module._compile (node:internal/modules/cjs/loader:1521:14)
    at Module._extensions..js (node:internal/modules/cjs/loader:1623:10)
    at Module.load (node:internal/modules/cjs/loader:1266:32)
    at Module._load (node:internal/modules/cjs/loader:1091:12)
    at Module.require (node:internal/modules/cjs/loader:1289:19)
    at require (node:internal/modules/helpers:182:18) {
  code: 'ER_ACCESS_DENIED_ERROR',
  errno: 1045,
  sqlState: '28000',
  sqlMessage: "Access denied for user 'admin_sainikshetkari'@'localhost' (using password: YES)",
  sql: undefined
}
========================================
=================================
❌ MYSQL DATABASE CONNECTION FAILED
Database: sainikshetkari_reporting
User: admin_sainikshetkari
Host: localhost
Error: Access denied for user 'admin_sainikshetkari'@'localhost' (using password: YES)
=================================
Database test failed: Access denied for user 'admin_sainikshetkari'@'localhost' (using password: YES)
========================================
❌ SERVER STARTUP FAILED
Error: Access denied for user 'admin_sainikshetkari'@'localhost' (using password: YES)
    at connectDatabase (/home/sainikshetkari/reportbackend.sainikshetkari.org/src/config/db.js:97:25)
    at testDatabaseConnection (/home/sainikshetkari/reportbackend.sainikshetkari.org/src/config/db.js:205:23)
    at startServer (/home/sainikshetkari/reportbackend.sainikshetkari.org/server.js:45:15)
    at Object.<anonymous> (/home/sainikshetkari/reportbackend.sainikshetkari.org/server.js:112:1)
    at Module._compile (node:internal/modules/cjs/loader:1521:14)
    at Module._extensions..js (node:internal/modules/cjs/loader:1623:10)
    at Module.load (node:internal/modules/cjs/loader:1266:32)
    at Module._load (node:internal/modules/cjs/loader:1091:12)
    at Module.require (node:internal/modules/cjs/loader:1289:19)
    at require (node:internal/modules/helpers:182:18) {
  code: 'ER_ACCESS_DENIED_ERROR',
  errno: 1045,
  sqlState: '28000',
  sqlMessage: "Access denied for user 'admin_sainikshetkari'@'localhost' (using password: YES)",
  sql: undefined
}
========================================
=================================
❌ MYSQL DATABASE CONNECTION FAILED
Database: sainikshetkari_reporting
User: admin_sainikshetkari
Host: localhost
Error: Access denied for user 'admin_sainikshetkari'@'localhost' (using password: YES)
=================================
Database test failed: Access denied for user 'admin_sainikshetkari'@'localhost' (using password: YES)
========================================
❌ SERVER STARTUP FAILED
Error: Access denied for user 'admin_sainikshetkari'@'localhost' (using password: YES)
    at connectDatabase (/home/sainikshetkari/reportbackend.sainikshetkari.org/src/config/db.js:97:25)
    at testDatabaseConnection (/home/sainikshetkari/reportbackend.sainikshetkari.org/src/config/db.js:205:23)
    at startServer (/home/sainikshetkari/reportbackend.sainikshetkari.org/server.js:45:15)
    at Object.<anonymous> (/home/sainikshetkari/reportbackend.sainikshetkari.org/server.js:112:1)
    at Module._compile (node:internal/modules/cjs/loader:1521:14)
    at Module._extensions..js (node:internal/modules/cjs/loader:1623:10)
    at Module.load (node:internal/modules/cjs/loader:1266:32)
    at Module._load (node:internal/modules/cjs/loader:1091:12)
    at Module.require (node:internal/modules/cjs/loader:1289:19)
    at require (node:internal/modules/helpers:182:18) {
  code: 'ER_ACCESS_DENIED_ERROR',
  errno: 1045,
  sqlState: '28000',
  sqlMessage: "Access denied for user 'admin_sainikshetkari'@'localhost' (using password: YES)",
  sql: undefined
}
========================================
=================================
❌ MYSQL DATABASE CONNECTION FAILED
Database: sainikshetkari_reporting
User: admin_sainikshetkari
Host: localhost
Error: Access denied for user 'admin_sainikshetkari'@'localhost' (using password: YES)
=================================
Database test failed: Access denied for user 'admin_sainikshetkari'@'localhost' (using password: YES)
========================================
❌ SERVER STARTUP FAILED
Error: Access denied for user 'admin_sainikshetkari'@'localhost' (using password: YES)
    at connectDatabase (/home/sainikshetkari/reportbackend.sainikshetkari.org/src/config/db.js:97:25)
    at testDatabaseConnection (/home/sainikshetkari/reportbackend.sainikshetkari.org/src/config/db.js:205:23)
    at startServer (/home/sainikshetkari/reportbackend.sainikshetkari.org/server.js:45:15)
    at Object.<anonymous> (/home/sainikshetkari/reportbackend.sainikshetkari.org/server.js:112:1)
    at Module._compile (node:internal/modules/cjs/loader:1521:14)
    at Module._extensions..js (node:internal/modules/cjs/loader:1623:10)
    at Module.load (node:internal/modules/cjs/loader:1266:32)
    at Module._load (node:internal/modules/cjs/loader:1091:12)
    at Module.require (node:internal/modules/cjs/loader:1289:19)
    at require (node:internal/modules/helpers:182:18) {
  code: 'ER_ACCESS_DENIED_ERROR',
  errno: 1045,
  sqlState: '28000',
  sqlMessage: "Access denied for user 'admin_sainikshetkari'@'localhost' (using password: YES)",
  sql: undefined
}
========================================
=================================
❌ MYSQL DATABASE CONNECTION FAILED
Database: sainikshetkari_reporting
User: admin_sainikshetkari
Host: localhost
Error: Access denied for user 'admin_sainikshetkari'@'localhost' (using password: YES)
=================================
Database test failed: Access denied for user 'admin_sainikshetkari'@'localhost' (using password: YES)
========================================
❌ SERVER STARTUP FAILED
Error: Access denied for user 'admin_sainikshetkari'@'localhost' (using password: YES)
    at connectDatabase (/home/sainikshetkari/reportbackend.sainikshetkari.org/src/config/db.js:97:25)
    at testDatabaseConnection (/home/sainikshetkari/reportbackend.sainikshetkari.org/src/config/db.js:205:23)
    at startServer (/home/sainikshetkari/reportbackend.sainikshetkari.org/server.js:45:15)
    at Object.<anonymous> (/home/sainikshetkari/reportbackend.sainikshetkari.org/server.js:112:1)
    at Module._compile (node:internal/modules/cjs/loader:1521:14)
    at Module._extensions..js (node:internal/modules/cjs/loader:1623:10)
    at Module.load (node:internal/modules/cjs/loader:1266:32)
    at Module._load (node:internal/modules/cjs/loader:1091:12)
    at Module.require (node:internal/modules/cjs/loader:1289:19)
    at require (node:internal/modules/helpers:182:18) {
  code: 'ER_ACCESS_DENIED_ERROR',
  errno: 1045,
  sqlState: '28000',
  sqlMessage: "Access denied for user 'admin_sainikshetkari'@'localhost' (using password: YES)",
  sql: undefined
}
========================================
=================================
❌ MYSQL DATABASE CONNECTION FAILED
Database: sainikshetkari_reporting
User: admin_sainikshetkari
Host: localhost
Error: Access denied for user 'admin_sainikshetkari'@'localhost' (using password: YES)
=================================
Database test failed: Access denied for user 'admin_sainikshetkari'@'localhost' (using password: YES)
========================================
❌ SERVER STARTUP FAILED
Error: Access denied for user 'admin_sainikshetkari'@'localhost' (using password: YES)
    at connectDatabase (/home/sainikshetkari/reportbackend.sainikshetkari.org/src/config/db.js:97:25)
    at testDatabaseConnection (/home/sainikshetkari/reportbackend.sainikshetkari.org/src/config/db.js:205:23)
    at startServer (/home/sainikshetkari/reportbackend.sainikshetkari.org/server.js:45:15)
    at Object.<anonymous> (/home/sainikshetkari/reportbackend.sainikshetkari.org/server.js:112:1)
    at Module._compile (node:internal/modules/cjs/loader:1521:14)
    at Module._extensions..js (node:internal/modules/cjs/loader:1623:10)
    at Module.load (node:internal/modules/cjs/loader:1266:32)
    at Module._load (node:internal/modules/cjs/loader:1091:12)
    at Module.require (node:internal/modules/cjs/loader:1289:19)
    at require (node:internal/modules/helpers:182:18) {
  code: 'ER_ACCESS_DENIED_ERROR',
  errno: 1045,
  sqlState: '28000',
  sqlMessage: "Access denied for user 'admin_sainikshetkari'@'localhost' (using password: YES)",
  sql: undefined
}
========================================
=================================
❌ MYSQL DATABASE CONNECTION FAILED
Database: sainikshetkari_reporting
User: admin_sainikshetkari
Host: localhost
Error: Access denied for user 'admin_sainikshetkari'@'localhost' (using password: YES)
=================================
Database test failed: Access denied for user 'admin_sainikshetkari'@'localhost' (using password: YES)
========================================
❌ SERVER STARTUP FAILED
Error: Access denied for user 'admin_sainikshetkari'@'localhost' (using password: YES)
    at connectDatabase (/home/sainikshetkari/reportbackend.sainikshetkari.org/src/config/db.js:97:25)
    at testDatabaseConnection (/home/sainikshetkari/reportbackend.sainikshetkari.org/src/config/db.js:205:23)
    at startServer (/home/sainikshetkari/reportbackend.sainikshetkari.org/server.js:45:15)
    at Object.<anonymous> (/home/sainikshetkari/reportbackend.sainikshetkari.org/server.js:112:1)
    at Module._compile (node:internal/modules/cjs/loader:1521:14)
    at Module._extensions..js (node:internal/modules/cjs/loader:1623:10)
    at Module.load (node:internal/modules/cjs/loader:1266:32)
    at Module._load (node:internal/modules/cjs/loader:1091:12)
    at Module.require (node:internal/modules/cjs/loader:1289:19)
    at require (node:internal/modules/helpers:182:18) {
  code: 'ER_ACCESS_DENIED_ERROR',
  errno: 1045,
  sqlState: '28000',
  sqlMessage: "Access denied for user 'admin_sainikshetkari'@'localhost' (using password: YES)",
  sql: undefined
}
========================================
=================================
❌ MYSQL DATABASE CONNECTION FAILED
Database: sainikshetkari_reporting
User: admin_sainikshetkari
Host: localhost
Error: Access denied for user 'admin_sainikshetkari'@'localhost' (using password: YES)
=================================
Database test failed: Access denied for user 'admin_sainikshetkari'@'localhost' (using password: YES)
========================================
❌ SERVER STARTUP FAILED
Error: Access denied for user 'admin_sainikshetkari'@'localhost' (using password: YES)
    at connectDatabase (/home/sainikshetkari/reportbackend.sainikshetkari.org/src/config/db.js:97:25)
    at testDatabaseConnection (/home/sainikshetkari/reportbackend.sainikshetkari.org/src/config/db.js:205:23)
    at startServer (/home/sainikshetkari/reportbackend.sainikshetkari.org/server.js:45:15)
    at Object.<anonymous> (/home/sainikshetkari/reportbackend.sainikshetkari.org/server.js:112:1)
    at Module._compile (node:internal/modules/cjs/loader:1521:14)
    at Module._extensions..js (node:internal/modules/cjs/loader:1623:10)
    at Module.load (node:internal/modules/cjs/loader:1266:32)
    at Module._load (node:internal/modules/cjs/loader:1091:12)
    at Module.require (node:internal/modules/cjs/loader:1289:19)
    at require (node:internal/modules/helpers:182:18) {
  code: 'ER_ACCESS_DENIED_ERROR',
  errno: 1045,
  sqlState: '28000',
  sqlMessage: "Access denied for user 'admin_sainikshetkari'@'localhost' (using password: YES)",
  sql: undefined
}
========================================
=================================
❌ MYSQL DATABASE CONNECTION FAILED
Database: sainikshetkari_reporting
User: admin_sainikshetkari
Host: localhost
Error: Access denied for user 'admin_sainikshetkari'@'localhost' (using password: YES)
=================================
Database test failed: Access denied for user 'admin_sainikshetkari'@'localhost' (using password: YES)
========================================
❌ SERVER STARTUP FAILED
Error: Access denied for user 'admin_sainikshetkari'@'localhost' (using password: YES)
    at connectDatabase (/home/sainikshetkari/reportbackend.sainikshetkari.org/src/config/db.js:97:25)
    at testDatabaseConnection (/home/sainikshetkari/reportbackend.sainikshetkari.org/src/config/db.js:205:23)
    at startServer (/home/sainikshetkari/reportbackend.sainikshetkari.org/server.js:45:15)
    at Object.<anonymous> (/home/sainikshetkari/reportbackend.sainikshetkari.org/server.js:112:1)
    at Module._compile (node:internal/modules/cjs/loader:1521:14)
    at Module._extensions..js (node:internal/modules/cjs/loader:1623:10)
    at Module.load (node:internal/modules/cjs/loader:1266:32)
    at Module._load (node:internal/modules/cjs/loader:1091:12)
    at Module.require (node:internal/modules/cjs/loader:1289:19)
    at require (node:internal/modules/helpers:182:18) {
  code: 'ER_ACCESS_DENIED_ERROR',
  errno: 1045,
  sqlState: '28000',
  sqlMessage: "Access denied for user 'admin_sainikshetkari'@'localhost' (using password: YES)",
  sql: undefined
}
========================================
=================================
❌ MYSQL DATABASE CONNECTION FAILED
Database: sainikshetkari_reporting
User: admin_sainikshetkari
Host: localhost
Error: Access denied for user 'admin_sainikshetkari'@'localhost' (using password: YES)
=================================
Database test failed: Access denied for user 'admin_sainikshetkari'@'localhost' (using password: YES)
========================================
❌ SERVER STARTUP FAILED
Error: Access denied for user 'admin_sainikshetkari'@'localhost' (using password: YES)
    at connectDatabase (/home/sainikshetkari/reportbackend.sainikshetkari.org/src/config/db.js:97:25)
    at testDatabaseConnection (/home/sainikshetkari/reportbackend.sainikshetkari.org/src/config/db.js:205:23)
    at startServer (/home/sainikshetkari/reportbackend.sainikshetkari.org/server.js:45:15)
    at Object.<anonymous> (/home/sainikshetkari/reportbackend.sainikshetkari.org/server.js:112:1)
    at Module._compile (node:internal/modules/cjs/loader:1521:14)
    at Module._extensions..js (node:internal/modules/cjs/loader:1623:10)
    at Module.load (node:internal/modules/cjs/loader:1266:32)
    at Module._load (node:internal/modules/cjs/loader:1091:12)
    at Module.require (node:internal/modules/cjs/loader:1289:19)
    at require (node:internal/modules/helpers:182:18) {
  code: 'ER_ACCESS_DENIED_ERROR',
  errno: 1045,
  sqlState: '28000',
  sqlMessage: "Access denied for user 'admin_sainikshetkari'@'localhost' (using password: YES)",
  sql: undefined
}
========================================
=================================
❌ MYSQL DATABASE CONNECTION FAILED
Database: sainikshetkari_reporting
User: admin_sainikshetkari
Host: localhost
Error: Access denied for user 'admin_sainikshetkari'@'localhost' (using password: YES)
=================================
Database test failed: Access denied for user 'admin_sainikshetkari'@'localhost' (using password: YES)
========================================
❌ SERVER STARTUP FAILED
Error: Access denied for user 'admin_sainikshetkari'@'localhost' (using password: YES)
    at connectDatabase (/home/sainikshetkari/reportbackend.sainikshetkari.org/src/config/db.js:97:25)
    at testDatabaseConnection (/home/sainikshetkari/reportbackend.sainikshetkari.org/src/config/db.js:205:23)
    at startServer (/home/sainikshetkari/reportbackend.sainikshetkari.org/server.js:45:15)
    at Object.<anonymous> (/home/sainikshetkari/reportbackend.sainikshetkari.org/server.js:112:1)
    at Module._compile (node:internal/modules/cjs/loader:1521:14)
    at Module._extensions..js (node:internal/modules/cjs/loader:1623:10)
    at Module.load (node:internal/modules/cjs/loader:1266:32)
    at Module._load (node:internal/modules/cjs/loader:1091:12)
    at Module.require (node:internal/modules/cjs/loader:1289:19)
    at require (node:internal/modules/helpers:182:18) {
  code: 'ER_ACCESS_DENIED_ERROR',
  errno: 1045,
  sqlState: '28000',
  sqlMessage: "Access denied for user 'admin_sainikshetkari'@'localhost' (using password: YES)",
  sql: undefined
}
========================================
=================================
❌ MYSQL DATABASE CONNECTION FAILED
Database: sainikshetkari_reporting
User: admin_sainikshetkari
Host: localhost
Error: Access denied for user 'admin_sainikshetkari'@'localhost' (using password: YES)
=================================
Database test failed: Access denied for user 'admin_sainikshetkari'@'localhost' (using password: YES)
========================================
❌ SERVER STARTUP FAILED
Error: Access denied for user 'admin_sainikshetkari'@'localhost' (using password: YES)
    at connectDatabase (/home/sainikshetkari/reportbackend.sainikshetkari.org/src/config/db.js:97:25)
    at testDatabaseConnection (/home/sainikshetkari/reportbackend.sainikshetkari.org/src/config/db.js:205:23)
    at startServer (/home/sainikshetkari/reportbackend.sainikshetkari.org/server.js:45:15)
    at Object.<anonymous> (/home/sainikshetkari/reportbackend.sainikshetkari.org/server.js:112:1)
    at Module._compile (node:internal/modules/cjs/loader:1521:14)
    at Module._extensions..js (node:internal/modules/cjs/loader:1623:10)
    at Module.load (node:internal/modules/cjs/loader:1266:32)
    at Module._load (node:internal/modules/cjs/loader:1091:12)
    at Module.require (node:internal/modules/cjs/loader:1289:19)
    at require (node:internal/modules/helpers:182:18) {
  code: 'ER_ACCESS_DENIED_ERROR',
  errno: 1045,
  sqlState: '28000',
  sqlMessage: "Access denied for user 'admin_sainikshetkari'@'localhost' (using password: YES)",
  sql: undefined
}
========================================
=================================
❌ MYSQL DATABASE CONNECTION FAILED
Database: sainikshetkari_reporting
User: admin_sainikshetkari
Host: localhost
Error: Access denied for user 'admin_sainikshetkari'@'localhost' (using password: YES)
=================================
Database test failed: Access denied for user 'admin_sainikshetkari'@'localhost' (using password: YES)
========================================
❌ SERVER STARTUP FAILED
Error: Access denied for user 'admin_sainikshetkari'@'localhost' (using password: YES)
    at connectDatabase (/home/sainikshetkari/reportbackend.sainikshetkari.org/src/config/db.js:97:25)
    at testDatabaseConnection (/home/sainikshetkari/reportbackend.sainikshetkari.org/src/config/db.js:205:23)
    at startServer (/home/sainikshetkari/reportbackend.sainikshetkari.org/server.js:45:15)
    at Object.<anonymous> (/home/sainikshetkari/reportbackend.sainikshetkari.org/server.js:112:1)
    at Module._compile (node:internal/modules/cjs/loader:1521:14)
    at Module._extensions..js (node:internal/modules/cjs/loader:1623:10)
    at Module.load (node:internal/modules/cjs/loader:1266:32)
    at Module._load (node:internal/modules/cjs/loader:1091:12)
    at Module.require (node:internal/modules/cjs/loader:1289:19)
    at require (node:internal/modules/helpers:182:18) {
  code: 'ER_ACCESS_DENIED_ERROR',
  errno: 1045,
  sqlState: '28000',
  sqlMessage: "Access denied for user 'admin_sainikshetkari'@'localhost' (using password: YES)",
  sql: undefined
}
========================================
=================================
❌ MYSQL DATABASE CONNECTION FAILED
Database: sainikshetkari_reporting
User: admin_sainikshetkari
Host: localhost
Error: Access denied for user 'admin_sainikshetkari'@'localhost' (using password: YES)
=================================
Database test failed: Access denied for user 'admin_sainikshetkari'@'localhost' (using password: YES)
========================================
❌ SERVER STARTUP FAILED
Error: Access denied for user 'admin_sainikshetkari'@'localhost' (using password: YES)
    at connectDatabase (/home/sainikshetkari/reportbackend.sainikshetkari.org/src/config/db.js:97:25)
    at testDatabaseConnection (/home/sainikshetkari/reportbackend.sainikshetkari.org/src/config/db.js:205:23)
    at startServer (/home/sainikshetkari/reportbackend.sainikshetkari.org/server.js:45:15)
    at Object.<anonymous> (/home/sainikshetkari/reportbackend.sainikshetkari.org/server.js:112:1)
    at Module._compile (node:internal/modules/cjs/loader:1521:14)
    at Module._extensions..js (node:internal/modules/cjs/loader:1623:10)
    at Module.load (node:internal/modules/cjs/loader:1266:32)
    at Module._load (node:internal/modules/cjs/loader:1091:12)
    at Module.require (node:internal/modules/cjs/loader:1289:19)
    at require (node:internal/modules/helpers:182:18) {
  code: 'ER_ACCESS_DENIED_ERROR',
  errno: 1045,
  sqlState: '28000',
  sqlMessage: "Access denied for user 'admin_sainikshetkari'@'localhost' (using password: YES)",
  sql: undefined
}
========================================
=================================
❌ MYSQL DATABASE CONNECTION FAILED
Database: sainikshetkari_reporting
User: admin_sainikshetkari
Host: localhost
Error: Access denied for user 'admin_sainikshetkari'@'localhost' (using password: YES)
=================================
Database test failed: Access denied for user 'admin_sainikshetkari'@'localhost' (using password: YES)
========================================
❌ SERVER STARTUP FAILED
Error: Access denied for user 'admin_sainikshetkari'@'localhost' (using password: YES)
    at connectDatabase (/home/sainikshetkari/reportbackend.sainikshetkari.org/src/config/db.js:97:25)
    at testDatabaseConnection (/home/sainikshetkari/reportbackend.sainikshetkari.org/src/config/db.js:205:23)
    at startServer (/home/sainikshetkari/reportbackend.sainikshetkari.org/server.js:45:15)
    at Object.<anonymous> (/home/sainikshetkari/reportbackend.sainikshetkari.org/server.js:112:1)
    at Module._compile (node:internal/modules/cjs/loader:1521:14)
    at Module._extensions..js (node:internal/modules/cjs/loader:1623:10)
    at Module.load (node:internal/modules/cjs/loader:1266:32)
    at Module._load (node:internal/modules/cjs/loader:1091:12)
    at Module.require (node:internal/modules/cjs/loader:1289:19)
    at require (node:internal/modules/helpers:182:18) {
  code: 'ER_ACCESS_DENIED_ERROR',
  errno: 1045,
  sqlState: '28000',
  sqlMessage: "Access denied for user 'admin_sainikshetkari'@'localhost' (using password: YES)",
  sql: undefined
}
========================================
=================================
❌ MYSQL DATABASE CONNECTION FAILED
Database: sainikshetkari_reporting
User: admin_sainikshetkari
Host: localhost
Error: Access denied for user 'admin_sainikshetkari'@'localhost' (using password: YES)
=================================
Database test failed: Access denied for user 'admin_sainikshetkari'@'localhost' (using password: YES)
========================================
❌ SERVER STARTUP FAILED
Error: Access denied for user 'admin_sainikshetkari'@'localhost' (using password: YES)
    at connectDatabase (/home/sainikshetkari/reportbackend.sainikshetkari.org/src/config/db.js:97:25)
    at testDatabaseConnection (/home/sainikshetkari/reportbackend.sainikshetkari.org/src/config/db.js:205:23)
    at startServer (/home/sainikshetkari/reportbackend.sainikshetkari.org/server.js:45:15)
    at Object.<anonymous> (/home/sainikshetkari/reportbackend.sainikshetkari.org/server.js:112:1)
    at Module._compile (node:internal/modules/cjs/loader:1521:14)
    at Module._extensions..js (node:internal/modules/cjs/loader:1623:10)
    at Module.load (node:internal/modules/cjs/loader:1266:32)
    at Module._load (node:internal/modules/cjs/loader:1091:12)
    at Module.require (node:internal/modules/cjs/loader:1289:19)
    at require (node:internal/modules/helpers:182:18) {
  code: 'ER_ACCESS_DENIED_ERROR',
  errno: 1045,
  sqlState: '28000',
  sqlMessage: "Access denied for user 'admin_sainikshetkari'@'localhost' (using password: YES)",
  sql: undefined
}
========================================
=================================
❌ MYSQL DATABASE CONNECTION FAILED
Database: sainikshetkari_reporting
User: admin_sainikshetkari
Host: localhost
Error: Access denied for user 'admin_sainikshetkari'@'localhost' (using password: YES)
=================================
Database test failed: Access denied for user 'admin_sainikshetkari'@'localhost' (using password: YES)
========================================
❌ SERVER STARTUP FAILED
Error: Access denied for user 'admin_sainikshetkari'@'localhost' (using password: YES)
    at connectDatabase (/home/sainikshetkari/reportbackend.sainikshetkari.org/src/config/db.js:97:25)
    at testDatabaseConnection (/home/sainikshetkari/reportbackend.sainikshetkari.org/src/config/db.js:205:23)
    at startServer (/home/sainikshetkari/reportbackend.sainikshetkari.org/server.js:45:15)
    at Object.<anonymous> (/home/sainikshetkari/reportbackend.sainikshetkari.org/server.js:112:1)
    at Module._compile (node:internal/modules/cjs/loader:1521:14)
    at Module._extensions..js (node:internal/modules/cjs/loader:1623:10)
    at Module.load (node:internal/modules/cjs/loader:1266:32)
    at Module._load (node:internal/modules/cjs/loader:1091:12)
    at Module.require (node:internal/modules/cjs/loader:1289:19)
    at require (node:internal/modules/helpers:182:18) {
  code: 'ER_ACCESS_DENIED_ERROR',
  errno: 1045,
  sqlState: '28000',
  sqlMessage: "Access denied for user 'admin_sainikshetkari'@'localhost' (using password: YES)",
  sql: undefined
}
========================================
=================================
❌ MYSQL DATABASE CONNECTION FAILED
Database: sainikshetkari_reporting
User: admin_sainikshetkari
Host: localhost
Error: Access denied for user 'admin_sainikshetkari'@'localhost' (using password: YES)
=================================
Database test failed: Access denied for user 'admin_sainikshetkari'@'localhost' (using password: YES)
========================================
❌ SERVER STARTUP FAILED
Error: Access denied for user 'admin_sainikshetkari'@'localhost' (using password: YES)
    at connectDatabase (/home/sainikshetkari/reportbackend.sainikshetkari.org/src/config/db.js:97:25)
    at testDatabaseConnection (/home/sainikshetkari/reportbackend.sainikshetkari.org/src/config/db.js:205:23)
    at startServer (/home/sainikshetkari/reportbackend.sainikshetkari.org/server.js:45:15)
    at Object.<anonymous> (/home/sainikshetkari/reportbackend.sainikshetkari.org/server.js:112:1)
    at Module._compile (node:internal/modules/cjs/loader:1521:14)
    at Module._extensions..js (node:internal/modules/cjs/loader:1623:10)
    at Module.load (node:internal/modules/cjs/loader:1266:32)
    at Module._load (node:internal/modules/cjs/loader:1091:12)
    at Module.require (node:internal/modules/cjs/loader:1289:19)
    at require (node:internal/modules/helpers:182:18) {
  code: 'ER_ACCESS_DENIED_ERROR',
  errno: 1045,
  sqlState: '28000',
  sqlMessage: "Access denied for user 'admin_sainikshetkari'@'localhost' (using password: YES)",
  sql: undefined
}
========================================
node:internal/modules/cjs/loader:1433
  throw err;
  ^

Error: Cannot find module 'dotenv'
Require stack:
- /home/sainikshetkari/reportbackend.sainikshetkari.org/server.js
- /usr/local/lsws/fcgi-bin/lsnode.js
    at Module._resolveFilename (node:internal/modules/cjs/loader:1430:15)
    at defaultResolveImpl (node:internal/modules/cjs/loader:1040:19)
    at resolveForCJSWithHooks (node:internal/modules/cjs/loader:1045:22)
    at Module._load (node:internal/modules/cjs/loader:1216:25)
    at wrapModuleLoad (node:internal/modules/cjs/loader:254:19)
    at Module.require (node:internal/modules/cjs/loader:1527:12)
    at require (node:internal/modules/helpers:147:16)
    at Object.<anonymous> (/home/sainikshetkari/reportbackend.sainikshetkari.org/server.js:1:1)
    at Module._compile (node:internal/modules/cjs/loader:1781:14)
    at Module._extensions..js (node:internal/modules/cjs/loader:1913:10) {
  code: 'MODULE_NOT_FOUND',
  requireStack: [
    '/home/sainikshetkari/reportbackend.sainikshetkari.org/server.js',
    '/usr/local/lsws/fcgi-bin/lsnode.js'
  ]
}

Node.js v22.23.2
node:internal/modules/cjs/loader:1433
  throw err;
  ^

Error: Cannot find module 'dotenv'
Require stack:
- /home/sainikshetkari/reportbackend.sainikshetkari.org/server.js
- /usr/local/lsws/fcgi-bin/lsnode.js
    at Module._resolveFilename (node:internal/modules/cjs/loader:1430:15)
    at defaultResolveImpl (node:internal/modules/cjs/loader:1040:19)
    at resolveForCJSWithHooks (node:internal/modules/cjs/loader:1045:22)
    at Module._load (node:internal/modules/cjs/loader:1216:25)
    at wrapModuleLoad (node:internal/modules/cjs/loader:254:19)
    at Module.require (node:internal/modules/cjs/loader:1527:12)
    at require (node:internal/modules/helpers:147:16)
    at Object.<anonymous> (/home/sainikshetkari/reportbackend.sainikshetkari.org/server.js:1:1)
    at Module._compile (node:internal/modules/cjs/loader:1781:14)
    at Module._extensions..js (node:internal/modules/cjs/loader:1913:10) {
  code: 'MODULE_NOT_FOUND',
  requireStack: [
    '/home/sainikshetkari/reportbackend.sainikshetkari.org/server.js',
    '/usr/local/lsws/fcgi-bin/lsnode.js'
  ]
}

Node.js v22.23.2
=================================
❌ MYSQL DATABASE CONNECTION FAILED
Database: sainikshetkari_reporting
User: admin_sainikshetkari
Host: localhost
Error: Access denied for user 'admin_sainikshetkari'@'localhost' (using password: YES)
=================================
Database test failed: Access denied for user 'admin_sainikshetkari'@'localhost' (using password: YES)
========================================
❌ SERVER STARTUP FAILED
Error: Access denied for user 'admin_sainikshetkari'@'localhost' (using password: YES)
    at connectDatabase (/home/sainikshetkari/reportbackend.sainikshetkari.org/src/config/db.js:97:25)
    at testDatabaseConnection (/home/sainikshetkari/reportbackend.sainikshetkari.org/src/config/db.js:205:23)
    at startServer (/home/sainikshetkari/reportbackend.sainikshetkari.org/server.js:45:15)
    at Object.<anonymous> (/home/sainikshetkari/reportbackend.sainikshetkari.org/server.js:112:1)
    at Module._compile (node:internal/modules/cjs/loader:1781:14)
    at Module._extensions..js (node:internal/modules/cjs/loader:1913:10)
    at Module.load (node:internal/modules/cjs/loader:1505:32)
    at Module._load (node:internal/modules/cjs/loader:1309:12)
    at wrapModuleLoad (node:internal/modules/cjs/loader:254:19)
    at Module.require (node:internal/modules/cjs/loader:1527:12) {
  code: 'ER_ACCESS_DENIED_ERROR',
  errno: 1045,
  sqlState: '28000',
  sqlMessage: "Access denied for user 'admin_sainikshetkari'@'localhost' (using password: YES)",
  sql: undefined
}
========================================
=================================
❌ MYSQL DATABASE CONNECTION FAILED
Database: sainikshetkari_reporting
User: admin_sainikshetkari
Host: localhost
Error: Access denied for user 'admin_sainikshetkari'@'localhost' (using password: YES)
=================================
Database test failed: Access denied for user 'admin_sainikshetkari'@'localhost' (using password: YES)
========================================
❌ SERVER STARTUP FAILED
Error: Access denied for user 'admin_sainikshetkari'@'localhost' (using password: YES)
    at connectDatabase (/home/sainikshetkari/reportbackend.sainikshetkari.org/src/config/db.js:97:25)
    at testDatabaseConnection (/home/sainikshetkari/reportbackend.sainikshetkari.org/src/config/db.js:205:23)
    at startServer (/home/sainikshetkari/reportbackend.sainikshetkari.org/server.js:45:15)
    at Object.<anonymous> (/home/sainikshetkari/reportbackend.sainikshetkari.org/server.js:112:1)
    at Module._compile (node:internal/modules/cjs/loader:1781:14)
    at Module._extensions..js (node:internal/modules/cjs/loader:1913:10)
    at Module.load (node:internal/modules/cjs/loader:1505:32)
    at Module._load (node:internal/modules/cjs/loader:1309:12)
    at wrapModuleLoad (node:internal/modules/cjs/loader:254:19)
    at Module.require (node:internal/modules/cjs/loader:1527:12) {
  code: 'ER_ACCESS_DENIED_ERROR',
  errno: 1045,
  sqlState: '28000',
  sqlMessage: "Access denied for user 'admin_sainikshetkari'@'localhost' (using password: YES)",
  sql: undefined
}
========================================
=================================
❌ MYSQL DATABASE CONNECTION FAILED
Database: sainikshetkari_reporting
User: admin_sainikshetkari
Host: localhost
Error: Access denied for user 'admin_sainikshetkari'@'localhost' (using password: YES)
=================================
Database test failed: Access denied for user 'admin_sainikshetkari'@'localhost' (using password: YES)
========================================
❌ SERVER STARTUP FAILED
Error: Access denied for user 'admin_sainikshetkari'@'localhost' (using password: YES)
    at connectDatabase (/home/sainikshetkari/reportbackend.sainikshetkari.org/src/config/db.js:97:25)
    at testDatabaseConnection (/home/sainikshetkari/reportbackend.sainikshetkari.org/src/config/db.js:205:23)
    at startServer (/home/sainikshetkari/reportbackend.sainikshetkari.org/server.js:45:15)
    at Object.<anonymous> (/home/sainikshetkari/reportbackend.sainikshetkari.org/server.js:112:1)
    at Module._compile (node:internal/modules/cjs/loader:1781:14)
    at Module._extensions..js (node:internal/modules/cjs/loader:1913:10)
    at Module.load (node:internal/modules/cjs/loader:1505:32)
    at Module._load (node:internal/modules/cjs/loader:1309:12)
    at wrapModuleLoad (node:internal/modules/cjs/loader:254:19)
    at Module.require (node:internal/modules/cjs/loader:1527:12) {
  code: 'ER_ACCESS_DENIED_ERROR',
  errno: 1045,
  sqlState: '28000',
  sqlMessage: "Access denied for user 'admin_sainikshetkari'@'localhost' (using password: YES)",
  sql: undefined
}
========================================
=================================
❌ MYSQL DATABASE CONNECTION FAILED
Database: sainikshetkari_reporting
User: admin_sainikshetkari
Host: localhost
Error: Access denied for user 'admin_sainikshetkari'@'localhost' (using password: YES)
=================================
Database test failed: Access denied for user 'admin_sainikshetkari'@'localhost' (using password: YES)
========================================
❌ SERVER STARTUP FAILED
Error: Access denied for user 'admin_sainikshetkari'@'localhost' (using password: YES)
    at connectDatabase (/home/sainikshetkari/reportbackend.sainikshetkari.org/src/config/db.js:97:25)
    at testDatabaseConnection (/home/sainikshetkari/reportbackend.sainikshetkari.org/src/config/db.js:205:23)
    at startServer (/home/sainikshetkari/reportbackend.sainikshetkari.org/server.js:45:15)
    at Object.<anonymous> (/home/sainikshetkari/reportbackend.sainikshetkari.org/server.js:112:1)
    at Module._compile (node:internal/modules/cjs/loader:1781:14)
    at Module._extensions..js (node:internal/modules/cjs/loader:1913:10)
    at Module.load (node:internal/modules/cjs/loader:1505:32)
    at Module._load (node:internal/modules/cjs/loader:1309:12)
    at wrapModuleLoad (node:internal/modules/cjs/loader:254:19)
    at Module.require (node:internal/modules/cjs/loader:1527:12) {
  code: 'ER_ACCESS_DENIED_ERROR',
  errno: 1045,
  sqlState: '28000',
  sqlMessage: "Access denied for user 'admin_sainikshetkari'@'localhost' (using password: YES)",
  sql: undefined
}
========================================
=================================
❌ MYSQL DATABASE CONNECTION FAILED
Database: sainikshetkari_reporting
User: admin_sainikshetkari
Host: localhost
Error: Access denied for user 'admin_sainikshetkari'@'localhost' (using password: YES)
=================================
Database test failed: Access denied for user 'admin_sainikshetkari'@'localhost' (using password: YES)
========================================
❌ SERVER STARTUP FAILED
Error: Access denied for user 'admin_sainikshetkari'@'localhost' (using password: YES)
    at connectDatabase (/home/sainikshetkari/reportbackend.sainikshetkari.org/src/config/db.js:97:25)
    at testDatabaseConnection (/home/sainikshetkari/reportbackend.sainikshetkari.org/src/config/db.js:205:23)
    at startServer (/home/sainikshetkari/reportbackend.sainikshetkari.org/server.js:45:15)
    at Object.<anonymous> (/home/sainikshetkari/reportbackend.sainikshetkari.org/server.js:112:1)
    at Module._compile (node:internal/modules/cjs/loader:1781:14)
    at Module._extensions..js (node:internal/modules/cjs/loader:1913:10)
    at Module.load (node:internal/modules/cjs/loader:1505:32)
    at Module._load (node:internal/modules/cjs/loader:1309:12)
    at wrapModuleLoad (node:internal/modules/cjs/loader:254:19)
    at Module.require (node:internal/modules/cjs/loader:1527:12) {
  code: 'ER_ACCESS_DENIED_ERROR',
  errno: 1045,
  sqlState: '28000',
  sqlMessage: "Access denied for user 'admin_sainikshetkari'@'localhost' (using password: YES)",
  sql: undefined
}
========================================
=================================
❌ MYSQL DATABASE CONNECTION FAILED
Database: sainikshetkari_reporting
User: admin_sainikshetkari
Host: localhost
Error: Access denied for user 'admin_sainikshetkari'@'localhost' (using password: YES)
=================================
Database test failed: Access denied for user 'admin_sainikshetkari'@'localhost' (using password: YES)
========================================
❌ SERVER STARTUP FAILED
Error: Access denied for user 'admin_sainikshetkari'@'localhost' (using password: YES)
    at connectDatabase (/home/sainikshetkari/reportbackend.sainikshetkari.org/src/config/db.js:97:25)
    at testDatabaseConnection (/home/sainikshetkari/reportbackend.sainikshetkari.org/src/config/db.js:205:23)
    at startServer (/home/sainikshetkari/reportbackend.sainikshetkari.org/server.js:45:15)
    at Object.<anonymous> (/home/sainikshetkari/reportbackend.sainikshetkari.org/server.js:112:1)
    at Module._compile (node:internal/modules/cjs/loader:1781:14)
    at Module._extensions..js (node:internal/modules/cjs/loader:1913:10)
    at Module.load (node:internal/modules/cjs/loader:1505:32)
    at Module._load (node:internal/modules/cjs/loader:1309:12)
    at wrapModuleLoad (node:internal/modules/cjs/loader:254:19)
    at Module.require (node:internal/modules/cjs/loader:1527:12) {
  code: 'ER_ACCESS_DENIED_ERROR',
  errno: 1045,
  sqlState: '28000',
  sqlMessage: "Access denied for user 'admin_sainikshetkari'@'localhost' (using password: YES)",
  sql: undefined
}
========================================
=================================
❌ MYSQL DATABASE CONNECTION FAILED
Database: sainikshetkari_reporting
User: admin_sainikshetkari
Host: localhost
Error: Access denied for user 'admin_sainikshetkari'@'localhost' (using password: YES)
=================================
Database test failed: Access denied for user 'admin_sainikshetkari'@'localhost' (using password: YES)
========================================
❌ SERVER STARTUP FAILED
Error: Access denied for user 'admin_sainikshetkari'@'localhost' (using password: YES)
    at connectDatabase (/home/sainikshetkari/reportbackend.sainikshetkari.org/src/config/db.js:97:25)
    at testDatabaseConnection (/home/sainikshetkari/reportbackend.sainikshetkari.org/src/config/db.js:205:23)
    at startServer (/home/sainikshetkari/reportbackend.sainikshetkari.org/server.js:45:15)
    at Object.<anonymous> (/home/sainikshetkari/reportbackend.sainikshetkari.org/server.js:112:1)
    at Module._compile (node:internal/modules/cjs/loader:1781:14)
    at Module._extensions..js (node:internal/modules/cjs/loader:1913:10)
    at Module.load (node:internal/modules/cjs/loader:1505:32)
    at Module._load (node:internal/modules/cjs/loader:1309:12)
    at wrapModuleLoad (node:internal/modules/cjs/loader:254:19)
    at Module.require (node:internal/modules/cjs/loader:1527:12) {
  code: 'ER_ACCESS_DENIED_ERROR',
  errno: 1045,
  sqlState: '28000',
  sqlMessage: "Access denied for user 'admin_sainikshetkari'@'localhost' (using password: YES)",
  sql: undefined
}
========================================
=================================
❌ MYSQL DATABASE CONNECTION FAILED
Database: sainikshetkari_reporting
User: admin_sainikshetkari
Host: localhost
Error: Access denied for user 'admin_sainikshetkari'@'localhost' (using password: YES)
=================================
Database test failed: Access denied for user 'admin_sainikshetkari'@'localhost' (using password: YES)
========================================
❌ SERVER STARTUP FAILED
Error: Access denied for user 'admin_sainikshetkari'@'localhost' (using password: YES)
    at connectDatabase (/home/sainikshetkari/reportbackend.sainikshetkari.org/src/config/db.js:97:25)
    at testDatabaseConnection (/home/sainikshetkari/reportbackend.sainikshetkari.org/src/config/db.js:205:23)
    at startServer (/home/sainikshetkari/reportbackend.sainikshetkari.org/server.js:45:15)
    at Object.<anonymous> (/home/sainikshetkari/reportbackend.sainikshetkari.org/server.js:112:1)
    at Module._compile (node:internal/modules/cjs/loader:1781:14)
    at Module._extensions..js (node:internal/modules/cjs/loader:1913:10)
    at Module.load (node:internal/modules/cjs/loader:1505:32)
    at Module._load (node:internal/modules/cjs/loader:1309:12)
    at wrapModuleLoad (node:internal/modules/cjs/loader:254:19)
    at Module.require (node:internal/modules/cjs/loader:1527:12) {
  code: 'ER_ACCESS_DENIED_ERROR',
  errno: 1045,
  sqlState: '28000',
  sqlMessage: "Access denied for user 'admin_sainikshetkari'@'localhost' (using password: YES)",
  sql: undefined
}
========================================
=================================
❌ MYSQL DATABASE CONNECTION FAILED
Database: sainikshetkari_reporting
User: admin_sainikshetkari
Host: localhost
Error: Access denied for user 'admin_sainikshetkari'@'localhost' (using password: YES)
=================================
Database test failed: Access denied for user 'admin_sainikshetkari'@'localhost' (using password: YES)
========================================
❌ SERVER STARTUP FAILED
Error: Access denied for user 'admin_sainikshetkari'@'localhost' (using password: YES)
    at connectDatabase (/home/sainikshetkari/reportbackend.sainikshetkari.org/src/config/db.js:97:25)
    at testDatabaseConnection (/home/sainikshetkari/reportbackend.sainikshetkari.org/src/config/db.js:205:23)
    at startServer (/home/sainikshetkari/reportbackend.sainikshetkari.org/server.js:45:15)
    at Object.<anonymous> (/home/sainikshetkari/reportbackend.sainikshetkari.org/server.js:112:1)
    at Module._compile (node:internal/modules/cjs/loader:1781:14)
    at Module._extensions..js (node:internal/modules/cjs/loader:1913:10)
    at Module.load (node:internal/modules/cjs/loader:1505:32)
    at Module._load (node:internal/modules/cjs/loader:1309:12)
    at wrapModuleLoad (node:internal/modules/cjs/loader:254:19)
    at Module.require (node:internal/modules/cjs/loader:1527:12) {
  code: 'ER_ACCESS_DENIED_ERROR',
  errno: 1045,
  sqlState: '28000',
  sqlMessage: "Access denied for user 'admin_sainikshetkari'@'localhost' (using password: YES)",
  sql: undefined
}
========================================
=================================
❌ MYSQL DATABASE CONNECTION FAILED
Database: sainikshetkari_reporting
User: admin_sainikshetkari
Host: localhost
Error: Access denied for user 'admin_sainikshetkari'@'localhost' (using password: YES)
=================================
Database test failed: Access denied for user 'admin_sainikshetkari'@'localhost' (using password: YES)
========================================
❌ SERVER STARTUP FAILED
Error: Access denied for user 'admin_sainikshetkari'@'localhost' (using password: YES)
    at connectDatabase (/home/sainikshetkari/reportbackend.sainikshetkari.org/src/config/db.js:97:25)
    at testDatabaseConnection (/home/sainikshetkari/reportbackend.sainikshetkari.org/src/config/db.js:205:23)
    at startServer (/home/sainikshetkari/reportbackend.sainikshetkari.org/server.js:45:15)
    at Object.<anonymous> (/home/sainikshetkari/reportbackend.sainikshetkari.org/server.js:112:1)
    at Module._compile (node:internal/modules/cjs/loader:1781:14)
    at Module._extensions..js (node:internal/modules/cjs/loader:1913:10)
    at Module.load (node:internal/modules/cjs/loader:1505:32)
    at Module._load (node:internal/modules/cjs/loader:1309:12)
    at wrapModuleLoad (node:internal/modules/cjs/loader:254:19)
    at Module.require (node:internal/modules/cjs/loader:1527:12) {
  code: 'ER_ACCESS_DENIED_ERROR',
  errno: 1045,
  sqlState: '28000',
  sqlMessage: "Access denied for user 'admin_sainikshetkari'@'localhost' (using password: YES)",
  sql: undefined
}
========================================
=================================
❌ MYSQL DATABASE CONNECTION FAILED
Database: sainikshetkari_reporting
User: admin_sainikshetkari
Host: localhost
Error: Access denied for user 'admin_sainikshetkari'@'localhost' (using password: YES)
=================================
Database test failed: Access denied for user 'admin_sainikshetkari'@'localhost' (using password: YES)
========================================
❌ SERVER STARTUP FAILED
Error: Access denied for user 'admin_sainikshetkari'@'localhost' (using password: YES)
    at connectDatabase (/home/sainikshetkari/reportbackend.sainikshetkari.org/src/config/db.js:97:25)
    at testDatabaseConnection (/home/sainikshetkari/reportbackend.sainikshetkari.org/src/config/db.js:205:23)
    at startServer (/home/sainikshetkari/reportbackend.sainikshetkari.org/server.js:45:15)
    at Object.<anonymous> (/home/sainikshetkari/reportbackend.sainikshetkari.org/server.js:112:1)
    at Module._compile (node:internal/modules/cjs/loader:1781:14)
    at Module._extensions..js (node:internal/modules/cjs/loader:1913:10)
    at Module.load (node:internal/modules/cjs/loader:1505:32)
    at Module._load (node:internal/modules/cjs/loader:1309:12)
    at wrapModuleLoad (node:internal/modules/cjs/loader:254:19)
    at Module.require (node:internal/modules/cjs/loader:1527:12) {
  code: 'ER_ACCESS_DENIED_ERROR',
  errno: 1045,
  sqlState: '28000',
  sqlMessage: "Access denied for user 'admin_sainikshetkari'@'localhost' (using password: YES)",
  sql: undefined
}
========================================
=================================
❌ MYSQL DATABASE CONNECTION FAILED
Database: sainikshetkari_reporting
User: admin_sainikshetkari
Host: localhost
Error: Access denied for user 'admin_sainikshetkari'@'localhost' (using password: YES)
=================================
Database test failed: Access denied for user 'admin_sainikshetkari'@'localhost' (using password: YES)
========================================
❌ SERVER STARTUP FAILED
Error: Access denied for user 'admin_sainikshetkari'@'localhost' (using password: YES)
    at connectDatabase (/home/sainikshetkari/reportbackend.sainikshetkari.org/src/config/db.js:97:25)
    at testDatabaseConnection (/home/sainikshetkari/reportbackend.sainikshetkari.org/src/config/db.js:205:23)
    at startServer (/home/sainikshetkari/reportbackend.sainikshetkari.org/server.js:45:15)
    at Object.<anonymous> (/home/sainikshetkari/reportbackend.sainikshetkari.org/server.js:112:1)
    at Module._compile (node:internal/modules/cjs/loader:1781:14)
    at Module._extensions..js (node:internal/modules/cjs/loader:1913:10)
    at Module.load (node:internal/modules/cjs/loader:1505:32)
    at Module._load (node:internal/modules/cjs/loader:1309:12)
    at wrapModuleLoad (node:internal/modules/cjs/loader:254:19)
    at Module.require (node:internal/modules/cjs/loader:1527:12) {
  code: 'ER_ACCESS_DENIED_ERROR',
  errno: 1045,
  sqlState: '28000',
  sqlMessage: "Access denied for user 'admin_sainikshetkari'@'localhost' (using password: YES)",
  sql: undefined
}
========================================
=================================
❌ MYSQL DATABASE CONNECTION FAILED
Database: sainikshetkari_reporting
User: admin_sainikshetkari
Host: localhost
Error: Access denied for user 'admin_sainikshetkari'@'localhost' (using password: YES)
=================================
Database test failed: Access denied for user 'admin_sainikshetkari'@'localhost' (using password: YES)
========================================
❌ SERVER STARTUP FAILED
Error: Access denied for user 'admin_sainikshetkari'@'localhost' (using password: YES)
    at connectDatabase (/home/sainikshetkari/reportbackend.sainikshetkari.org/src/config/db.js:97:25)
    at testDatabaseConnection (/home/sainikshetkari/reportbackend.sainikshetkari.org/src/config/db.js:205:23)
    at startServer (/home/sainikshetkari/reportbackend.sainikshetkari.org/server.js:45:15)
    at Object.<anonymous> (/home/sainikshetkari/reportbackend.sainikshetkari.org/server.js:112:1)
    at Module._compile (node:internal/modules/cjs/loader:1781:14)
    at Module._extensions..js (node:internal/modules/cjs/loader:1913:10)
    at Module.load (node:internal/modules/cjs/loader:1505:32)
    at Module._load (node:internal/modules/cjs/loader:1309:12)
    at wrapModuleLoad (node:internal/modules/cjs/loader:254:19)
    at Module.require (node:internal/modules/cjs/loader:1527:12) {
  code: 'ER_ACCESS_DENIED_ERROR',
  errno: 1045,
  sqlState: '28000',
  sqlMessage: "Access denied for user 'admin_sainikshetkari'@'localhost' (using password: YES)",
  sql: undefined
}
========================================
=================================
❌ MYSQL DATABASE CONNECTION FAILED
Database: sainikshetkari_reporting
User: admin_sainikshetkari
Host: localhost
Error: Access denied for user 'admin_sainikshetkari'@'localhost' (using password: YES)
=================================
Database test failed: Access denied for user 'admin_sainikshetkari'@'localhost' (using password: YES)
========================================
❌ SERVER STARTUP FAILED
Error: Access denied for user 'admin_sainikshetkari'@'localhost' (using password: YES)
    at connectDatabase (/home/sainikshetkari/reportbackend.sainikshetkari.org/src/config/db.js:97:25)
    at testDatabaseConnection (/home/sainikshetkari/reportbackend.sainikshetkari.org/src/config/db.js:205:23)
    at startServer (/home/sainikshetkari/reportbackend.sainikshetkari.org/server.js:45:15)
    at Object.<anonymous> (/home/sainikshetkari/reportbackend.sainikshetkari.org/server.js:112:1)
    at Module._compile (node:internal/modules/cjs/loader:1781:14)
    at Module._extensions..js (node:internal/modules/cjs/loader:1913:10)
    at Module.load (node:internal/modules/cjs/loader:1505:32)
    at Module._load (node:internal/modules/cjs/loader:1309:12)
    at wrapModuleLoad (node:internal/modules/cjs/loader:254:19)
    at Module.require (node:internal/modules/cjs/loader:1527:12) {
  code: 'ER_ACCESS_DENIED_ERROR',
  errno: 1045,
  sqlState: '28000',
  sqlMessage: "Access denied for user 'admin_sainikshetkari'@'localhost' (using password: YES)",
  sql: undefined
}
========================================
=================================
❌ MYSQL DATABASE CONNECTION FAILED
Database: sainikshetkari_reporting
User: admin_sainikshetkari
Host: localhost
Error: Access denied for user 'admin_sainikshetkari'@'localhost' (using password: YES)
=================================
Database test failed: Access denied for user 'admin_sainikshetkari'@'localhost' (using password: YES)
========================================
❌ SERVER STARTUP FAILED
Error: Access denied for user 'admin_sainikshetkari'@'localhost' (using password: YES)
    at connectDatabase (/home/sainikshetkari/reportbackend.sainikshetkari.org/src/config/db.js:97:25)
    at testDatabaseConnection (/home/sainikshetkari/reportbackend.sainikshetkari.org/src/config/db.js:205:23)
    at startServer (/home/sainikshetkari/reportbackend.sainikshetkari.org/server.js:45:15)
    at Object.<anonymous> (/home/sainikshetkari/reportbackend.sainikshetkari.org/server.js:112:1)
    at Module._compile (node:internal/modules/cjs/loader:1781:14)
    at Module._extensions..js (node:internal/modules/cjs/loader:1913:10)
    at Module.load (node:internal/modules/cjs/loader:1505:32)
    at Module._load (node:internal/modules/cjs/loader:1309:12)
    at wrapModuleLoad (node:internal/modules/cjs/loader:254:19)
    at Module.require (node:internal/modules/cjs/loader:1527:12) {
  code: 'ER_ACCESS_DENIED_ERROR',
  errno: 1045,
  sqlState: '28000',
  sqlMessage: "Access denied for user 'admin_sainikshetkari'@'localhost' (using password: YES)",
  sql: undefined
}
========================================
=================================
❌ MYSQL DATABASE CONNECTION FAILED
Database: sainikshetkari_reporting
User: admin_sainikshetkari
Host: localhost
Error: Access denied for user 'admin_sainikshetkari'@'localhost' (using password: YES)
=================================
Database test failed: Access denied for user 'admin_sainikshetkari'@'localhost' (using password: YES)
========================================
❌ SERVER STARTUP FAILED
Error: Access denied for user 'admin_sainikshetkari'@'localhost' (using password: YES)
    at connectDatabase (/home/sainikshetkari/reportbackend.sainikshetkari.org/src/config/db.js:97:25)
    at testDatabaseConnection (/home/sainikshetkari/reportbackend.sainikshetkari.org/src/config/db.js:205:23)
    at startServer (/home/sainikshetkari/reportbackend.sainikshetkari.org/server.js:45:15)
    at Object.<anonymous> (/home/sainikshetkari/reportbackend.sainikshetkari.org/server.js:112:1)
    at Module._compile (node:internal/modules/cjs/loader:1781:14)
    at Module._extensions..js (node:internal/modules/cjs/loader:1913:10)
    at Module.load (node:internal/modules/cjs/loader:1505:32)
    at Module._load (node:internal/modules/cjs/loader:1309:12)
    at wrapModuleLoad (node:internal/modules/cjs/loader:254:19)
    at Module.require (node:internal/modules/cjs/loader:1527:12) {
  code: 'ER_ACCESS_DENIED_ERROR',
  errno: 1045,
  sqlState: '28000',
  sqlMessage: "Access denied for user 'admin_sainikshetkari'@'localhost' (using password: YES)",
  sql: undefined
}
========================================
=================================
❌ MYSQL DATABASE CONNECTION FAILED
Database: sainikshetkari_reporting
User: admin_sainikshetkari
Host: localhost
Error: Access denied for user 'admin_sainikshetkari'@'localhost' (using password: YES)
=================================
Database test failed: Access denied for user 'admin_sainikshetkari'@'localhost' (using password: YES)
========================================
❌ SERVER STARTUP FAILED
Error: Access denied for user 'admin_sainikshetkari'@'localhost' (using password: YES)
    at connectDatabase (/home/sainikshetkari/reportbackend.sainikshetkari.org/src/config/db.js:97:25)
    at testDatabaseConnection (/home/sainikshetkari/reportbackend.sainikshetkari.org/src/config/db.js:205:23)
    at startServer (/home/sainikshetkari/reportbackend.sainikshetkari.org/server.js:45:15)
    at Object.<anonymous> (/home/sainikshetkari/reportbackend.sainikshetkari.org/server.js:112:1)
    at Module._compile (node:internal/modules/cjs/loader:1781:14)
    at Module._extensions..js (node:internal/modules/cjs/loader:1913:10)
    at Module.load (node:internal/modules/cjs/loader:1505:32)
    at Module._load (node:internal/modules/cjs/loader:1309:12)
    at wrapModuleLoad (node:internal/modules/cjs/loader:254:19)
    at Module.require (node:internal/modules/cjs/loader:1527:12) {
  code: 'ER_ACCESS_DENIED_ERROR',
  errno: 1045,
  sqlState: '28000',
  sqlMessage: "Access denied for user 'admin_sainikshetkari'@'localhost' (using password: YES)",
  sql: undefined
}
========================================
=================================
❌ MYSQL DATABASE CONNECTION FAILED
Database: sainikshetkari_reporting
User: admin_sainikshetkari
Host: localhost
Error: Access denied for user 'admin_sainikshetkari'@'localhost' (using password: YES)
=================================
Database test failed: Access denied for user 'admin_sainikshetkari'@'localhost' (using password: YES)
========================================
❌ SERVER STARTUP FAILED
Error: Access denied for user 'admin_sainikshetkari'@'localhost' (using password: YES)
    at connectDatabase (/home/sainikshetkari/reportbackend.sainikshetkari.org/src/config/db.js:97:25)
    at testDatabaseConnection (/home/sainikshetkari/reportbackend.sainikshetkari.org/src/config/db.js:205:23)
    at startServer (/home/sainikshetkari/reportbackend.sainikshetkari.org/server.js:45:15)
    at Object.<anonymous> (/home/sainikshetkari/reportbackend.sainikshetkari.org/server.js:112:1)
    at Module._compile (node:internal/modules/cjs/loader:1781:14)
    at Module._extensions..js (node:internal/modules/cjs/loader:1913:10)
    at Module.load (node:internal/modules/cjs/loader:1505:32)
    at Module._load (node:internal/modules/cjs/loader:1309:12)
    at wrapModuleLoad (node:internal/modules/cjs/loader:254:19)
    at Module.require (node:internal/modules/cjs/loader:1527:12) {
  code: 'ER_ACCESS_DENIED_ERROR',
  errno: 1045,
  sqlState: '28000',
  sqlMessage: "Access denied for user 'admin_sainikshetkari'@'localhost' (using password: YES)",
  sql: undefined
}
========================================
=================================
❌ MYSQL DATABASE CONNECTION FAILED
Database: sainikshetkari_reporting
User: admin_sainikshetkari
Host: localhost
Error: Access denied for user 'admin_sainikshetkari'@'localhost' (using password: YES)
=================================
Database test failed: Access denied for user 'admin_sainikshetkari'@'localhost' (using password: YES)
========================================
❌ SERVER STARTUP FAILED
Error: Access denied for user 'admin_sainikshetkari'@'localhost' (using password: YES)
    at connectDatabase (/home/sainikshetkari/reportbackend.sainikshetkari.org/src/config/db.js:97:25)
    at testDatabaseConnection (/home/sainikshetkari/reportbackend.sainikshetkari.org/src/config/db.js:205:23)
    at startServer (/home/sainikshetkari/reportbackend.sainikshetkari.org/server.js:45:15)
    at Object.<anonymous> (/home/sainikshetkari/reportbackend.sainikshetkari.org/server.js:112:1)
    at Module._compile (node:internal/modules/cjs/loader:1781:14)
    at Module._extensions..js (node:internal/modules/cjs/loader:1913:10)
    at Module.load (node:internal/modules/cjs/loader:1505:32)
    at Module._load (node:internal/modules/cjs/loader:1309:12)
    at wrapModuleLoad (node:internal/modules/cjs/loader:254:19)
    at Module.require (node:internal/modules/cjs/loader:1527:12) {
  code: 'ER_ACCESS_DENIED_ERROR',
  errno: 1045,
  sqlState: '28000',
  sqlMessage: "Access denied for user 'admin_sainikshetkari'@'localhost' (using password: YES)",
  sql: undefined
}
========================================
=================================
❌ MYSQL DATABASE CONNECTION FAILED
Database: sainikshetkari_reporting
User: admin_sainikshetkari
Host: localhost
Error: Access denied for user 'admin_sainikshetkari'@'localhost' (using password: YES)
=================================
Database test failed: Access denied for user 'admin_sainikshetkari'@'localhost' (using password: YES)
========================================
❌ SERVER STARTUP FAILED
Error: Access denied for user 'admin_sainikshetkari'@'localhost' (using password: YES)
    at connectDatabase (/home/sainikshetkari/reportbackend.sainikshetkari.org/src/config/db.js:97:25)
    at testDatabaseConnection (/home/sainikshetkari/reportbackend.sainikshetkari.org/src/config/db.js:205:23)
    at startServer (/home/sainikshetkari/reportbackend.sainikshetkari.org/server.js:45:15)
    at Object.<anonymous> (/home/sainikshetkari/reportbackend.sainikshetkari.org/server.js:112:1)
    at Module._compile (node:internal/modules/cjs/loader:1781:14)
    at Module._extensions..js (node:internal/modules/cjs/loader:1913:10)
    at Module.load (node:internal/modules/cjs/loader:1505:32)
    at Module._load (node:internal/modules/cjs/loader:1309:12)
    at wrapModuleLoad (node:internal/modules/cjs/loader:254:19)
    at Module.require (node:internal/modules/cjs/loader:1527:12) {
  code: 'ER_ACCESS_DENIED_ERROR',
  errno: 1045,
  sqlState: '28000',
  sqlMessage: "Access denied for user 'admin_sainikshetkari'@'localhost' (using password: YES)",
  sql: undefined
}
========================================
=================================
❌ MYSQL DATABASE CONNECTION FAILED
Database: sainikshetkari_reporting
User: admin_sainikshetkari
Host: localhost
Error: Access denied for user 'admin_sainikshetkari'@'localhost' (using password: YES)
=================================
Database test failed: Access denied for user 'admin_sainikshetkari'@'localhost' (using password: YES)
========================================
❌ SERVER STARTUP FAILED
Error: Access denied for user 'admin_sainikshetkari'@'localhost' (using password: YES)
    at connectDatabase (/home/sainikshetkari/reportbackend.sainikshetkari.org/src/config/db.js:97:25)
    at testDatabaseConnection (/home/sainikshetkari/reportbackend.sainikshetkari.org/src/config/db.js:205:23)
    at startServer (/home/sainikshetkari/reportbackend.sainikshetkari.org/server.js:45:15)
    at Object.<anonymous> (/home/sainikshetkari/reportbackend.sainikshetkari.org/server.js:112:1)
    at Module._compile (node:internal/modules/cjs/loader:1781:14)
    at Module._extensions..js (node:internal/modules/cjs/loader:1913:10)
    at Module.load (node:internal/modules/cjs/loader:1505:32)
    at Module._load (node:internal/modules/cjs/loader:1309:12)
    at wrapModuleLoad (node:internal/modules/cjs/loader:254:19)
    at Module.require (node:internal/modules/cjs/loader:1527:12) {
  code: 'ER_ACCESS_DENIED_ERROR',
  errno: 1045,
  sqlState: '28000',
  sqlMessage: "Access denied for user 'admin_sainikshetkari'@'localhost' (using password: YES)",
  sql: undefined
}
========================================
=================================
❌ MYSQL DATABASE CONNECTION FAILED
Database: sainikshetkari_reporting
User: admin_sainikshetkari
Host: localhost
Error: Access denied for user 'admin_sainikshetkari'@'localhost' (using password: YES)
=================================
Database test failed: Access denied for user 'admin_sainikshetkari'@'localhost' (using password: YES)
========================================
❌ SERVER STARTUP FAILED
Error: Access denied for user 'admin_sainikshetkari'@'localhost' (using password: YES)
    at connectDatabase (/home/sainikshetkari/reportbackend.sainikshetkari.org/src/config/db.js:97:25)
    at testDatabaseConnection (/home/sainikshetkari/reportbackend.sainikshetkari.org/src/config/db.js:205:23)
    at startServer (/home/sainikshetkari/reportbackend.sainikshetkari.org/server.js:45:15)
    at Object.<anonymous> (/home/sainikshetkari/reportbackend.sainikshetkari.org/server.js:112:1)
    at Module._compile (node:internal/modules/cjs/loader:1781:14)
    at Module._extensions..js (node:internal/modules/cjs/loader:1913:10)
    at Module.load (node:internal/modules/cjs/loader:1505:32)
    at Module._load (node:internal/modules/cjs/loader:1309:12)
    at wrapModuleLoad (node:internal/modules/cjs/loader:254:19)
    at Module.require (node:internal/modules/cjs/loader:1527:12) {
  code: 'ER_ACCESS_DENIED_ERROR',
  errno: 1045,
  sqlState: '28000',
  sqlMessage: "Access denied for user 'admin_sainikshetkari'@'localhost' (using password: YES)",
  sql: undefined
}
========================================
=================================
❌ MYSQL DATABASE CONNECTION FAILED
Database: sainikshetkari_reporting
User: admin_sainikshetkari
Host: localhost
Error: Access denied for user 'admin_sainikshetkari'@'localhost' (using password: YES)
=================================
Database test failed: Access denied for user 'admin_sainikshetkari'@'localhost' (using password: YES)
========================================
❌ SERVER STARTUP FAILED
Error: Access denied for user 'admin_sainikshetkari'@'localhost' (using password: YES)
    at connectDatabase (/home/sainikshetkari/reportbackend.sainikshetkari.org/src/config/db.js:97:25)
    at testDatabaseConnection (/home/sainikshetkari/reportbackend.sainikshetkari.org/src/config/db.js:205:23)
    at startServer (/home/sainikshetkari/reportbackend.sainikshetkari.org/server.js:45:15)
    at Object.<anonymous> (/home/sainikshetkari/reportbackend.sainikshetkari.org/server.js:112:1)
    at Module._compile (node:internal/modules/cjs/loader:1781:14)
    at Module._extensions..js (node:internal/modules/cjs/loader:1913:10)
    at Module.load (node:internal/modules/cjs/loader:1505:32)
    at Module._load (node:internal/modules/cjs/loader:1309:12)
    at wrapModuleLoad (node:internal/modules/cjs/loader:254:19)
    at Module.require (node:internal/modules/cjs/loader:1527:12) {
  code: 'ER_ACCESS_DENIED_ERROR',
  errno: 1045,
  sqlState: '28000',
  sqlMessage: "Access denied for user 'admin_sainikshetkari'@'localhost' (using password: YES)",
  sql: undefined
}
========================================
=================================
❌ MYSQL DATABASE CONNECTION FAILED
Database: sainikshetkari_reporting
User: admin_sainikshetkari
Host: localhost
Error: Access denied for user 'admin_sainikshetkari'@'localhost' (using password: YES)
=================================
Database test failed: Access denied for user 'admin_sainikshetkari'@'localhost' (using password: YES)
========================================
❌ SERVER STARTUP FAILED
Error: Access denied for user 'admin_sainikshetkari'@'localhost' (using password: YES)
    at connectDatabase (/home/sainikshetkari/reportbackend.sainikshetkari.org/src/config/db.js:97:25)
    at testDatabaseConnection (/home/sainikshetkari/reportbackend.sainikshetkari.org/src/config/db.js:205:23)
    at startServer (/home/sainikshetkari/reportbackend.sainikshetkari.org/server.js:45:15)
    at Object.<anonymous> (/home/sainikshetkari/reportbackend.sainikshetkari.org/server.js:112:1)
    at Module._compile (node:internal/modules/cjs/loader:1781:14)
    at Module._extensions..js (node:internal/modules/cjs/loader:1913:10)
    at Module.load (node:internal/modules/cjs/loader:1505:32)
    at Module._load (node:internal/modules/cjs/loader:1309:12)
    at wrapModuleLoad (node:internal/modules/cjs/loader:254:19)
    at Module.require (node:internal/modules/cjs/loader:1527:12) {
  code: 'ER_ACCESS_DENIED_ERROR',
  errno: 1045,
  sqlState: '28000',
  sqlMessage: "Access denied for user 'admin_sainikshetkari'@'localhost' (using password: YES)",
  sql: undefined
}
========================================
=================================
❌ MYSQL DATABASE CONNECTION FAILED
Database: sainikshetkari_reporting
User: admin_sainikshetkari
Host: localhost
Error: Access denied for user 'admin_sainikshetkari'@'localhost' (using password: YES)
=================================
Database test failed: Access denied for user 'admin_sainikshetkari'@'localhost' (using password: YES)
========================================
❌ SERVER STARTUP FAILED
Error: Access denied for user 'admin_sainikshetkari'@'localhost' (using password: YES)
    at connectDatabase (/home/sainikshetkari/reportbackend.sainikshetkari.org/src/config/db.js:97:25)
    at testDatabaseConnection (/home/sainikshetkari/reportbackend.sainikshetkari.org/src/config/db.js:205:23)
    at startServer (/home/sainikshetkari/reportbackend.sainikshetkari.org/server.js:45:15)
    at Object.<anonymous> (/home/sainikshetkari/reportbackend.sainikshetkari.org/server.js:112:1)
    at Module._compile (node:internal/modules/cjs/loader:1781:14)
    at Module._extensions..js (node:internal/modules/cjs/loader:1913:10)
    at Module.load (node:internal/modules/cjs/loader:1505:32)
    at Module._load (node:internal/modules/cjs/loader:1309:12)
    at wrapModuleLoad (node:internal/modules/cjs/loader:254:19)
    at Module.require (node:internal/modules/cjs/loader:1527:12) {
  code: 'ER_ACCESS_DENIED_ERROR',
  errno: 1045,
  sqlState: '28000',
  sqlMessage: "Access denied for user 'admin_sainikshetkari'@'localhost' (using password: YES)",
  sql: undefined
}
========================================
=================================
❌ MYSQL DATABASE CONNECTION FAILED
Database: sainikshetkari_reporting
User: admin_sainikshetkari
Host: localhost
Error: Access denied for user 'admin_sainikshetkari'@'localhost' (using password: YES)
=================================
Database test failed: Access denied for user 'admin_sainikshetkari'@'localhost' (using password: YES)
========================================
❌ SERVER STARTUP FAILED
Error: Access denied for user 'admin_sainikshetkari'@'localhost' (using password: YES)
    at connectDatabase (/home/sainikshetkari/reportbackend.sainikshetkari.org/src/config/db.js:97:25)
    at testDatabaseConnection (/home/sainikshetkari/reportbackend.sainikshetkari.org/src/config/db.js:205:23)
    at startServer (/home/sainikshetkari/reportbackend.sainikshetkari.org/server.js:45:15)
    at Object.<anonymous> (/home/sainikshetkari/reportbackend.sainikshetkari.org/server.js:112:1)
    at Module._compile (node:internal/modules/cjs/loader:1781:14)
    at Module._extensions..js (node:internal/modules/cjs/loader:1913:10)
    at Module.load (node:internal/modules/cjs/loader:1505:32)
    at Module._load (node:internal/modules/cjs/loader:1309:12)
    at wrapModuleLoad (node:internal/modules/cjs/loader:254:19)
    at Module.require (node:internal/modules/cjs/loader:1527:12) {
  code: 'ER_ACCESS_DENIED_ERROR',
  errno: 1045,
  sqlState: '28000',
  sqlMessage: "Access denied for user 'admin_sainikshetkari'@'localhost' (using password: YES)",
  sql: undefined
}
========================================
=================================
❌ MYSQL DATABASE CONNECTION FAILED
Database: sainikshetkari_reporting
User: admin_sainikshetkari
Host: localhost
Error: Access denied for user 'admin_sainikshetkari'@'localhost' (using password: YES)
=================================
Database test failed: Access denied for user 'admin_sainikshetkari'@'localhost' (using password: YES)
========================================
❌ SERVER STARTUP FAILED
Error: Access denied for user 'admin_sainikshetkari'@'localhost' (using password: YES)
    at connectDatabase (/home/sainikshetkari/reportbackend.sainikshetkari.org/src/config/db.js:97:25)
    at testDatabaseConnection (/home/sainikshetkari/reportbackend.sainikshetkari.org/src/config/db.js:205:23)
    at startServer (/home/sainikshetkari/reportbackend.sainikshetkari.org/server.js:45:15)
    at Object.<anonymous> (/home/sainikshetkari/reportbackend.sainikshetkari.org/server.js:112:1)
    at Module._compile (node:internal/modules/cjs/loader:1781:14)
    at Module._extensions..js (node:internal/modules/cjs/loader:1913:10)
    at Module.load (node:internal/modules/cjs/loader:1505:32)
    at Module._load (node:internal/modules/cjs/loader:1309:12)
    at wrapModuleLoad (node:internal/modules/cjs/loader:254:19)
    at Module.require (node:internal/modules/cjs/loader:1527:12) {
  code: 'ER_ACCESS_DENIED_ERROR',
  errno: 1045,
  sqlState: '28000',
  sqlMessage: "Access denied for user 'admin_sainikshetkari'@'localhost' (using password: YES)",
  sql: undefined
}
========================================
=================================
❌ MYSQL DATABASE CONNECTION FAILED
Database: sainikshetkari_reporting
User: admin_sainikshetkari
Host: localhost
Error: Access denied for user 'admin_sainikshetkari'@'localhost' (using password: YES)
=================================
Database test failed: Access denied for user 'admin_sainikshetkari'@'localhost' (using password: YES)
========================================
❌ SERVER STARTUP FAILED
Error: Access denied for user 'admin_sainikshetkari'@'localhost' (using password: YES)
    at connectDatabase (/home/sainikshetkari/reportbackend.sainikshetkari.org/src/config/db.js:97:25)
    at testDatabaseConnection (/home/sainikshetkari/reportbackend.sainikshetkari.org/src/config/db.js:205:23)
    at startServer (/home/sainikshetkari/reportbackend.sainikshetkari.org/server.js:45:15)
    at Object.<anonymous> (/home/sainikshetkari/reportbackend.sainikshetkari.org/server.js:112:1)
    at Module._compile (node:internal/modules/cjs/loader:1781:14)
    at Module._extensions..js (node:internal/modules/cjs/loader:1913:10)
    at Module.load (node:internal/modules/cjs/loader:1505:32)
    at Module._load (node:internal/modules/cjs/loader:1309:12)
    at wrapModuleLoad (node:internal/modules/cjs/loader:254:19)
    at Module.require (node:internal/modules/cjs/loader:1527:12) {
  code: 'ER_ACCESS_DENIED_ERROR',
  errno: 1045,
  sqlState: '28000',
  sqlMessage: "Access denied for user 'admin_sainikshetkari'@'localhost' (using password: YES)",
  sql: undefined
}
========================================
=================================
❌ MYSQL DATABASE CONNECTION FAILED
Database: sainikshetkari_reporting
User: admin_sainikshetkari
Host: localhost
Error: Access denied for user 'admin_sainikshetkari'@'localhost' (using password: YES)
=================================
Database test failed: Access denied for user 'admin_sainikshetkari'@'localhost' (using password: YES)
========================================
❌ SERVER STARTUP FAILED
Error: Access denied for user 'admin_sainikshetkari'@'localhost' (using password: YES)
    at connectDatabase (/home/sainikshetkari/reportbackend.sainikshetkari.org/src/config/db.js:97:25)
    at testDatabaseConnection (/home/sainikshetkari/reportbackend.sainikshetkari.org/src/config/db.js:205:23)
    at startServer (/home/sainikshetkari/reportbackend.sainikshetkari.org/server.js:45:15)
    at Object.<anonymous> (/home/sainikshetkari/reportbackend.sainikshetkari.org/server.js:112:1)
    at Module._compile (node:internal/modules/cjs/loader:1781:14)
    at Module._extensions..js (node:internal/modules/cjs/loader:1913:10)
    at Module.load (node:internal/modules/cjs/loader:1505:32)
    at Module._load (node:internal/modules/cjs/loader:1309:12)
    at wrapModuleLoad (node:internal/modules/cjs/loader:254:19)
    at Module.require (node:internal/modules/cjs/loader:1527:12) {
  code: 'ER_ACCESS_DENIED_ERROR',
  errno: 1045,
  sqlState: '28000',
  sqlMessage: "Access denied for user 'admin_sainikshetkari'@'localhost' (using password: YES)",
  sql: undefined
}
========================================
=================================
❌ MYSQL DATABASE CONNECTION FAILED
Database: sainikshetkari_reporting
User: admin_sainikshetkari
Host: localhost
Error: Access denied for user 'admin_sainikshetkari'@'localhost' (using password: YES)
=================================
Database test failed: Access denied for user 'admin_sainikshetkari'@'localhost' (using password: YES)
========================================
❌ SERVER STARTUP FAILED
Error: Access denied for user 'admin_sainikshetkari'@'localhost' (using password: YES)
    at connectDatabase (/home/sainikshetkari/reportbackend.sainikshetkari.org/src/config/db.js:97:25)
    at testDatabaseConnection (/home/sainikshetkari/reportbackend.sainikshetkari.org/src/config/db.js:205:23)
    at startServer (/home/sainikshetkari/reportbackend.sainikshetkari.org/server.js:45:15)
    at Object.<anonymous> (/home/sainikshetkari/reportbackend.sainikshetkari.org/server.js:112:1)
    at Module._compile (node:internal/modules/cjs/loader:1781:14)
    at Module._extensions..js (node:internal/modules/cjs/loader:1913:10)
    at Module.load (node:internal/modules/cjs/loader:1505:32)
    at Module._load (node:internal/modules/cjs/loader:1309:12)
    at wrapModuleLoad (node:internal/modules/cjs/loader:254:19)
    at Module.require (node:internal/modules/cjs/loader:1527:12) {
  code: 'ER_ACCESS_DENIED_ERROR',
  errno: 1045,
  sqlState: '28000',
  sqlMessage: "Access denied for user 'admin_sainikshetkari'@'localhost' (using password: YES)",
  sql: undefined
}
========================================
=================================
❌ MYSQL DATABASE CONNECTION FAILED
Database: sainikshetkari_reporting
User: admin_sainikshetkari
Host: localhost
Error: Access denied for user 'admin_sainikshetkari'@'localhost' (using password: YES)
=================================
Database test failed: Access denied for user 'admin_sainikshetkari'@'localhost' (using password: YES)
========================================
❌ SERVER STARTUP FAILED
Error: Access denied for user 'admin_sainikshetkari'@'localhost' (using password: YES)
    at connectDatabase (/home/sainikshetkari/reportbackend.sainikshetkari.org/src/config/db.js:97:25)
    at testDatabaseConnection (/home/sainikshetkari/reportbackend.sainikshetkari.org/src/config/db.js:205:23)
    at startServer (/home/sainikshetkari/reportbackend.sainikshetkari.org/server.js:45:15)
    at Object.<anonymous> (/home/sainikshetkari/reportbackend.sainikshetkari.org/server.js:112:1)
    at Module._compile (node:internal/modules/cjs/loader:1781:14)
    at Module._extensions..js (node:internal/modules/cjs/loader:1913:10)
    at Module.load (node:internal/modules/cjs/loader:1505:32)
    at Module._load (node:internal/modules/cjs/loader:1309:12)
    at wrapModuleLoad (node:internal/modules/cjs/loader:254:19)
    at Module.require (node:internal/modules/cjs/loader:1527:12) {
  code: 'ER_ACCESS_DENIED_ERROR',
  errno: 1045,
  sqlState: '28000',
  sqlMessage: "Access denied for user 'admin_sainikshetkari'@'localhost' (using password: YES)",
  sql: undefined
}
========================================
=================================
❌ MYSQL DATABASE CONNECTION FAILED
Database: sainikshetkari_reporting
User: admin_sainikshetkari
Host: localhost
Error: Access denied for user 'admin_sainikshetkari'@'localhost' (using password: YES)
=================================
Database test failed: Access denied for user 'admin_sainikshetkari'@'localhost' (using password: YES)
========================================
❌ SERVER STARTUP FAILED
Error: Access denied for user 'admin_sainikshetkari'@'localhost' (using password: YES)
    at connectDatabase (/home/sainikshetkari/reportbackend.sainikshetkari.org/src/config/db.js:97:25)
    at testDatabaseConnection (/home/sainikshetkari/reportbackend.sainikshetkari.org/src/config/db.js:205:23)
    at startServer (/home/sainikshetkari/reportbackend.sainikshetkari.org/server.js:45:15)
    at Object.<anonymous> (/home/sainikshetkari/reportbackend.sainikshetkari.org/server.js:112:1)
    at Module._compile (node:internal/modules/cjs/loader:1781:14)
    at Module._extensions..js (node:internal/modules/cjs/loader:1913:10)
    at Module.load (node:internal/modules/cjs/loader:1505:32)
    at Module._load (node:internal/modules/cjs/loader:1309:12)
    at wrapModuleLoad (node:internal/modules/cjs/loader:254:19)
    at Module.require (node:internal/modules/cjs/loader:1527:12) {
  code: 'ER_ACCESS_DENIED_ERROR',
  errno: 1045,
  sqlState: '28000',
  sqlMessage: "Access denied for user 'admin_sainikshetkari'@'localhost' (using password: YES)",
  sql: undefined
}
========================================
=================================
❌ MYSQL DATABASE CONNECTION FAILED
Database: sainikshetkari_reporting
User: admin_sainikshetkari
Host: localhost
Error: Access denied for user 'admin_sainikshetkari'@'localhost' (using password: YES)
=================================
Database test failed: Access denied for user 'admin_sainikshetkari'@'localhost' (using password: YES)
========================================
❌ SERVER STARTUP FAILED
Error: Access denied for user 'admin_sainikshetkari'@'localhost' (using password: YES)
    at connectDatabase (/home/sainikshetkari/reportbackend.sainikshetkari.org/src/config/db.js:97:25)
    at testDatabaseConnection (/home/sainikshetkari/reportbackend.sainikshetkari.org/src/config/db.js:205:23)
    at startServer (/home/sainikshetkari/reportbackend.sainikshetkari.org/server.js:45:15)
    at Object.<anonymous> (/home/sainikshetkari/reportbackend.sainikshetkari.org/server.js:112:1)
    at Module._compile (node:internal/modules/cjs/loader:1781:14)
    at Module._extensions..js (node:internal/modules/cjs/loader:1913:10)
    at Module.load (node:internal/modules/cjs/loader:1505:32)
    at Module._load (node:internal/modules/cjs/loader:1309:12)
    at wrapModuleLoad (node:internal/modules/cjs/loader:254:19)
    at Module.require (node:internal/modules/cjs/loader:1527:12) {
  code: 'ER_ACCESS_DENIED_ERROR',
  errno: 1045,
  sqlState: '28000',
  sqlMessage: "Access denied for user 'admin_sainikshetkari'@'localhost' (using password: YES)",
  sql: undefined
}
========================================
=================================
❌ MYSQL DATABASE CONNECTION FAILED
Database: sainikshetkari_reporting
User: admin_sainikshetkari
Host: localhost
Error: Access denied for user 'admin_sainikshetkari'@'localhost' (using password: YES)
=================================
Database test failed: Access denied for user 'admin_sainikshetkari'@'localhost' (using password: YES)
========================================
❌ SERVER STARTUP FAILED
Error: Access denied for user 'admin_sainikshetkari'@'localhost' (using password: YES)
    at connectDatabase (/home/sainikshetkari/reportbackend.sainikshetkari.org/src/config/db.js:97:25)
    at testDatabaseConnection (/home/sainikshetkari/reportbackend.sainikshetkari.org/src/config/db.js:205:23)
    at startServer (/home/sainikshetkari/reportbackend.sainikshetkari.org/server.js:45:15)
    at Object.<anonymous> (/home/sainikshetkari/reportbackend.sainikshetkari.org/server.js:112:1)
    at Module._compile (node:internal/modules/cjs/loader:1781:14)
    at Module._extensions..js (node:internal/modules/cjs/loader:1913:10)
    at Module.load (node:internal/modules/cjs/loader:1505:32)
    at Module._load (node:internal/modules/cjs/loader:1309:12)
    at wrapModuleLoad (node:internal/modules/cjs/loader:254:19)
    at Module.require (node:internal/modules/cjs/loader:1527:12) {
  code: 'ER_ACCESS_DENIED_ERROR',
  errno: 1045,
  sqlState: '28000',
  sqlMessage: "Access denied for user 'admin_sainikshetkari'@'localhost' (using password: YES)",
  sql: undefined
}
========================================
=================================
❌ MYSQL DATABASE CONNECTION FAILED
Database: sainikshetkari_reporting
User: admin_sainikshetkari
Host: localhost
Error: Access denied for user 'admin_sainikshetkari'@'localhost' (using password: YES)
=================================
Database test failed: Access denied for user 'admin_sainikshetkari'@'localhost' (using password: YES)
========================================
❌ SERVER STARTUP FAILED
Error: Access denied for user 'admin_sainikshetkari'@'localhost' (using password: YES)
    at connectDatabase (/home/sainikshetkari/reportbackend.sainikshetkari.org/src/config/db.js:97:25)
    at testDatabaseConnection (/home/sainikshetkari/reportbackend.sainikshetkari.org/src/config/db.js:205:23)
    at startServer (/home/sainikshetkari/reportbackend.sainikshetkari.org/server.js:45:15)
    at Object.<anonymous> (/home/sainikshetkari/reportbackend.sainikshetkari.org/server.js:112:1)
    at Module._compile (node:internal/modules/cjs/loader:1781:14)
    at Module._extensions..js (node:internal/modules/cjs/loader:1913:10)
    at Module.load (node:internal/modules/cjs/loader:1505:32)
    at Module._load (node:internal/modules/cjs/loader:1309:12)
    at wrapModuleLoad (node:internal/modules/cjs/loader:254:19)
    at Module.require (node:internal/modules/cjs/loader:1527:12) {
  code: 'ER_ACCESS_DENIED_ERROR',
  errno: 1045,
  sqlState: '28000',
  sqlMessage: "Access denied for user 'admin_sainikshetkari'@'localhost' (using password: YES)",
  sql: undefined
}
========================================
=================================
❌ MYSQL DATABASE CONNECTION FAILED
Database: sainikshetkari_reporting
User: admin_sainikshetkari
Host: localhost
Error: Access denied for user 'admin_sainikshetkari'@'localhost' (using password: YES)
=================================
Database test failed: Access denied for user 'admin_sainikshetkari'@'localhost' (using password: YES)
========================================
❌ SERVER STARTUP FAILED
Error: Access denied for user 'admin_sainikshetkari'@'localhost' (using password: YES)
    at connectDatabase (/home/sainikshetkari/reportbackend.sainikshetkari.org/src/config/db.js:97:25)
    at testDatabaseConnection (/home/sainikshetkari/reportbackend.sainikshetkari.org/src/config/db.js:205:23)
    at startServer (/home/sainikshetkari/reportbackend.sainikshetkari.org/server.js:45:15)
    at Object.<anonymous> (/home/sainikshetkari/reportbackend.sainikshetkari.org/server.js:112:1)
    at Module._compile (node:internal/modules/cjs/loader:1781:14)
    at Module._extensions..js (node:internal/modules/cjs/loader:1913:10)
    at Module.load (node:internal/modules/cjs/loader:1505:32)
    at Module._load (node:internal/modules/cjs/loader:1309:12)
    at wrapModuleLoad (node:internal/modules/cjs/loader:254:19)
    at Module.require (node:internal/modules/cjs/loader:1527:12) {
  code: 'ER_ACCESS_DENIED_ERROR',
  errno: 1045,
  sqlState: '28000',
  sqlMessage: "Access denied for user 'admin_sainikshetkari'@'localhost' (using password: YES)",
  sql: undefined
}
========================================
=================================
❌ MYSQL DATABASE CONNECTION FAILED
Database: sainikshetkari_reporting
User: admin_sainikshetkari
Host: localhost
Error: Access denied for user 'admin_sainikshetkari'@'localhost' (using password: YES)
=================================
Database test failed: Access denied for user 'admin_sainikshetkari'@'localhost' (using password: YES)
========================================
❌ SERVER STARTUP FAILED
Error: Access denied for user 'admin_sainikshetkari'@'localhost' (using password: YES)
    at connectDatabase (/home/sainikshetkari/reportbackend.sainikshetkari.org/src/config/db.js:97:25)
    at testDatabaseConnection (/home/sainikshetkari/reportbackend.sainikshetkari.org/src/config/db.js:205:23)
    at startServer (/home/sainikshetkari/reportbackend.sainikshetkari.org/server.js:45:15)
    at Object.<anonymous> (/home/sainikshetkari/reportbackend.sainikshetkari.org/server.js:112:1)
    at Module._compile (node:internal/modules/cjs/loader:1781:14)
    at Module._extensions..js (node:internal/modules/cjs/loader:1913:10)
    at Module.load (node:internal/modules/cjs/loader:1505:32)
    at Module._load (node:internal/modules/cjs/loader:1309:12)
    at wrapModuleLoad (node:internal/modules/cjs/loader:254:19)
    at Module.require (node:internal/modules/cjs/loader:1527:12) {
  code: 'ER_ACCESS_DENIED_ERROR',
  errno: 1045,
  sqlState: '28000',
  sqlMessage: "Access denied for user 'admin_sainikshetkari'@'localhost' (using password: YES)",
  sql: undefined
}
========================================
=================================
❌ MYSQL DATABASE CONNECTION FAILED
Database: sainikshetkari_reporting
User: admin_sainikshetkari
Host: localhost
Error: Access denied for user 'admin_sainikshetkari'@'localhost' (using password: YES)
=================================
Database test failed: Access denied for user 'admin_sainikshetkari'@'localhost' (using password: YES)
========================================
❌ SERVER STARTUP FAILED
Error: Access denied for user 'admin_sainikshetkari'@'localhost' (using password: YES)
    at connectDatabase (/home/sainikshetkari/reportbackend.sainikshetkari.org/src/config/db.js:97:25)
    at testDatabaseConnection (/home/sainikshetkari/reportbackend.sainikshetkari.org/src/config/db.js:205:23)
    at startServer (/home/sainikshetkari/reportbackend.sainikshetkari.org/server.js:45:15)
    at Object.<anonymous> (/home/sainikshetkari/reportbackend.sainikshetkari.org/server.js:112:1)
    at Module._compile (node:internal/modules/cjs/loader:1781:14)
    at Module._extensions..js (node:internal/modules/cjs/loader:1913:10)
    at Module.load (node:internal/modules/cjs/loader:1505:32)
    at Module._load (node:internal/modules/cjs/loader:1309:12)
    at wrapModuleLoad (node:internal/modules/cjs/loader:254:19)
    at Module.require (node:internal/modules/cjs/loader:1527:12) {
  code: 'ER_ACCESS_DENIED_ERROR',
  errno: 1045,
  sqlState: '28000',
  sqlMessage: "Access denied for user 'admin_sainikshetkari'@'localhost' (using password: YES)",
  sql: undefined
}
========================================
=================================
❌ MYSQL DATABASE CONNECTION FAILED
Database: sainikshetkari_reporting
User: admin_sainikshetkari
Host: localhost
Error: Access denied for user 'admin_sainikshetkari'@'localhost' (using password: YES)
=================================
Database test failed: Access denied for user 'admin_sainikshetkari'@'localhost' (using password: YES)
========================================
❌ SERVER STARTUP FAILED
Error: Access denied for user 'admin_sainikshetkari'@'localhost' (using password: YES)
    at connectDatabase (/home/sainikshetkari/reportbackend.sainikshetkari.org/src/config/db.js:97:25)
    at testDatabaseConnection (/home/sainikshetkari/reportbackend.sainikshetkari.org/src/config/db.js:205:23)
    at startServer (/home/sainikshetkari/reportbackend.sainikshetkari.org/server.js:45:15)
    at Object.<anonymous> (/home/sainikshetkari/reportbackend.sainikshetkari.org/server.js:112:1)
    at Module._compile (node:internal/modules/cjs/loader:1781:14)
    at Module._extensions..js (node:internal/modules/cjs/loader:1913:10)
    at Module.load (node:internal/modules/cjs/loader:1505:32)
    at Module._load (node:internal/modules/cjs/loader:1309:12)
    at wrapModuleLoad (node:internal/modules/cjs/loader:254:19)
    at Module.require (node:internal/modules/cjs/loader:1527:12) {
  code: 'ER_ACCESS_DENIED_ERROR',
  errno: 1045,
  sqlState: '28000',
  sqlMessage: "Access denied for user 'admin_sainikshetkari'@'localhost' (using password: YES)",
  sql: undefined
}
========================================
=================================
❌ MYSQL DATABASE CONNECTION FAILED
Database: sainikshetkari_reporting
User: admin_sainikshetkari
Host: localhost
Error: Access denied for user 'admin_sainikshetkari'@'localhost' (using password: YES)
=================================
Database test failed: Access denied for user 'admin_sainikshetkari'@'localhost' (using password: YES)
========================================
❌ SERVER STARTUP FAILED
Error: Access denied for user 'admin_sainikshetkari'@'localhost' (using password: YES)
    at connectDatabase (/home/sainikshetkari/reportbackend.sainikshetkari.org/src/config/db.js:97:25)
    at testDatabaseConnection (/home/sainikshetkari/reportbackend.sainikshetkari.org/src/config/db.js:205:23)
    at startServer (/home/sainikshetkari/reportbackend.sainikshetkari.org/server.js:45:15)
    at Object.<anonymous> (/home/sainikshetkari/reportbackend.sainikshetkari.org/server.js:112:1)
    at Module._compile (node:internal/modules/cjs/loader:1781:14)
    at Module._extensions..js (node:internal/modules/cjs/loader:1913:10)
    at Module.load (node:internal/modules/cjs/loader:1505:32)
    at Module._load (node:internal/modules/cjs/loader:1309:12)
    at wrapModuleLoad (node:internal/modules/cjs/loader:254:19)
    at Module.require (node:internal/modules/cjs/loader:1527:12) {
  code: 'ER_ACCESS_DENIED_ERROR',
  errno: 1045,
  sqlState: '28000',
  sqlMessage: "Access denied for user 'admin_sainikshetkari'@'localhost' (using password: YES)",
  sql: undefined
}
========================================
=================================
❌ MYSQL DATABASE CONNECTION FAILED
Database: sainikshetkari_reporting
User: admin_sainikshetkari
Host: localhost
Error: Access denied for user 'admin_sainikshetkari'@'localhost' (using password: YES)
=================================
Database test failed: Access denied for user 'admin_sainikshetkari'@'localhost' (using password: YES)
========================================
❌ SERVER STARTUP FAILED
Error: Access denied for user 'admin_sainikshetkari'@'localhost' (using password: YES)
    at connectDatabase (/home/sainikshetkari/reportbackend.sainikshetkari.org/src/config/db.js:97:25)
    at testDatabaseConnection (/home/sainikshetkari/reportbackend.sainikshetkari.org/src/config/db.js:205:23)
    at startServer (/home/sainikshetkari/reportbackend.sainikshetkari.org/server.js:45:15)
    at Object.<anonymous> (/home/sainikshetkari/reportbackend.sainikshetkari.org/server.js:112:1)
    at Module._compile (node:internal/modules/cjs/loader:1781:14)
    at Module._extensions..js (node:internal/modules/cjs/loader:1913:10)
    at Module.load (node:internal/modules/cjs/loader:1505:32)
    at Module._load (node:internal/modules/cjs/loader:1309:12)
    at wrapModuleLoad (node:internal/modules/cjs/loader:254:19)
    at Module.require (node:internal/modules/cjs/loader:1527:12) {
  code: 'ER_ACCESS_DENIED_ERROR',
  errno: 1045,
  sqlState: '28000',
  sqlMessage: "Access denied for user 'admin_sainikshetkari'@'localhost' (using password: YES)",
  sql: undefined
}
========================================
=================================
❌ MYSQL DATABASE CONNECTION FAILED
Database: sainikshetkari_reporting
User: admin_sainikshetkari
Host: localhost
Error: Access denied for user 'admin_sainikshetkari'@'localhost' (using password: YES)
=================================
Database test failed: Access denied for user 'admin_sainikshetkari'@'localhost' (using password: YES)
========================================
❌ SERVER STARTUP FAILED
Error: Access denied for user 'admin_sainikshetkari'@'localhost' (using password: YES)
    at connectDatabase (/home/sainikshetkari/reportbackend.sainikshetkari.org/src/config/db.js:97:25)
    at testDatabaseConnection (/home/sainikshetkari/reportbackend.sainikshetkari.org/src/config/db.js:205:23)
    at startServer (/home/sainikshetkari/reportbackend.sainikshetkari.org/server.js:45:15)
    at Object.<anonymous> (/home/sainikshetkari/reportbackend.sainikshetkari.org/server.js:112:1)
    at Module._compile (node:internal/modules/cjs/loader:1781:14)
    at Module._extensions..js (node:internal/modules/cjs/loader:1913:10)
    at Module.load (node:internal/modules/cjs/loader:1505:32)
    at Module._load (node:internal/modules/cjs/loader:1309:12)
    at wrapModuleLoad (node:internal/modules/cjs/loader:254:19)
    at Module.require (node:internal/modules/cjs/loader:1527:12) {
  code: 'ER_ACCESS_DENIED_ERROR',
  errno: 1045,
  sqlState: '28000',
  sqlMessage: "Access denied for user 'admin_sainikshetkari'@'localhost' (using password: YES)",
  sql: undefined
}
========================================
=================================
❌ MYSQL DATABASE CONNECTION FAILED
Database: sainikshetkari_reporting
User: admin_sainikshetkari
Host: localhost
Error: Access denied for user 'admin_sainikshetkari'@'localhost' (using password: YES)
=================================
Database test failed: Access denied for user 'admin_sainikshetkari'@'localhost' (using password: YES)
========================================
❌ SERVER STARTUP FAILED
Error: Access denied for user 'admin_sainikshetkari'@'localhost' (using password: YES)
    at connectDatabase (/home/sainikshetkari/reportbackend.sainikshetkari.org/src/config/db.js:97:25)
    at testDatabaseConnection (/home/sainikshetkari/reportbackend.sainikshetkari.org/src/config/db.js:205:23)
    at startServer (/home/sainikshetkari/reportbackend.sainikshetkari.org/server.js:45:15)
    at Object.<anonymous> (/home/sainikshetkari/reportbackend.sainikshetkari.org/server.js:112:1)
    at Module._compile (node:internal/modules/cjs/loader:1781:14)
    at Module._extensions..js (node:internal/modules/cjs/loader:1913:10)
    at Module.load (node:internal/modules/cjs/loader:1505:32)
    at Module._load (node:internal/modules/cjs/loader:1309:12)
    at wrapModuleLoad (node:internal/modules/cjs/loader:254:19)
    at Module.require (node:internal/modules/cjs/loader:1527:12) {
  code: 'ER_ACCESS_DENIED_ERROR',
  errno: 1045,
  sqlState: '28000',
  sqlMessage: "Access denied for user 'admin_sainikshetkari'@'localhost' (using password: YES)",
  sql: undefined
}
========================================
=================================
❌ MYSQL DATABASE CONNECTION FAILED
Database: sainikshetkari_reporting
User: admin_sainikshetkari
Host: localhost
Error: Access denied for user 'admin_sainikshetkari'@'localhost' (using password: YES)
=================================
Database test failed: Access denied for user 'admin_sainikshetkari'@'localhost' (using password: YES)
========================================
❌ SERVER STARTUP FAILED
Error: Access denied for user 'admin_sainikshetkari'@'localhost' (using password: YES)
    at connectDatabase (/home/sainikshetkari/reportbackend.sainikshetkari.org/src/config/db.js:97:25)
    at testDatabaseConnection (/home/sainikshetkari/reportbackend.sainikshetkari.org/src/config/db.js:205:23)
    at startServer (/home/sainikshetkari/reportbackend.sainikshetkari.org/server.js:45:15)
    at Object.<anonymous> (/home/sainikshetkari/reportbackend.sainikshetkari.org/server.js:112:1)
    at Module._compile (node:internal/modules/cjs/loader:1781:14)
    at Module._extensions..js (node:internal/modules/cjs/loader:1913:10)
    at Module.load (node:internal/modules/cjs/loader:1505:32)
    at Module._load (node:internal/modules/cjs/loader:1309:12)
    at wrapModuleLoad (node:internal/modules/cjs/loader:254:19)
    at Module.require (node:internal/modules/cjs/loader:1527:12) {
  code: 'ER_ACCESS_DENIED_ERROR',
  errno: 1045,
  sqlState: '28000',
  sqlMessage: "Access denied for user 'admin_sainikshetkari'@'localhost' (using password: YES)",
  sql: undefined
}
========================================
=================================
❌ MYSQL DATABASE CONNECTION FAILED
Database: sainikshetkari_reporting
User: admin_sainikshetkari
Host: localhost
Error: Access denied for user 'admin_sainikshetkari'@'localhost' (using password: YES)
=================================
Database test failed: Access denied for user 'admin_sainikshetkari'@'localhost' (using password: YES)
========================================
❌ SERVER STARTUP FAILED
Error: Access denied for user 'admin_sainikshetkari'@'localhost' (using password: YES)
    at connectDatabase (/home/sainikshetkari/reportbackend.sainikshetkari.org/src/config/db.js:97:25)
    at testDatabaseConnection (/home/sainikshetkari/reportbackend.sainikshetkari.org/src/config/db.js:205:23)
    at startServer (/home/sainikshetkari/reportbackend.sainikshetkari.org/server.js:45:15)
    at Object.<anonymous> (/home/sainikshetkari/reportbackend.sainikshetkari.org/server.js:112:1)
    at Module._compile (node:internal/modules/cjs/loader:1781:14)
    at Module._extensions..js (node:internal/modules/cjs/loader:1913:10)
    at Module.load (node:internal/modules/cjs/loader:1505:32)
    at Module._load (node:internal/modules/cjs/loader:1309:12)
    at wrapModuleLoad (node:internal/modules/cjs/loader:254:19)
    at Module.require (node:internal/modules/cjs/loader:1527:12) {
  code: 'ER_ACCESS_DENIED_ERROR',
  errno: 1045,
  sqlState: '28000',
  sqlMessage: "Access denied for user 'admin_sainikshetkari'@'localhost' (using password: YES)",
  sql: undefined
}
========================================
=================================
❌ MYSQL DATABASE CONNECTION FAILED
Database: sainikshetkari_reporting
User: admin_sainikshetkari
Host: localhost
Error: Access denied for user 'admin_sainikshetkari'@'localhost' (using password: YES)
=================================
Database test failed: Access denied for user 'admin_sainikshetkari'@'localhost' (using password: YES)
========================================
❌ SERVER STARTUP FAILED
Error: Access denied for user 'admin_sainikshetkari'@'localhost' (using password: YES)
    at connectDatabase (/home/sainikshetkari/reportbackend.sainikshetkari.org/src/config/db.js:97:25)
    at testDatabaseConnection (/home/sainikshetkari/reportbackend.sainikshetkari.org/src/config/db.js:205:23)
    at startServer (/home/sainikshetkari/reportbackend.sainikshetkari.org/server.js:45:15)
    at Object.<anonymous> (/home/sainikshetkari/reportbackend.sainikshetkari.org/server.js:112:1)
    at Module._compile (node:internal/modules/cjs/loader:1781:14)
    at Module._extensions..js (node:internal/modules/cjs/loader:1913:10)
    at Module.load (node:internal/modules/cjs/loader:1505:32)
    at Module._load (node:internal/modules/cjs/loader:1309:12)
    at wrapModuleLoad (node:internal/modules/cjs/loader:254:19)
    at Module.require (node:internal/modules/cjs/loader:1527:12) {
  code: 'ER_ACCESS_DENIED_ERROR',
  errno: 1045,
  sqlState: '28000',
  sqlMessage: "Access denied for user 'admin_sainikshetkari'@'localhost' (using password: YES)",
  sql: undefined
}
========================================
=================================
❌ MYSQL DATABASE CONNECTION FAILED
Database: sainikshetkari_reporting
User: admin_sainikshetkari
Host: localhost
Error: Access denied for user 'admin_sainikshetkari'@'localhost' (using password: YES)
=================================
Database test failed: Access denied for user 'admin_sainikshetkari'@'localhost' (using password: YES)
========================================
❌ SERVER STARTUP FAILED
Error: Access denied for user 'admin_sainikshetkari'@'localhost' (using password: YES)
    at connectDatabase (/home/sainikshetkari/reportbackend.sainikshetkari.org/src/config/db.js:97:25)
    at testDatabaseConnection (/home/sainikshetkari/reportbackend.sainikshetkari.org/src/config/db.js:205:23)
    at startServer (/home/sainikshetkari/reportbackend.sainikshetkari.org/server.js:45:15)
    at Object.<anonymous> (/home/sainikshetkari/reportbackend.sainikshetkari.org/server.js:112:1)
    at Module._compile (node:internal/modules/cjs/loader:1781:14)
    at Module._extensions..js (node:internal/modules/cjs/loader:1913:10)
    at Module.load (node:internal/modules/cjs/loader:1505:32)
    at Module._load (node:internal/modules/cjs/loader:1309:12)
    at wrapModuleLoad (node:internal/modules/cjs/loader:254:19)
    at Module.require (node:internal/modules/cjs/loader:1527:12) {
  code: 'ER_ACCESS_DENIED_ERROR',
  errno: 1045,
  sqlState: '28000',
  sqlMessage: "Access denied for user 'admin_sainikshetkari'@'localhost' (using password: YES)",
  sql: undefined
}
========================================
=================================
❌ MYSQL DATABASE CONNECTION FAILED
Database: sainikshetkari_reporting
User: admin_sainikshetkari
Host: localhost
Error: Access denied for user 'admin_sainikshetkari'@'localhost' (using password: YES)
=================================
Database test failed: Access denied for user 'admin_sainikshetkari'@'localhost' (using password: YES)
========================================
❌ SERVER STARTUP FAILED
Error: Access denied for user 'admin_sainikshetkari'@'localhost' (using password: YES)
    at connectDatabase (/home/sainikshetkari/reportbackend.sainikshetkari.org/src/config/db.js:97:25)
    at testDatabaseConnection (/home/sainikshetkari/reportbackend.sainikshetkari.org/src/config/db.js:205:23)
    at startServer (/home/sainikshetkari/reportbackend.sainikshetkari.org/server.js:45:15)
    at Object.<anonymous> (/home/sainikshetkari/reportbackend.sainikshetkari.org/server.js:112:1)
    at Module._compile (node:internal/modules/cjs/loader:1781:14)
    at Module._extensions..js (node:internal/modules/cjs/loader:1913:10)
    at Module.load (node:internal/modules/cjs/loader:1505:32)
    at Module._load (node:internal/modules/cjs/loader:1309:12)
    at wrapModuleLoad (node:internal/modules/cjs/loader:254:19)
    at Module.require (node:internal/modules/cjs/loader:1527:12) {
  code: 'ER_ACCESS_DENIED_ERROR',
  errno: 1045,
  sqlState: '28000',
  sqlMessage: "Access denied for user 'admin_sainikshetkari'@'localhost' (using password: YES)",
  sql: undefined
}
========================================
=================================
❌ MYSQL DATABASE CONNECTION FAILED
Database: sainikshetkari_reporting
User: admin_sainikshetkari
Host: localhost
Error: Access denied for user 'admin_sainikshetkari'@'localhost' (using password: YES)
=================================
Database test failed: Access denied for user 'admin_sainikshetkari'@'localhost' (using password: YES)
========================================
❌ SERVER STARTUP FAILED
Error: Access denied for user 'admin_sainikshetkari'@'localhost' (using password: YES)
    at connectDatabase (/home/sainikshetkari/reportbackend.sainikshetkari.org/src/config/db.js:97:25)
    at testDatabaseConnection (/home/sainikshetkari/reportbackend.sainikshetkari.org/src/config/db.js:205:23)
    at startServer (/home/sainikshetkari/reportbackend.sainikshetkari.org/server.js:45:15)
    at Object.<anonymous> (/home/sainikshetkari/reportbackend.sainikshetkari.org/server.js:112:1)
    at Module._compile (node:internal/modules/cjs/loader:1781:14)
    at Module._extensions..js (node:internal/modules/cjs/loader:1913:10)
    at Module.load (node:internal/modules/cjs/loader:1505:32)
    at Module._load (node:internal/modules/cjs/loader:1309:12)
    at wrapModuleLoad (node:internal/modules/cjs/loader:254:19)
    at Module.require (node:internal/modules/cjs/loader:1527:12) {
  code: 'ER_ACCESS_DENIED_ERROR',
  errno: 1045,
  sqlState: '28000',
  sqlMessage: "Access denied for user 'admin_sainikshetkari'@'localhost' (using password: YES)",
  sql: undefined
}
========================================
=================================
❌ MYSQL DATABASE CONNECTION FAILED
Database: sainikshetkari_reporting
User: admin_sainikshetkari
Host: localhost
Error: Access denied for user 'admin_sainikshetkari'@'localhost' (using password: YES)
=================================
Database test failed: Access denied for user 'admin_sainikshetkari'@'localhost' (using password: YES)
========================================
❌ SERVER STARTUP FAILED
Error: Access denied for user 'admin_sainikshetkari'@'localhost' (using password: YES)
    at connectDatabase (/home/sainikshetkari/reportbackend.sainikshetkari.org/src/config/db.js:97:25)
    at testDatabaseConnection (/home/sainikshetkari/reportbackend.sainikshetkari.org/src/config/db.js:205:23)
    at startServer (/home/sainikshetkari/reportbackend.sainikshetkari.org/server.js:45:15)
    at Object.<anonymous> (/home/sainikshetkari/reportbackend.sainikshetkari.org/server.js:112:1)
    at Module._compile (node:internal/modules/cjs/loader:1781:14)
    at Module._extensions..js (node:internal/modules/cjs/loader:1913:10)
    at Module.load (node:internal/modules/cjs/loader:1505:32)
    at Module._load (node:internal/modules/cjs/loader:1309:12)
    at wrapModuleLoad (node:internal/modules/cjs/loader:254:19)
    at Module.require (node:internal/modules/cjs/loader:1527:12) {
  code: 'ER_ACCESS_DENIED_ERROR',
  errno: 1045,
  sqlState: '28000',
  sqlMessage: "Access denied for user 'admin_sainikshetkari'@'localhost' (using password: YES)",
  sql: undefined
}
========================================
=================================
❌ MYSQL DATABASE CONNECTION FAILED
Database: sainikshetkari_reporting
User: admin_sainikshetkari
Host: localhost
Error: Access denied for user 'admin_sainikshetkari'@'localhost' (using password: YES)
=================================
Database test failed: Access denied for user 'admin_sainikshetkari'@'localhost' (using password: YES)
========================================
❌ SERVER STARTUP FAILED
Error: Access denied for user 'admin_sainikshetkari'@'localhost' (using password: YES)
    at connectDatabase (/home/sainikshetkari/reportbackend.sainikshetkari.org/src/config/db.js:97:25)
    at testDatabaseConnection (/home/sainikshetkari/reportbackend.sainikshetkari.org/src/config/db.js:205:23)
    at startServer (/home/sainikshetkari/reportbackend.sainikshetkari.org/server.js:45:15)
    at Object.<anonymous> (/home/sainikshetkari/reportbackend.sainikshetkari.org/server.js:112:1)
    at Module._compile (node:internal/modules/cjs/loader:1781:14)
    at Module._extensions..js (node:internal/modules/cjs/loader:1913:10)
    at Module.load (node:internal/modules/cjs/loader:1505:32)
    at Module._load (node:internal/modules/cjs/loader:1309:12)
    at wrapModuleLoad (node:internal/modules/cjs/loader:254:19)
    at Module.require (node:internal/modules/cjs/loader:1527:12) {
  code: 'ER_ACCESS_DENIED_ERROR',
  errno: 1045,
  sqlState: '28000',
  sqlMessage: "Access denied for user 'admin_sainikshetkari'@'localhost' (using password: YES)",
  sql: undefined
}
========================================
=================================
❌ MYSQL DATABASE CONNECTION FAILED
Database: sainikshetkari_reporting
User: admin_sainikshetkari
Host: localhost
Error: Access denied for user 'admin_sainikshetkari'@'localhost' (using password: YES)
=================================
Database test failed: Access denied for user 'admin_sainikshetkari'@'localhost' (using password: YES)
========================================
❌ SERVER STARTUP FAILED
Error: Access denied for user 'admin_sainikshetkari'@'localhost' (using password: YES)
    at connectDatabase (/home/sainikshetkari/reportbackend.sainikshetkari.org/src/config/db.js:97:25)
    at testDatabaseConnection (/home/sainikshetkari/reportbackend.sainikshetkari.org/src/config/db.js:205:23)
    at startServer (/home/sainikshetkari/reportbackend.sainikshetkari.org/server.js:45:15)
    at Object.<anonymous> (/home/sainikshetkari/reportbackend.sainikshetkari.org/server.js:112:1)
    at Module._compile (node:internal/modules/cjs/loader:1781:14)
    at Module._extensions..js (node:internal/modules/cjs/loader:1913:10)
    at Module.load (node:internal/modules/cjs/loader:1505:32)
    at Module._load (node:internal/modules/cjs/loader:1309:12)
    at wrapModuleLoad (node:internal/modules/cjs/loader:254:19)
    at Module.require (node:internal/modules/cjs/loader:1527:12) {
  code: 'ER_ACCESS_DENIED_ERROR',
  errno: 1045,
  sqlState: '28000',
  sqlMessage: "Access denied for user 'admin_sainikshetkari'@'localhost' (using password: YES)",
  sql: undefined
}
========================================
=================================
❌ MYSQL DATABASE CONNECTION FAILED
Database: sainikshetkari_reporting
User: admin_sainikshetkari
Host: localhost
Error: Access denied for user 'admin_sainikshetkari'@'localhost' (using password: YES)
=================================
Database test failed: Access denied for user 'admin_sainikshetkari'@'localhost' (using password: YES)
========================================
❌ SERVER STARTUP FAILED
Error: Access denied for user 'admin_sainikshetkari'@'localhost' (using password: YES)
    at connectDatabase (/home/sainikshetkari/reportbackend.sainikshetkari.org/src/config/db.js:97:25)
    at testDatabaseConnection (/home/sainikshetkari/reportbackend.sainikshetkari.org/src/config/db.js:205:23)
    at startServer (/home/sainikshetkari/reportbackend.sainikshetkari.org/server.js:45:15)
    at Object.<anonymous> (/home/sainikshetkari/reportbackend.sainikshetkari.org/server.js:112:1)
    at Module._compile (node:internal/modules/cjs/loader:1781:14)
    at Module._extensions..js (node:internal/modules/cjs/loader:1913:10)
    at Module.load (node:internal/modules/cjs/loader:1505:32)
    at Module._load (node:internal/modules/cjs/loader:1309:12)
    at wrapModuleLoad (node:internal/modules/cjs/loader:254:19)
    at Module.require (node:internal/modules/cjs/loader:1527:12) {
  code: 'ER_ACCESS_DENIED_ERROR',
  errno: 1045,
  sqlState: '28000',
  sqlMessage: "Access denied for user 'admin_sainikshetkari'@'localhost' (using password: YES)",
  sql: undefined
}
========================================
=================================
❌ MYSQL DATABASE CONNECTION FAILED
Database: sainikshetkari_reporting
User: admin_sainikshetkari
Host: localhost
Error: Access denied for user 'admin_sainikshetkari'@'localhost' (using password: YES)
=================================
Database test failed: Access denied for user 'admin_sainikshetkari'@'localhost' (using password: YES)
========================================
❌ SERVER STARTUP FAILED
Error: Access denied for user 'admin_sainikshetkari'@'localhost' (using password: YES)
    at connectDatabase (/home/sainikshetkari/reportbackend.sainikshetkari.org/src/config/db.js:97:25)
    at testDatabaseConnection (/home/sainikshetkari/reportbackend.sainikshetkari.org/src/config/db.js:205:23)
    at startServer (/home/sainikshetkari/reportbackend.sainikshetkari.org/server.js:45:15)
    at Object.<anonymous> (/home/sainikshetkari/reportbackend.sainikshetkari.org/server.js:112:1)
    at Module._compile (node:internal/modules/cjs/loader:1781:14)
    at Module._extensions..js (node:internal/modules/cjs/loader:1913:10)
    at Module.load (node:internal/modules/cjs/loader:1505:32)
    at Module._load (node:internal/modules/cjs/loader:1309:12)
    at wrapModuleLoad (node:internal/modules/cjs/loader:254:19)
    at Module.require (node:internal/modules/cjs/loader:1527:12) {
  code: 'ER_ACCESS_DENIED_ERROR',
  errno: 1045,
  sqlState: '28000',
  sqlMessage: "Access denied for user 'admin_sainikshetkari'@'localhost' (using password: YES)",
  sql: undefined
}
========================================
=================================
❌ MYSQL DATABASE CONNECTION FAILED
Database: sainikshetkari_reporting
User: admin_sainikshetkari
Host: localhost
Error: Access denied for user 'admin_sainikshetkari'@'localhost' (using password: YES)
=================================
Database test failed: Access denied for user 'admin_sainikshetkari'@'localhost' (using password: YES)
========================================
❌ SERVER STARTUP FAILED
Error: Access denied for user 'admin_sainikshetkari'@'localhost' (using password: YES)
    at connectDatabase (/home/sainikshetkari/reportbackend.sainikshetkari.org/src/config/db.js:97:25)
    at testDatabaseConnection (/home/sainikshetkari/reportbackend.sainikshetkari.org/src/config/db.js:205:23)
    at startServer (/home/sainikshetkari/reportbackend.sainikshetkari.org/server.js:45:15)
    at Object.<anonymous> (/home/sainikshetkari/reportbackend.sainikshetkari.org/server.js:112:1)
    at Module._compile (node:internal/modules/cjs/loader:1781:14)
    at Module._extensions..js (node:internal/modules/cjs/loader:1913:10)
    at Module.load (node:internal/modules/cjs/loader:1505:32)
    at Module._load (node:internal/modules/cjs/loader:1309:12)
    at wrapModuleLoad (node:internal/modules/cjs/loader:254:19)
    at Module.require (node:internal/modules/cjs/loader:1527:12) {
  code: 'ER_ACCESS_DENIED_ERROR',
  errno: 1045,
  sqlState: '28000',
  sqlMessage: "Access denied for user 'admin_sainikshetkari'@'localhost' (using password: YES)",
  sql: undefined
}
========================================
=================================
❌ MYSQL DATABASE CONNECTION FAILED
Database: sainikshetkari_reporting
User: admin_sainikshetkari
Host: localhost
Error: Access denied for user 'admin_sainikshetkari'@'localhost' (using password: YES)
=================================
Database test failed: Access denied for user 'admin_sainikshetkari'@'localhost' (using password: YES)
========================================
❌ SERVER STARTUP FAILED
Error: Access denied for user 'admin_sainikshetkari'@'localhost' (using password: YES)
    at connectDatabase (/home/sainikshetkari/reportbackend.sainikshetkari.org/src/config/db.js:97:25)
    at testDatabaseConnection (/home/sainikshetkari/reportbackend.sainikshetkari.org/src/config/db.js:205:23)
    at startServer (/home/sainikshetkari/reportbackend.sainikshetkari.org/server.js:45:15)
    at Object.<anonymous> (/home/sainikshetkari/reportbackend.sainikshetkari.org/server.js:112:1)
    at Module._compile (node:internal/modules/cjs/loader:1781:14)
    at Module._extensions..js (node:internal/modules/cjs/loader:1913:10)
    at Module.load (node:internal/modules/cjs/loader:1505:32)
    at Module._load (node:internal/modules/cjs/loader:1309:12)
    at wrapModuleLoad (node:internal/modules/cjs/loader:254:19)
    at Module.require (node:internal/modules/cjs/loader:1527:12) {
  code: 'ER_ACCESS_DENIED_ERROR',
  errno: 1045,
  sqlState: '28000',
  sqlMessage: "Access denied for user 'admin_sainikshetkari'@'localhost' (using password: YES)",
  sql: undefined
}
========================================
=================================
❌ MYSQL DATABASE CONNECTION FAILED
Database: sainikshetkari_reporting
User: admin_sainikshetkari
Host: localhost
Error: Access denied for user 'admin_sainikshetkari'@'localhost' (using password: YES)
=================================
Database test failed: Access denied for user 'admin_sainikshetkari'@'localhost' (using password: YES)
========================================
❌ SERVER STARTUP FAILED
Error: Access denied for user 'admin_sainikshetkari'@'localhost' (using password: YES)
    at connectDatabase (/home/sainikshetkari/reportbackend.sainikshetkari.org/src/config/db.js:97:25)
    at testDatabaseConnection (/home/sainikshetkari/reportbackend.sainikshetkari.org/src/config/db.js:205:23)
    at startServer (/home/sainikshetkari/reportbackend.sainikshetkari.org/server.js:45:15)
    at Object.<anonymous> (/home/sainikshetkari/reportbackend.sainikshetkari.org/server.js:112:1)
    at Module._compile (node:internal/modules/cjs/loader:1781:14)
    at Module._extensions..js (node:internal/modules/cjs/loader:1913:10)
    at Module.load (node:internal/modules/cjs/loader:1505:32)
    at Module._load (node:internal/modules/cjs/loader:1309:12)
    at wrapModuleLoad (node:internal/modules/cjs/loader:254:19)
    at Module.require (node:internal/modules/cjs/loader:1527:12) {
  code: 'ER_ACCESS_DENIED_ERROR',
  errno: 1045,
  sqlState: '28000',
  sqlMessage: "Access denied for user 'admin_sainikshetkari'@'localhost' (using password: YES)",
  sql: undefined
}
========================================
=================================
❌ MYSQL DATABASE CONNECTION FAILED
Database: sainikshetkari_reporting
User: admin_sainikshetkari
Host: localhost
Error: Access denied for user 'admin_sainikshetkari'@'localhost' (using password: YES)
=================================
Database test failed: Access denied for user 'admin_sainikshetkari'@'localhost' (using password: YES)
========================================
❌ SERVER STARTUP FAILED
Error: Access denied for user 'admin_sainikshetkari'@'localhost' (using password: YES)
    at connectDatabase (/home/sainikshetkari/reportbackend.sainikshetkari.org/src/config/db.js:97:25)
    at testDatabaseConnection (/home/sainikshetkari/reportbackend.sainikshetkari.org/src/config/db.js:205:23)
    at startServer (/home/sainikshetkari/reportbackend.sainikshetkari.org/server.js:45:15)
    at Object.<anonymous> (/home/sainikshetkari/reportbackend.sainikshetkari.org/server.js:112:1)
    at Module._compile (node:internal/modules/cjs/loader:1781:14)
    at Module._extensions..js (node:internal/modules/cjs/loader:1913:10)
    at Module.load (node:internal/modules/cjs/loader:1505:32)
    at Module._load (node:internal/modules/cjs/loader:1309:12)
    at wrapModuleLoad (node:internal/modules/cjs/loader:254:19)
    at Module.require (node:internal/modules/cjs/loader:1527:12) {
  code: 'ER_ACCESS_DENIED_ERROR',
  errno: 1045,
  sqlState: '28000',
  sqlMessage: "Access denied for user 'admin_sainikshetkari'@'localhost' (using password: YES)",
  sql: undefined
}
========================================
=================================
❌ MYSQL DATABASE CONNECTION FAILED
Database: sainikshetkari_reporting
User: admin_sainikshetkari
Host: localhost
Error: Access denied for user 'admin_sainikshetkari'@'localhost' (using password: YES)
=================================
Database test failed: Access denied for user 'admin_sainikshetkari'@'localhost' (using password: YES)
========================================
❌ SERVER STARTUP FAILED
Error: Access denied for user 'admin_sainikshetkari'@'localhost' (using password: YES)
    at connectDatabase (/home/sainikshetkari/reportbackend.sainikshetkari.org/src/config/db.js:97:25)
    at testDatabaseConnection (/home/sainikshetkari/reportbackend.sainikshetkari.org/src/config/db.js:205:23)
    at startServer (/home/sainikshetkari/reportbackend.sainikshetkari.org/server.js:45:15)
    at Object.<anonymous> (/home/sainikshetkari/reportbackend.sainikshetkari.org/server.js:112:1)
    at Module._compile (node:internal/modules/cjs/loader:1781:14)
    at Module._extensions..js (node:internal/modules/cjs/loader:1913:10)
    at Module.load (node:internal/modules/cjs/loader:1505:32)
    at Module._load (node:internal/modules/cjs/loader:1309:12)
    at wrapModuleLoad (node:internal/modules/cjs/loader:254:19)
    at Module.require (node:internal/modules/cjs/loader:1527:12) {
  code: 'ER_ACCESS_DENIED_ERROR',
  errno: 1045,
  sqlState: '28000',
  sqlMessage: "Access denied for user 'admin_sainikshetkari'@'localhost' (using password: YES)",
  sql: undefined
}
========================================
=================================
❌ MYSQL DATABASE CONNECTION FAILED
Database: sainikshetkari_reporting
User: admin_sainikshetkari
Host: localhost
Error: Access denied for user 'admin_sainikshetkari'@'localhost' (using password: YES)
=================================
Database test failed: Access denied for user 'admin_sainikshetkari'@'localhost' (using password: YES)
========================================
❌ SERVER STARTUP FAILED
Error: Access denied for user 'admin_sainikshetkari'@'localhost' (using password: YES)
    at connectDatabase (/home/sainikshetkari/reportbackend.sainikshetkari.org/src/config/db.js:97:25)
    at testDatabaseConnection (/home/sainikshetkari/reportbackend.sainikshetkari.org/src/config/db.js:205:23)
    at startServer (/home/sainikshetkari/reportbackend.sainikshetkari.org/server.js:45:15)
    at Object.<anonymous> (/home/sainikshetkari/reportbackend.sainikshetkari.org/server.js:112:1)
    at Module._compile (node:internal/modules/cjs/loader:1781:14)
    at Module._extensions..js (node:internal/modules/cjs/loader:1913:10)
    at Module.load (node:internal/modules/cjs/loader:1505:32)
    at Module._load (node:internal/modules/cjs/loader:1309:12)
    at wrapModuleLoad (node:internal/modules/cjs/loader:254:19)
    at Module.require (node:internal/modules/cjs/loader:1527:12) {
  code: 'ER_ACCESS_DENIED_ERROR',
  errno: 1045,
  sqlState: '28000',
  sqlMessage: "Access denied for user 'admin_sainikshetkari'@'localhost' (using password: YES)",
  sql: undefined
}
========================================
=================================
❌ MYSQL DATABASE CONNECTION FAILED
Database: sainikshetkari_reporting
User: admin_sainikshetkari
Host: localhost
Error: Access denied for user 'admin_sainikshetkari'@'localhost' (using password: YES)
=================================
Database test failed: Access denied for user 'admin_sainikshetkari'@'localhost' (using password: YES)
========================================
❌ SERVER STARTUP FAILED
Error: Access denied for user 'admin_sainikshetkari'@'localhost' (using password: YES)
    at connectDatabase (/home/sainikshetkari/reportbackend.sainikshetkari.org/src/config/db.js:97:25)
    at testDatabaseConnection (/home/sainikshetkari/reportbackend.sainikshetkari.org/src/config/db.js:205:23)
    at startServer (/home/sainikshetkari/reportbackend.sainikshetkari.org/server.js:45:15)
    at Object.<anonymous> (/home/sainikshetkari/reportbackend.sainikshetkari.org/server.js:112:1)
    at Module._compile (node:internal/modules/cjs/loader:1781:14)
    at Module._extensions..js (node:internal/modules/cjs/loader:1913:10)
    at Module.load (node:internal/modules/cjs/loader:1505:32)
    at Module._load (node:internal/modules/cjs/loader:1309:12)
    at wrapModuleLoad (node:internal/modules/cjs/loader:254:19)
    at Module.require (node:internal/modules/cjs/loader:1527:12) {
  code: 'ER_ACCESS_DENIED_ERROR',
  errno: 1045,
  sqlState: '28000',
  sqlMessage: "Access denied for user 'admin_sainikshetkari'@'localhost' (using password: YES)",
  sql: undefined
}
========================================
=================================
❌ MYSQL DATABASE CONNECTION FAILED
Database: sainikshetkari_reporting
User: admin_sainikshetkari
Host: localhost
Error: Access denied for user 'admin_sainikshetkari'@'localhost' (using password: YES)
=================================
Database test failed: Access denied for user 'admin_sainikshetkari'@'localhost' (using password: YES)
========================================
❌ SERVER STARTUP FAILED
Error: Access denied for user 'admin_sainikshetkari'@'localhost' (using password: YES)
    at connectDatabase (/home/sainikshetkari/reportbackend.sainikshetkari.org/src/config/db.js:97:25)
    at testDatabaseConnection (/home/sainikshetkari/reportbackend.sainikshetkari.org/src/config/db.js:205:23)
    at startServer (/home/sainikshetkari/reportbackend.sainikshetkari.org/server.js:45:15)
    at Object.<anonymous> (/home/sainikshetkari/reportbackend.sainikshetkari.org/server.js:112:1)
    at Module._compile (node:internal/modules/cjs/loader:1781:14)
    at Module._extensions..js (node:internal/modules/cjs/loader:1913:10)
    at Module.load (node:internal/modules/cjs/loader:1505:32)
    at Module._load (node:internal/modules/cjs/loader:1309:12)
    at wrapModuleLoad (node:internal/modules/cjs/loader:254:19)
    at Module.require (node:internal/modules/cjs/loader:1527:12) {
  code: 'ER_ACCESS_DENIED_ERROR',
  errno: 1045,
  sqlState: '28000',
  sqlMessage: "Access denied for user 'admin_sainikshetkari'@'localhost' (using password: YES)",
  sql: undefined
}
========================================
=================================
❌ MYSQL DATABASE CONNECTION FAILED
Database: sainikshetkari_reporting
User: admin_sainikshetkari
Host: localhost
Error: Access denied for user 'admin_sainikshetkari'@'localhost' (using password: YES)
=================================
Database test failed: Access denied for user 'admin_sainikshetkari'@'localhost' (using password: YES)
========================================
❌ SERVER STARTUP FAILED
Error: Access denied for user 'admin_sainikshetkari'@'localhost' (using password: YES)
    at connectDatabase (/home/sainikshetkari/reportbackend.sainikshetkari.org/src/config/db.js:97:25)
    at testDatabaseConnection (/home/sainikshetkari/reportbackend.sainikshetkari.org/src/config/db.js:205:23)
    at startServer (/home/sainikshetkari/reportbackend.sainikshetkari.org/server.js:45:15)
    at Object.<anonymous> (/home/sainikshetkari/reportbackend.sainikshetkari.org/server.js:112:1)
    at Module._compile (node:internal/modules/cjs/loader:1781:14)
    at Module._extensions..js (node:internal/modules/cjs/loader:1913:10)
    at Module.load (node:internal/modules/cjs/loader:1505:32)
    at Module._load (node:internal/modules/cjs/loader:1309:12)
    at wrapModuleLoad (node:internal/modules/cjs/loader:254:19)
    at Module.require (node:internal/modules/cjs/loader:1527:12) {
  code: 'ER_ACCESS_DENIED_ERROR',
  errno: 1045,
  sqlState: '28000',
  sqlMessage: "Access denied for user 'admin_sainikshetkari'@'localhost' (using password: YES)",
  sql: undefined
}
========================================
=================================
❌ MYSQL DATABASE CONNECTION FAILED
Database: sainikshetkari_reporting
User: admin_sainikshetkari
Host: localhost
Error: Access denied for user 'admin_sainikshetkari'@'localhost' (using password: YES)
=================================
Database test failed: Access denied for user 'admin_sainikshetkari'@'localhost' (using password: YES)
========================================
❌ SERVER STARTUP FAILED
Error: Access denied for user 'admin_sainikshetkari'@'localhost' (using password: YES)
    at connectDatabase (/home/sainikshetkari/reportbackend.sainikshetkari.org/src/config/db.js:97:25)
    at testDatabaseConnection (/home/sainikshetkari/reportbackend.sainikshetkari.org/src/config/db.js:205:23)
    at startServer (/home/sainikshetkari/reportbackend.sainikshetkari.org/server.js:45:15)
    at Object.<anonymous> (/home/sainikshetkari/reportbackend.sainikshetkari.org/server.js:112:1)
    at Module._compile (node:internal/modules/cjs/loader:1781:14)
    at Module._extensions..js (node:internal/modules/cjs/loader:1913:10)
    at Module.load (node:internal/modules/cjs/loader:1505:32)
    at Module._load (node:internal/modules/cjs/loader:1309:12)
    at wrapModuleLoad (node:internal/modules/cjs/loader:254:19)
    at Module.require (node:internal/modules/cjs/loader:1527:12) {
  code: 'ER_ACCESS_DENIED_ERROR',
  errno: 1045,
  sqlState: '28000',
  sqlMessage: "Access denied for user 'admin_sainikshetkari'@'localhost' (using password: YES)",
  sql: undefined
}
========================================
=================================
❌ MYSQL DATABASE CONNECTION FAILED
Database: sainikshetkari_reporting
User: admin_sainikshetkari
Host: localhost
Error: Access denied for user 'admin_sainikshetkari'@'localhost' (using password: YES)
=================================
Database test failed: Access denied for user 'admin_sainikshetkari'@'localhost' (using password: YES)
========================================
❌ SERVER STARTUP FAILED
Error: Access denied for user 'admin_sainikshetkari'@'localhost' (using password: YES)
    at connectDatabase (/home/sainikshetkari/reportbackend.sainikshetkari.org/src/config/db.js:97:25)
    at testDatabaseConnection (/home/sainikshetkari/reportbackend.sainikshetkari.org/src/config/db.js:205:23)
    at startServer (/home/sainikshetkari/reportbackend.sainikshetkari.org/server.js:45:15)
    at Object.<anonymous> (/home/sainikshetkari/reportbackend.sainikshetkari.org/server.js:112:1)
    at Module._compile (node:internal/modules/cjs/loader:1781:14)
    at Module._extensions..js (node:internal/modules/cjs/loader:1913:10)
    at Module.load (node:internal/modules/cjs/loader:1505:32)
    at Module._load (node:internal/modules/cjs/loader:1309:12)
    at wrapModuleLoad (node:internal/modules/cjs/loader:254:19)
    at Module.require (node:internal/modules/cjs/loader:1527:12) {
  code: 'ER_ACCESS_DENIED_ERROR',
  errno: 1045,
  sqlState: '28000',
  sqlMessage: "Access denied for user 'admin_sainikshetkari'@'localhost' (using password: YES)",
  sql: undefined
}
========================================
=================================
❌ MYSQL DATABASE CONNECTION FAILED
Database: sainikshetkari_reporting
User: admin_sainikshetkari
Host: localhost
Error: Access denied for user 'admin_sainikshetkari'@'localhost' (using password: YES)
=================================
Database test failed: Access denied for user 'admin_sainikshetkari'@'localhost' (using password: YES)
========================================
❌ SERVER STARTUP FAILED
Error: Access denied for user 'admin_sainikshetkari'@'localhost' (using password: YES)
    at connectDatabase (/home/sainikshetkari/reportbackend.sainikshetkari.org/src/config/db.js:97:25)
    at testDatabaseConnection (/home/sainikshetkari/reportbackend.sainikshetkari.org/src/config/db.js:205:23)
    at startServer (/home/sainikshetkari/reportbackend.sainikshetkari.org/server.js:45:15)
    at Object.<anonymous> (/home/sainikshetkari/reportbackend.sainikshetkari.org/server.js:112:1)
    at Module._compile (node:internal/modules/cjs/loader:1781:14)
    at Module._extensions..js (node:internal/modules/cjs/loader:1913:10)
    at Module.load (node:internal/modules/cjs/loader:1505:32)
    at Module._load (node:internal/modules/cjs/loader:1309:12)
    at wrapModuleLoad (node:internal/modules/cjs/loader:254:19)
    at Module.require (node:internal/modules/cjs/loader:1527:12) {
  code: 'ER_ACCESS_DENIED_ERROR',
  errno: 1045,
  sqlState: '28000',
  sqlMessage: "Access denied for user 'admin_sainikshetkari'@'localhost' (using password: YES)",
  sql: undefined
}
========================================
=================================
❌ MYSQL DATABASE CONNECTION FAILED
Database: sainikshetkari_reporting
User: admin_sainikshetkari
Host: localhost
Error: Access denied for user 'admin_sainikshetkari'@'localhost' (using password: YES)
=================================
Database test failed: Access denied for user 'admin_sainikshetkari'@'localhost' (using password: YES)
========================================
❌ SERVER STARTUP FAILED
Error: Access denied for user 'admin_sainikshetkari'@'localhost' (using password: YES)
    at connectDatabase (/home/sainikshetkari/reportbackend.sainikshetkari.org/src/config/db.js:97:25)
    at testDatabaseConnection (/home/sainikshetkari/reportbackend.sainikshetkari.org/src/config/db.js:205:23)
    at startServer (/home/sainikshetkari/reportbackend.sainikshetkari.org/server.js:45:15)
    at Object.<anonymous> (/home/sainikshetkari/reportbackend.sainikshetkari.org/server.js:112:1)
    at Module._compile (node:internal/modules/cjs/loader:1781:14)
    at Module._extensions..js (node:internal/modules/cjs/loader:1913:10)
    at Module.load (node:internal/modules/cjs/loader:1505:32)
    at Module._load (node:internal/modules/cjs/loader:1309:12)
    at wrapModuleLoad (node:internal/modules/cjs/loader:254:19)
    at Module.require (node:internal/modules/cjs/loader:1527:12) {
  code: 'ER_ACCESS_DENIED_ERROR',
  errno: 1045,
  sqlState: '28000',
  sqlMessage: "Access denied for user 'admin_sainikshetkari'@'localhost' (using password: YES)",
  sql: undefined
}
========================================
=================================
❌ MYSQL DATABASE CONNECTION FAILED
Database: sainikshetkari_reporting
User: admin_sainikshetkari
Host: localhost
Error: Access denied for user 'admin_sainikshetkari'@'localhost' (using password: YES)
=================================
Database test failed: Access denied for user 'admin_sainikshetkari'@'localhost' (using password: YES)
========================================
❌ SERVER STARTUP FAILED
Error: Access denied for user 'admin_sainikshetkari'@'localhost' (using password: YES)
    at connectDatabase (/home/sainikshetkari/reportbackend.sainikshetkari.org/src/config/db.js:97:25)
    at testDatabaseConnection (/home/sainikshetkari/reportbackend.sainikshetkari.org/src/config/db.js:205:23)
    at startServer (/home/sainikshetkari/reportbackend.sainikshetkari.org/server.js:45:15)
    at Object.<anonymous> (/home/sainikshetkari/reportbackend.sainikshetkari.org/server.js:112:1)
    at Module._compile (node:internal/modules/cjs/loader:1781:14)
    at Module._extensions..js (node:internal/modules/cjs/loader:1913:10)
    at Module.load (node:internal/modules/cjs/loader:1505:32)
    at Module._load (node:internal/modules/cjs/loader:1309:12)
    at wrapModuleLoad (node:internal/modules/cjs/loader:254:19)
    at Module.require (node:internal/modules/cjs/loader:1527:12) {
  code: 'ER_ACCESS_DENIED_ERROR',
  errno: 1045,
  sqlState: '28000',
  sqlMessage: "Access denied for user 'admin_sainikshetkari'@'localhost' (using password: YES)",
  sql: undefined
}
========================================
=================================
❌ MYSQL DATABASE CONNECTION FAILED
Database: sainikshetkari_reporting
User: admin_sainikshetkari
Host: localhost
Error: Access denied for user 'admin_sainikshetkari'@'localhost' (using password: YES)
=================================
Database test failed: Access denied for user 'admin_sainikshetkari'@'localhost' (using password: YES)
========================================
❌ SERVER STARTUP FAILED
Error: Access denied for user 'admin_sainikshetkari'@'localhost' (using password: YES)
    at connectDatabase (/home/sainikshetkari/reportbackend.sainikshetkari.org/src/config/db.js:97:25)
    at testDatabaseConnection (/home/sainikshetkari/reportbackend.sainikshetkari.org/src/config/db.js:205:23)
    at startServer (/home/sainikshetkari/reportbackend.sainikshetkari.org/server.js:45:15)
    at Object.<anonymous> (/home/sainikshetkari/reportbackend.sainikshetkari.org/server.js:112:1)
    at Module._compile (node:internal/modules/cjs/loader:1781:14)
    at Module._extensions..js (node:internal/modules/cjs/loader:1913:10)
    at Module.load (node:internal/modules/cjs/loader:1505:32)
    at Module._load (node:internal/modules/cjs/loader:1309:12)
    at wrapModuleLoad (node:internal/modules/cjs/loader:254:19)
    at Module.require (node:internal/modules/cjs/loader:1527:12) {
  code: 'ER_ACCESS_DENIED_ERROR',
  errno: 1045,
  sqlState: '28000',
  sqlMessage: "Access denied for user 'admin_sainikshetkari'@'localhost' (using password: YES)",
  sql: undefined
}
========================================
=================================
❌ MYSQL DATABASE CONNECTION FAILED
Database: sainikshetkari_reporting
User: admin_sainikshetkari
Host: localhost
Error: Access denied for user 'admin_sainikshetkari'@'localhost' (using password: YES)
=================================
Database test failed: Access denied for user 'admin_sainikshetkari'@'localhost' (using password: YES)
========================================
❌ SERVER STARTUP FAILED
Error: Access denied for user 'admin_sainikshetkari'@'localhost' (using password: YES)
    at connectDatabase (/home/sainikshetkari/reportbackend.sainikshetkari.org/src/config/db.js:97:25)
    at testDatabaseConnection (/home/sainikshetkari/reportbackend.sainikshetkari.org/src/config/db.js:205:23)
    at startServer (/home/sainikshetkari/reportbackend.sainikshetkari.org/server.js:45:15)
    at Object.<anonymous> (/home/sainikshetkari/reportbackend.sainikshetkari.org/server.js:112:1)
    at Module._compile (node:internal/modules/cjs/loader:1781:14)
    at Module._extensions..js (node:internal/modules/cjs/loader:1913:10)
    at Module.load (node:internal/modules/cjs/loader:1505:32)
    at Module._load (node:internal/modules/cjs/loader:1309:12)
    at wrapModuleLoad (node:internal/modules/cjs/loader:254:19)
    at Module.require (node:internal/modules/cjs/loader:1527:12) {
  code: 'ER_ACCESS_DENIED_ERROR',
  errno: 1045,
  sqlState: '28000',
  sqlMessage: "Access denied for user 'admin_sainikshetkari'@'localhost' (using password: YES)",
  sql: undefined
}
========================================
=================================
❌ MYSQL DATABASE CONNECTION FAILED
Database: sainikshetkari_reporting
User: admin_sainikshetkari
Host: localhost
Error: Access denied for user 'admin_sainikshetkari'@'localhost' (using password: YES)
=================================
Database test failed: Access denied for user 'admin_sainikshetkari'@'localhost' (using password: YES)
========================================
❌ SERVER STARTUP FAILED
Error: Access denied for user 'admin_sainikshetkari'@'localhost' (using password: YES)
    at connectDatabase (/home/sainikshetkari/reportbackend.sainikshetkari.org/src/config/db.js:97:25)
    at testDatabaseConnection (/home/sainikshetkari/reportbackend.sainikshetkari.org/src/config/db.js:205:23)
    at startServer (/home/sainikshetkari/reportbackend.sainikshetkari.org/server.js:45:15)
    at Object.<anonymous> (/home/sainikshetkari/reportbackend.sainikshetkari.org/server.js:112:1)
    at Module._compile (node:internal/modules/cjs/loader:1781:14)
    at Module._extensions..js (node:internal/modules/cjs/loader:1913:10)
    at Module.load (node:internal/modules/cjs/loader:1505:32)
    at Module._load (node:internal/modules/cjs/loader:1309:12)
    at wrapModuleLoad (node:internal/modules/cjs/loader:254:19)
    at Module.require (node:internal/modules/cjs/loader:1527:12) {
  code: 'ER_ACCESS_DENIED_ERROR',
  errno: 1045,
  sqlState: '28000',
  sqlMessage: "Access denied for user 'admin_sainikshetkari'@'localhost' (using password: YES)",
  sql: undefined
}
========================================
=================================
❌ MYSQL DATABASE CONNECTION FAILED
Database: sainikshetkari_reporting
User: admin_sainikshetkari
Host: localhost
Error: Access denied for user 'admin_sainikshetkari'@'localhost' (using password: YES)
=================================
Database test failed: Access denied for user 'admin_sainikshetkari'@'localhost' (using password: YES)
========================================
❌ SERVER STARTUP FAILED
Error: Access denied for user 'admin_sainikshetkari'@'localhost' (using password: YES)
    at connectDatabase (/home/sainikshetkari/reportbackend.sainikshetkari.org/src/config/db.js:97:25)
    at testDatabaseConnection (/home/sainikshetkari/reportbackend.sainikshetkari.org/src/config/db.js:205:23)
    at startServer (/home/sainikshetkari/reportbackend.sainikshetkari.org/server.js:45:15)
    at Object.<anonymous> (/home/sainikshetkari/reportbackend.sainikshetkari.org/server.js:112:1)
    at Module._compile (node:internal/modules/cjs/loader:1781:14)
    at Module._extensions..js (node:internal/modules/cjs/loader:1913:10)
    at Module.load (node:internal/modules/cjs/loader:1505:32)
    at Module._load (node:internal/modules/cjs/loader:1309:12)
    at wrapModuleLoad (node:internal/modules/cjs/loader:254:19)
    at Module.require (node:internal/modules/cjs/loader:1527:12) {
  code: 'ER_ACCESS_DENIED_ERROR',
  errno: 1045,
  sqlState: '28000',
  sqlMessage: "Access denied for user 'admin_sainikshetkari'@'localhost' (using password: YES)",
  sql: undefined
}
========================================
=================================
❌ MYSQL DATABASE CONNECTION FAILED
Database: sainikshetkari_reporting
User: admin_sainikshetkari
Host: localhost
Error: Access denied for user 'admin_sainikshetkari'@'localhost' (using password: YES)
=================================
Database test failed: Access denied for user 'admin_sainikshetkari'@'localhost' (using password: YES)
========================================
❌ SERVER STARTUP FAILED
Error: Access denied for user 'admin_sainikshetkari'@'localhost' (using password: YES)
    at connectDatabase (/home/sainikshetkari/reportbackend.sainikshetkari.org/src/config/db.js:97:25)
    at testDatabaseConnection (/home/sainikshetkari/reportbackend.sainikshetkari.org/src/config/db.js:205:23)
    at startServer (/home/sainikshetkari/reportbackend.sainikshetkari.org/server.js:45:15)
    at Object.<anonymous> (/home/sainikshetkari/reportbackend.sainikshetkari.org/server.js:112:1)
    at Module._compile (node:internal/modules/cjs/loader:1781:14)
    at Module._extensions..js (node:internal/modules/cjs/loader:1913:10)
    at Module.load (node:internal/modules/cjs/loader:1505:32)
    at Module._load (node:internal/modules/cjs/loader:1309:12)
    at wrapModuleLoad (node:internal/modules/cjs/loader:254:19)
    at Module.require (node:internal/modules/cjs/loader:1527:12) {
  code: 'ER_ACCESS_DENIED_ERROR',
  errno: 1045,
  sqlState: '28000',
  sqlMessage: "Access denied for user 'admin_sainikshetkari'@'localhost' (using password: YES)",
  sql: undefined
}
========================================
=================================
❌ MYSQL DATABASE CONNECTION FAILED
Database: sainikshetkari_reporting
User: admin_sainikshetkari
Host: localhost
Error: Access denied for user 'admin_sainikshetkari'@'localhost' (using password: YES)
=================================
Database test failed: Access denied for user 'admin_sainikshetkari'@'localhost' (using password: YES)
========================================
❌ SERVER STARTUP FAILED
Error: Access denied for user 'admin_sainikshetkari'@'localhost' (using password: YES)
    at connectDatabase (/home/sainikshetkari/reportbackend.sainikshetkari.org/src/config/db.js:97:25)
    at testDatabaseConnection (/home/sainikshetkari/reportbackend.sainikshetkari.org/src/config/db.js:205:23)
    at startServer (/home/sainikshetkari/reportbackend.sainikshetkari.org/server.js:45:15)
    at Object.<anonymous> (/home/sainikshetkari/reportbackend.sainikshetkari.org/server.js:112:1)
    at Module._compile (node:internal/modules/cjs/loader:1781:14)
    at Module._extensions..js (node:internal/modules/cjs/loader:1913:10)
    at Module.load (node:internal/modules/cjs/loader:1505:32)
    at Module._load (node:internal/modules/cjs/loader:1309:12)
    at wrapModuleLoad (node:internal/modules/cjs/loader:254:19)
    at Module.require (node:internal/modules/cjs/loader:1527:12) {
  code: 'ER_ACCESS_DENIED_ERROR',
  errno: 1045,
  sqlState: '28000',
  sqlMessage: "Access denied for user 'admin_sainikshetkari'@'localhost' (using password: YES)",
  sql: undefined
}
========================================
=================================
❌ MYSQL DATABASE CONNECTION FAILED
Database: sainikshetkari_reporting
User: admin_sainikshetkari
Host: localhost
Error: Access denied for user 'admin_sainikshetkari'@'localhost' (using password: YES)
=================================
Database test failed: Access denied for user 'admin_sainikshetkari'@'localhost' (using password: YES)
========================================
❌ SERVER STARTUP FAILED
Error: Access denied for user 'admin_sainikshetkari'@'localhost' (using password: YES)
    at connectDatabase (/home/sainikshetkari/reportbackend.sainikshetkari.org/src/config/db.js:97:25)
    at testDatabaseConnection (/home/sainikshetkari/reportbackend.sainikshetkari.org/src/config/db.js:205:23)
    at startServer (/home/sainikshetkari/reportbackend.sainikshetkari.org/server.js:45:15)
    at Object.<anonymous> (/home/sainikshetkari/reportbackend.sainikshetkari.org/server.js:112:1)
    at Module._compile (node:internal/modules/cjs/loader:1781:14)
    at Module._extensions..js (node:internal/modules/cjs/loader:1913:10)
    at Module.load (node:internal/modules/cjs/loader:1505:32)
    at Module._load (node:internal/modules/cjs/loader:1309:12)
    at wrapModuleLoad (node:internal/modules/cjs/loader:254:19)
    at Module.require (node:internal/modules/cjs/loader:1527:12) {
  code: 'ER_ACCESS_DENIED_ERROR',
  errno: 1045,
  sqlState: '28000',
  sqlMessage: "Access denied for user 'admin_sainikshetkari'@'localhost' (using password: YES)",
  sql: undefined
}
========================================
=================================
❌ MYSQL DATABASE CONNECTION FAILED
Database: sainikshetkari_reporting
User: admin_sainikshetkari
Host: localhost
Error: Access denied for user 'admin_sainikshetkari'@'localhost' (using password: YES)
=================================
Database test failed: Access denied for user 'admin_sainikshetkari'@'localhost' (using password: YES)
========================================
❌ SERVER STARTUP FAILED
Error: Access denied for user 'admin_sainikshetkari'@'localhost' (using password: YES)
    at connectDatabase (/home/sainikshetkari/reportbackend.sainikshetkari.org/src/config/db.js:97:25)
    at testDatabaseConnection (/home/sainikshetkari/reportbackend.sainikshetkari.org/src/config/db.js:205:23)
    at startServer (/home/sainikshetkari/reportbackend.sainikshetkari.org/server.js:45:15)
    at Object.<anonymous> (/home/sainikshetkari/reportbackend.sainikshetkari.org/server.js:112:1)
    at Module._compile (node:internal/modules/cjs/loader:1781:14)
    at Module._extensions..js (node:internal/modules/cjs/loader:1913:10)
    at Module.load (node:internal/modules/cjs/loader:1505:32)
    at Module._load (node:internal/modules/cjs/loader:1309:12)
    at wrapModuleLoad (node:internal/modules/cjs/loader:254:19)
    at Module.require (node:internal/modules/cjs/loader:1527:12) {
  code: 'ER_ACCESS_DENIED_ERROR',
  errno: 1045,
  sqlState: '28000',
  sqlMessage: "Access denied for user 'admin_sainikshetkari'@'localhost' (using password: YES)",
  sql: undefined
}
========================================
=================================
❌ MYSQL DATABASE CONNECTION FAILED
Database: sainikshetkari_reporting
User: admin_sainikshetkari
Host: localhost
Error: Access denied for user 'admin_sainikshetkari'@'localhost' (using password: YES)
=================================
Database test failed: Access denied for user 'admin_sainikshetkari'@'localhost' (using password: YES)
========================================
❌ SERVER STARTUP FAILED
Error: Access denied for user 'admin_sainikshetkari'@'localhost' (using password: YES)
    at connectDatabase (/home/sainikshetkari/reportbackend.sainikshetkari.org/src/config/db.js:97:25)
    at testDatabaseConnection (/home/sainikshetkari/reportbackend.sainikshetkari.org/src/config/db.js:205:23)
    at startServer (/home/sainikshetkari/reportbackend.sainikshetkari.org/server.js:45:15)
    at Object.<anonymous> (/home/sainikshetkari/reportbackend.sainikshetkari.org/server.js:112:1)
    at Module._compile (node:internal/modules/cjs/loader:1781:14)
    at Module._extensions..js (node:internal/modules/cjs/loader:1913:10)
    at Module.load (node:internal/modules/cjs/loader:1505:32)
    at Module._load (node:internal/modules/cjs/loader:1309:12)
    at wrapModuleLoad (node:internal/modules/cjs/loader:254:19)
    at Module.require (node:internal/modules/cjs/loader:1527:12) {
  code: 'ER_ACCESS_DENIED_ERROR',
  errno: 1045,
  sqlState: '28000',
  sqlMessage: "Access denied for user 'admin_sainikshetkari'@'localhost' (using password: YES)",
  sql: undefined
}
========================================
=================================
❌ MYSQL DATABASE CONNECTION FAILED
Database: sainikshetkari_reporting
User: admin_sainikshetkari
Host: localhost
Error: Access denied for user 'admin_sainikshetkari'@'localhost' (using password: YES)
=================================
Database test failed: Access denied for user 'admin_sainikshetkari'@'localhost' (using password: YES)
========================================
❌ SERVER STARTUP FAILED
Error: Access denied for user 'admin_sainikshetkari'@'localhost' (using password: YES)
    at connectDatabase (/home/sainikshetkari/reportbackend.sainikshetkari.org/src/config/db.js:97:25)
    at testDatabaseConnection (/home/sainikshetkari/reportbackend.sainikshetkari.org/src/config/db.js:205:23)
    at startServer (/home/sainikshetkari/reportbackend.sainikshetkari.org/server.js:45:15)
    at Object.<anonymous> (/home/sainikshetkari/reportbackend.sainikshetkari.org/server.js:112:1)
    at Module._compile (node:internal/modules/cjs/loader:1781:14)
    at Module._extensions..js (node:internal/modules/cjs/loader:1913:10)
    at Module.load (node:internal/modules/cjs/loader:1505:32)
    at Module._load (node:internal/modules/cjs/loader:1309:12)
    at wrapModuleLoad (node:internal/modules/cjs/loader:254:19)
    at Module.require (node:internal/modules/cjs/loader:1527:12) {
  code: 'ER_ACCESS_DENIED_ERROR',
  errno: 1045,
  sqlState: '28000',
  sqlMessage: "Access denied for user 'admin_sainikshetkari'@'localhost' (using password: YES)",
  sql: undefined
}
========================================
=================================
❌ MYSQL DATABASE CONNECTION FAILED
Database: sainikshetkari_reporting
User: admin_sainikshetkari
Host: localhost
Error: Access denied for user 'admin_sainikshetkari'@'localhost' (using password: YES)
=================================
Database test failed: Access denied for user 'admin_sainikshetkari'@'localhost' (using password: YES)
========================================
❌ SERVER STARTUP FAILED
Error: Access denied for user 'admin_sainikshetkari'@'localhost' (using password: YES)
    at connectDatabase (/home/sainikshetkari/reportbackend.sainikshetkari.org/src/config/db.js:97:25)
    at testDatabaseConnection (/home/sainikshetkari/reportbackend.sainikshetkari.org/src/config/db.js:205:23)
    at startServer (/home/sainikshetkari/reportbackend.sainikshetkari.org/server.js:45:15)
    at Object.<anonymous> (/home/sainikshetkari/reportbackend.sainikshetkari.org/server.js:112:1)
    at Module._compile (node:internal/modules/cjs/loader:1781:14)
    at Module._extensions..js (node:internal/modules/cjs/loader:1913:10)
    at Module.load (node:internal/modules/cjs/loader:1505:32)
    at Module._load (node:internal/modules/cjs/loader:1309:12)
    at wrapModuleLoad (node:internal/modules/cjs/loader:254:19)
    at Module.require (node:internal/modules/cjs/loader:1527:12) {
  code: 'ER_ACCESS_DENIED_ERROR',
  errno: 1045,
  sqlState: '28000',
  sqlMessage: "Access denied for user 'admin_sainikshetkari'@'localhost' (using password: YES)",
  sql: undefined
}
========================================
node:internal/modules/cjs/loader:1433
  throw err;
  ^

Error: Cannot find module './app'
Require stack:
- /home/sainikshetkari/reportbackend.sainikshetkari.org/server.js
- /usr/local/lsws/fcgi-bin/lsnode.js
    at Module._resolveFilename (node:internal/modules/cjs/loader:1430:15)
    at defaultResolveImpl (node:internal/modules/cjs/loader:1040:19)
    at resolveForCJSWithHooks (node:internal/modules/cjs/loader:1045:22)
    at Module._load (node:internal/modules/cjs/loader:1216:25)
    at wrapModuleLoad (node:internal/modules/cjs/loader:254:19)
    at Module.require (node:internal/modules/cjs/loader:1527:12)
    at require (node:internal/modules/helpers:147:16)
    at Object.<anonymous> (/home/sainikshetkari/reportbackend.sainikshetkari.org/server.js:3:13)
    at Module._compile (node:internal/modules/cjs/loader:1781:14)
    at Module._extensions..js (node:internal/modules/cjs/loader:1913:10) {
  code: 'MODULE_NOT_FOUND',
  requireStack: [
    '/home/sainikshetkari/reportbackend.sainikshetkari.org/server.js',
    '/usr/local/lsws/fcgi-bin/lsnode.js'
  ]
}

Node.js v22.23.2
node:internal/modules/cjs/loader:1433
  throw err;
  ^

Error: Cannot find module './app'
Require stack:
- /home/sainikshetkari/reportbackend.sainikshetkari.org/server.js
- /usr/local/lsws/fcgi-bin/lsnode.js
    at Module._resolveFilename (node:internal/modules/cjs/loader:1430:15)
    at defaultResolveImpl (node:internal/modules/cjs/loader:1040:19)
    at resolveForCJSWithHooks (node:internal/modules/cjs/loader:1045:22)
    at Module._load (node:internal/modules/cjs/loader:1216:25)
    at wrapModuleLoad (node:internal/modules/cjs/loader:254:19)
    at Module.require (node:internal/modules/cjs/loader:1527:12)
    at require (node:internal/modules/helpers:147:16)
    at Object.<anonymous> (/home/sainikshetkari/reportbackend.sainikshetkari.org/server.js:3:13)
    at Module._compile (node:internal/modules/cjs/loader:1781:14)
    at Module._extensions..js (node:internal/modules/cjs/loader:1913:10) {
  code: 'MODULE_NOT_FOUND',
  requireStack: [
    '/home/sainikshetkari/reportbackend.sainikshetkari.org/server.js',
    '/usr/local/lsws/fcgi-bin/lsnode.js'
  ]
}

Node.js v22.23.2
node:internal/modules/cjs/loader:1433
  throw err;
  ^

Error: Cannot find module './app'
Require stack:
- /home/sainikshetkari/reportbackend.sainikshetkari.org/server.js
- /usr/local/lsws/fcgi-bin/lsnode.js
    at Module._resolveFilename (node:internal/modules/cjs/loader:1430:15)
    at defaultResolveImpl (node:internal/modules/cjs/loader:1040:19)
    at resolveForCJSWithHooks (node:internal/modules/cjs/loader:1045:22)
    at Module._load (node:internal/modules/cjs/loader:1216:25)
    at wrapModuleLoad (node:internal/modules/cjs/loader:254:19)
    at Module.require (node:internal/modules/cjs/loader:1527:12)
    at require (node:internal/modules/helpers:147:16)
    at Object.<anonymous> (/home/sainikshetkari/reportbackend.sainikshetkari.org/server.js:3:13)
    at Module._compile (node:internal/modules/cjs/loader:1781:14)
    at Module._extensions..js (node:internal/modules/cjs/loader:1913:10) {
  code: 'MODULE_NOT_FOUND',
  requireStack: [
    '/home/sainikshetkari/reportbackend.sainikshetkari.org/server.js',
    '/usr/local/lsws/fcgi-bin/lsnode.js'
  ]
}

Node.js v22.23.2
node:internal/modules/cjs/loader:1433
  throw err;
  ^

Error: Cannot find module './app'
Require stack:
- /home/sainikshetkari/reportbackend.sainikshetkari.org/server.js
- /usr/local/lsws/fcgi-bin/lsnode.js
    at Module._resolveFilename (node:internal/modules/cjs/loader:1430:15)
    at defaultResolveImpl (node:internal/modules/cjs/loader:1040:19)
    at resolveForCJSWithHooks (node:internal/modules/cjs/loader:1045:22)
    at Module._load (node:internal/modules/cjs/loader:1216:25)
    at wrapModuleLoad (node:internal/modules/cjs/loader:254:19)
    at Module.require (node:internal/modules/cjs/loader:1527:12)
    at require (node:internal/modules/helpers:147:16)
    at Object.<anonymous> (/home/sainikshetkari/reportbackend.sainikshetkari.org/server.js:3:13)
    at Module._compile (node:internal/modules/cjs/loader:1781:14)
    at Module._extensions..js (node:internal/modules/cjs/loader:1913:10) {
  code: 'MODULE_NOT_FOUND',
  requireStack: [
    '/home/sainikshetkari/reportbackend.sainikshetkari.org/server.js',
    '/usr/local/lsws/fcgi-bin/lsnode.js'
  ]
}

Node.js v22.23.2
node:internal/modules/cjs/loader:1433
  throw err;
  ^

Error: Cannot find module './app'
Require stack:
- /home/sainikshetkari/reportbackend.sainikshetkari.org/server.js
- /usr/local/lsws/fcgi-bin/lsnode.js
    at Module._resolveFilename (node:internal/modules/cjs/loader:1430:15)
    at defaultResolveImpl (node:internal/modules/cjs/loader:1040:19)
    at resolveForCJSWithHooks (node:internal/modules/cjs/loader:1045:22)
    at Module._load (node:internal/modules/cjs/loader:1216:25)
    at wrapModuleLoad (node:internal/modules/cjs/loader:254:19)
    at Module.require (node:internal/modules/cjs/loader:1527:12)
    at require (node:internal/modules/helpers:147:16)
    at Object.<anonymous> (/home/sainikshetkari/reportbackend.sainikshetkari.org/server.js:3:13)
    at Module._compile (node:internal/modules/cjs/loader:1781:14)
    at Module._extensions..js (node:internal/modules/cjs/loader:1913:10) {
  code: 'MODULE_NOT_FOUND',
  requireStack: [
    '/home/sainikshetkari/reportbackend.sainikshetkari.org/server.js',
    '/usr/local/lsws/fcgi-bin/lsnode.js'
  ]
}

Node.js v22.23.2
node:internal/modules/cjs/loader:1433
  throw err;
  ^

Error: Cannot find module './app'
Require stack:
- /home/sainikshetkari/reportbackend.sainikshetkari.org/server.js
- /usr/local/lsws/fcgi-bin/lsnode.js
    at Module._resolveFilename (node:internal/modules/cjs/loader:1430:15)
    at defaultResolveImpl (node:internal/modules/cjs/loader:1040:19)
    at resolveForCJSWithHooks (node:internal/modules/cjs/loader:1045:22)
    at Module._load (node:internal/modules/cjs/loader:1216:25)
    at wrapModuleLoad (node:internal/modules/cjs/loader:254:19)
    at Module.require (node:internal/modules/cjs/loader:1527:12)
    at require (node:internal/modules/helpers:147:16)
    at Object.<anonymous> (/home/sainikshetkari/reportbackend.sainikshetkari.org/server.js:3:13)
    at Module._compile (node:internal/modules/cjs/loader:1781:14)
    at Module._extensions..js (node:internal/modules/cjs/loader:1913:10) {
  code: 'MODULE_NOT_FOUND',
  requireStack: [
    '/home/sainikshetkari/reportbackend.sainikshetkari.org/server.js',
    '/usr/local/lsws/fcgi-bin/lsnode.js'
  ]
}

Node.js v22.23.2
node:internal/modules/cjs/loader:1433
  throw err;
  ^

Error: Cannot find module './app'
Require stack:
- /home/sainikshetkari/reportbackend.sainikshetkari.org/server.js
- /usr/local/lsws/fcgi-bin/lsnode.js
    at Module._resolveFilename (node:internal/modules/cjs/loader:1430:15)
    at defaultResolveImpl (node:internal/modules/cjs/loader:1040:19)
    at resolveForCJSWithHooks (node:internal/modules/cjs/loader:1045:22)
    at Module._load (node:internal/modules/cjs/loader:1216:25)
    at wrapModuleLoad (node:internal/modules/cjs/loader:254:19)
    at Module.require (node:internal/modules/cjs/loader:1527:12)
    at require (node:internal/modules/helpers:147:16)
    at Object.<anonymous> (/home/sainikshetkari/reportbackend.sainikshetkari.org/server.js:3:13)
    at Module._compile (node:internal/modules/cjs/loader:1781:14)
    at Module._extensions..js (node:internal/modules/cjs/loader:1913:10) {
  code: 'MODULE_NOT_FOUND',
  requireStack: [
    '/home/sainikshetkari/reportbackend.sainikshetkari.org/server.js',
    '/usr/local/lsws/fcgi-bin/lsnode.js'
  ]
}

Node.js v22.23.2
node:internal/modules/cjs/loader:1433
  throw err;
  ^

Error: Cannot find module './app'
Require stack:
- /home/sainikshetkari/reportbackend.sainikshetkari.org/server.js
- /usr/local/lsws/fcgi-bin/lsnode.js
    at Module._resolveFilename (node:internal/modules/cjs/loader:1430:15)
    at defaultResolveImpl (node:internal/modules/cjs/loader:1040:19)
    at resolveForCJSWithHooks (node:internal/modules/cjs/loader:1045:22)
    at Module._load (node:internal/modules/cjs/loader:1216:25)
    at wrapModuleLoad (node:internal/modules/cjs/loader:254:19)
    at Module.require (node:internal/modules/cjs/loader:1527:12)
    at require (node:internal/modules/helpers:147:16)
    at Object.<anonymous> (/home/sainikshetkari/reportbackend.sainikshetkari.org/server.js:3:13)
    at Module._compile (node:internal/modules/cjs/loader:1781:14)
    at Module._extensions..js (node:internal/modules/cjs/loader:1913:10) {
  code: 'MODULE_NOT_FOUND',
  requireStack: [
    '/home/sainikshetkari/reportbackend.sainikshetkari.org/server.js',
    '/usr/local/lsws/fcgi-bin/lsnode.js'
  ]
}

Node.js v22.23.2
node:internal/modules/cjs/loader:1433
  throw err;
  ^

Error: Cannot find module './app'
Require stack:
- /home/sainikshetkari/reportbackend.sainikshetkari.org/server.js
- /usr/local/lsws/fcgi-bin/lsnode.js
    at Module._resolveFilename (node:internal/modules/cjs/loader:1430:15)
    at defaultResolveImpl (node:internal/modules/cjs/loader:1040:19)
    at resolveForCJSWithHooks (node:internal/modules/cjs/loader:1045:22)
    at Module._load (node:internal/modules/cjs/loader:1216:25)
    at wrapModuleLoad (node:internal/modules/cjs/loader:254:19)
    at Module.require (node:internal/modules/cjs/loader:1527:12)
    at require (node:internal/modules/helpers:147:16)
    at Object.<anonymous> (/home/sainikshetkari/reportbackend.sainikshetkari.org/server.js:3:13)
    at Module._compile (node:internal/modules/cjs/loader:1781:14)
    at Module._extensions..js (node:internal/modules/cjs/loader:1913:10) {
  code: 'MODULE_NOT_FOUND',
  requireStack: [
    '/home/sainikshetkari/reportbackend.sainikshetkari.org/server.js',
    '/usr/local/lsws/fcgi-bin/lsnode.js'
  ]
}

Node.js v22.23.2
node:internal/modules/cjs/loader:1433
  throw err;
  ^

Error: Cannot find module './app'
Require stack:
- /home/sainikshetkari/reportbackend.sainikshetkari.org/server.js
- /usr/local/lsws/fcgi-bin/lsnode.js
    at Module._resolveFilename (node:internal/modules/cjs/loader:1430:15)
    at defaultResolveImpl (node:internal/modules/cjs/loader:1040:19)
    at resolveForCJSWithHooks (node:internal/modules/cjs/loader:1045:22)
    at Module._load (node:internal/modules/cjs/loader:1216:25)
    at wrapModuleLoad (node:internal/modules/cjs/loader:254:19)
    at Module.require (node:internal/modules/cjs/loader:1527:12)
    at require (node:internal/modules/helpers:147:16)
    at Object.<anonymous> (/home/sainikshetkari/reportbackend.sainikshetkari.org/server.js:3:13)
    at Module._compile (node:internal/modules/cjs/loader:1781:14)
    at Module._extensions..js (node:internal/modules/cjs/loader:1913:10) {
  code: 'MODULE_NOT_FOUND',
  requireStack: [
    '/home/sainikshetkari/reportbackend.sainikshetkari.org/server.js',
    '/usr/local/lsws/fcgi-bin/lsnode.js'
  ]
}

Node.js v22.23.2
node:internal/modules/cjs/loader:1433
  throw err;
  ^

Error: Cannot find module './app'
Require stack:
- /home/sainikshetkari/reportbackend.sainikshetkari.org/server.js
- /usr/local/lsws/fcgi-bin/lsnode.js
    at Module._resolveFilename (node:internal/modules/cjs/loader:1430:15)
    at defaultResolveImpl (node:internal/modules/cjs/loader:1040:19)
    at resolveForCJSWithHooks (node:internal/modules/cjs/loader:1045:22)
    at Module._load (node:internal/modules/cjs/loader:1216:25)
    at wrapModuleLoad (node:internal/modules/cjs/loader:254:19)
    at Module.require (node:internal/modules/cjs/loader:1527:12)
    at require (node:internal/modules/helpers:147:16)
    at Object.<anonymous> (/home/sainikshetkari/reportbackend.sainikshetkari.org/server.js:3:13)
    at Module._compile (node:internal/modules/cjs/loader:1781:14)
    at Module._extensions..js (node:internal/modules/cjs/loader:1913:10) {
  code: 'MODULE_NOT_FOUND',
  requireStack: [
    '/home/sainikshetkari/reportbackend.sainikshetkari.org/server.js',
    '/usr/local/lsws/fcgi-bin/lsnode.js'
  ]
}

Node.js v22.23.2
node:internal/modules/cjs/loader:1433
  throw err;
  ^

Error: Cannot find module './app'
Require stack:
- /home/sainikshetkari/reportbackend.sainikshetkari.org/server.js
- /usr/local/lsws/fcgi-bin/lsnode.js
    at Module._resolveFilename (node:internal/modules/cjs/loader:1430:15)
    at defaultResolveImpl (node:internal/modules/cjs/loader:1040:19)
    at resolveForCJSWithHooks (node:internal/modules/cjs/loader:1045:22)
    at Module._load (node:internal/modules/cjs/loader:1216:25)
    at wrapModuleLoad (node:internal/modules/cjs/loader:254:19)
    at Module.require (node:internal/modules/cjs/loader:1527:12)
    at require (node:internal/modules/helpers:147:16)
    at Object.<anonymous> (/home/sainikshetkari/reportbackend.sainikshetkari.org/server.js:3:13)
    at Module._compile (node:internal/modules/cjs/loader:1781:14)
    at Module._extensions..js (node:internal/modules/cjs/loader:1913:10) {
  code: 'MODULE_NOT_FOUND',
  requireStack: [
    '/home/sainikshetkari/reportbackend.sainikshetkari.org/server.js',
    '/usr/local/lsws/fcgi-bin/lsnode.js'
  ]
}

Node.js v22.23.2
node:internal/modules/cjs/loader:1433
  throw err;
  ^

Error: Cannot find module './app'
Require stack:
- /home/sainikshetkari/reportbackend.sainikshetkari.org/server.js
- /usr/local/lsws/fcgi-bin/lsnode.js
    at Module._resolveFilename (node:internal/modules/cjs/loader:1430:15)
    at defaultResolveImpl (node:internal/modules/cjs/loader:1040:19)
    at resolveForCJSWithHooks (node:internal/modules/cjs/loader:1045:22)
    at Module._load (node:internal/modules/cjs/loader:1216:25)
    at wrapModuleLoad (node:internal/modules/cjs/loader:254:19)
    at Module.require (node:internal/modules/cjs/loader:1527:12)
    at require (node:internal/modules/helpers:147:16)
    at Object.<anonymous> (/home/sainikshetkari/reportbackend.sainikshetkari.org/server.js:3:13)
    at Module._compile (node:internal/modules/cjs/loader:1781:14)
    at Module._extensions..js (node:internal/modules/cjs/loader:1913:10) {
  code: 'MODULE_NOT_FOUND',
  requireStack: [
    '/home/sainikshetkari/reportbackend.sainikshetkari.org/server.js',
    '/usr/local/lsws/fcgi-bin/lsnode.js'
  ]
}

Node.js v22.23.2
node:internal/modules/cjs/loader:1433
  throw err;
  ^

Error: Cannot find module './app'
Require stack:
- /home/sainikshetkari/reportbackend.sainikshetkari.org/server.js
- /usr/local/lsws/fcgi-bin/lsnode.js
    at Module._resolveFilename (node:internal/modules/cjs/loader:1430:15)
    at defaultResolveImpl (node:internal/modules/cjs/loader:1040:19)
    at resolveForCJSWithHooks (node:internal/modules/cjs/loader:1045:22)
    at Module._load (node:internal/modules/cjs/loader:1216:25)
    at wrapModuleLoad (node:internal/modules/cjs/loader:254:19)
    at Module.require (node:internal/modules/cjs/loader:1527:12)
    at require (node:internal/modules/helpers:147:16)
    at Object.<anonymous> (/home/sainikshetkari/reportbackend.sainikshetkari.org/server.js:3:13)
    at Module._compile (node:internal/modules/cjs/loader:1781:14)
    at Module._extensions..js (node:internal/modules/cjs/loader:1913:10) {
  code: 'MODULE_NOT_FOUND',
  requireStack: [
    '/home/sainikshetkari/reportbackend.sainikshetkari.org/server.js',
    '/usr/local/lsws/fcgi-bin/lsnode.js'
  ]
}

Node.js v22.23.2
node:internal/modules/cjs/loader:1433
  throw err;
  ^

Error: Cannot find module './app'
Require stack:
- /home/sainikshetkari/reportbackend.sainikshetkari.org/server.js
- /usr/local/lsws/fcgi-bin/lsnode.js
    at Module._resolveFilename (node:internal/modules/cjs/loader:1430:15)
    at defaultResolveImpl (node:internal/modules/cjs/loader:1040:19)
    at resolveForCJSWithHooks (node:internal/modules/cjs/loader:1045:22)
    at Module._load (node:internal/modules/cjs/loader:1216:25)
    at wrapModuleLoad (node:internal/modules/cjs/loader:254:19)
    at Module.require (node:internal/modules/cjs/loader:1527:12)
    at require (node:internal/modules/helpers:147:16)
    at Object.<anonymous> (/home/sainikshetkari/reportbackend.sainikshetkari.org/server.js:3:13)
    at Module._compile (node:internal/modules/cjs/loader:1781:14)
    at Module._extensions..js (node:internal/modules/cjs/loader:1913:10) {
  code: 'MODULE_NOT_FOUND',
  requireStack: [
    '/home/sainikshetkari/reportbackend.sainikshetkari.org/server.js',
    '/usr/local/lsws/fcgi-bin/lsnode.js'
  ]
}

Node.js v22.23.2
node:internal/modules/cjs/loader:1433
  throw err;
  ^

Error: Cannot find module './app'
Require stack:
- /home/sainikshetkari/reportbackend.sainikshetkari.org/server.js
- /usr/local/lsws/fcgi-bin/lsnode.js
    at Module._resolveFilename (node:internal/modules/cjs/loader:1430:15)
    at defaultResolveImpl (node:internal/modules/cjs/loader:1040:19)
    at resolveForCJSWithHooks (node:internal/modules/cjs/loader:1045:22)
    at Module._load (node:internal/modules/cjs/loader:1216:25)
    at wrapModuleLoad (node:internal/modules/cjs/loader:254:19)
    at Module.require (node:internal/modules/cjs/loader:1527:12)
    at require (node:internal/modules/helpers:147:16)
    at Object.<anonymous> (/home/sainikshetkari/reportbackend.sainikshetkari.org/server.js:3:13)
    at Module._compile (node:internal/modules/cjs/loader:1781:14)
    at Module._extensions..js (node:internal/modules/cjs/loader:1913:10) {
  code: 'MODULE_NOT_FOUND',
  requireStack: [
    '/home/sainikshetkari/reportbackend.sainikshetkari.org/server.js',
    '/usr/local/lsws/fcgi-bin/lsnode.js'
  ]
}

Node.js v22.23.2
node:internal/modules/cjs/loader:1433
  throw err;
  ^

Error: Cannot find module './app'
Require stack:
- /home/sainikshetkari/reportbackend.sainikshetkari.org/server.js
- /usr/local/lsws/fcgi-bin/lsnode.js
    at Module._resolveFilename (node:internal/modules/cjs/loader:1430:15)
    at defaultResolveImpl (node:internal/modules/cjs/loader:1040:19)
    at resolveForCJSWithHooks (node:internal/modules/cjs/loader:1045:22)
    at Module._load (node:internal/modules/cjs/loader:1216:25)
    at wrapModuleLoad (node:internal/modules/cjs/loader:254:19)
    at Module.require (node:internal/modules/cjs/loader:1527:12)
    at require (node:internal/modules/helpers:147:16)
    at Object.<anonymous> (/home/sainikshetkari/reportbackend.sainikshetkari.org/server.js:3:13)
    at Module._compile (node:internal/modules/cjs/loader:1781:14)
    at Module._extensions..js (node:internal/modules/cjs/loader:1913:10) {
  code: 'MODULE_NOT_FOUND',
  requireStack: [
    '/home/sainikshetkari/reportbackend.sainikshetkari.org/server.js',
    '/usr/local/lsws/fcgi-bin/lsnode.js'
  ]
}

Node.js v22.23.2
node:internal/modules/cjs/loader:1433
  throw err;
  ^

Error: Cannot find module './app'
Require stack:
- /home/sainikshetkari/reportbackend.sainikshetkari.org/server.js
- /usr/local/lsws/fcgi-bin/lsnode.js
    at Module._resolveFilename (node:internal/modules/cjs/loader:1430:15)
    at defaultResolveImpl (node:internal/modules/cjs/loader:1040:19)
    at resolveForCJSWithHooks (node:internal/modules/cjs/loader:1045:22)
    at Module._load (node:internal/modules/cjs/loader:1216:25)
    at wrapModuleLoad (node:internal/modules/cjs/loader:254:19)
    at Module.require (node:internal/modules/cjs/loader:1527:12)
    at require (node:internal/modules/helpers:147:16)
    at Object.<anonymous> (/home/sainikshetkari/reportbackend.sainikshetkari.org/server.js:3:13)
    at Module._compile (node:internal/modules/cjs/loader:1781:14)
    at Module._extensions..js (node:internal/modules/cjs/loader:1913:10) {
  code: 'MODULE_NOT_FOUND',
  requireStack: [
    '/home/sainikshetkari/reportbackend.sainikshetkari.org/server.js',
    '/usr/local/lsws/fcgi-bin/lsnode.js'
  ]
}

Node.js v22.23.2
node:internal/modules/cjs/loader:1433
  throw err;
  ^

Error: Cannot find module './app'
Require stack:
- /home/sainikshetkari/reportbackend.sainikshetkari.org/server.js
- /usr/local/lsws/fcgi-bin/lsnode.js
    at Module._resolveFilename (node:internal/modules/cjs/loader:1430:15)
    at defaultResolveImpl (node:internal/modules/cjs/loader:1040:19)
    at resolveForCJSWithHooks (node:internal/modules/cjs/loader:1045:22)
    at Module._load (node:internal/modules/cjs/loader:1216:25)
    at wrapModuleLoad (node:internal/modules/cjs/loader:254:19)
    at Module.require (node:internal/modules/cjs/loader:1527:12)
    at require (node:internal/modules/helpers:147:16)
    at Object.<anonymous> (/home/sainikshetkari/reportbackend.sainikshetkari.org/server.js:3:13)
    at Module._compile (node:internal/modules/cjs/loader:1781:14)
    at Module._extensions..js (node:internal/modules/cjs/loader:1913:10) {
  code: 'MODULE_NOT_FOUND',
  requireStack: [
    '/home/sainikshetkari/reportbackend.sainikshetkari.org/server.js',
    '/usr/local/lsws/fcgi-bin/lsnode.js'
  ]
}

Node.js v22.23.2
node:internal/modules/cjs/loader:1433
  throw err;
  ^

Error: Cannot find module './app'
Require stack:
- /home/sainikshetkari/reportbackend.sainikshetkari.org/server.js
- /usr/local/lsws/fcgi-bin/lsnode.js
    at Module._resolveFilename (node:internal/modules/cjs/loader:1430:15)
    at defaultResolveImpl (node:internal/modules/cjs/loader:1040:19)
    at resolveForCJSWithHooks (node:internal/modules/cjs/loader:1045:22)
    at Module._load (node:internal/modules/cjs/loader:1216:25)
    at wrapModuleLoad (node:internal/modules/cjs/loader:254:19)
    at Module.require (node:internal/modules/cjs/loader:1527:12)
    at require (node:internal/modules/helpers:147:16)
    at Object.<anonymous> (/home/sainikshetkari/reportbackend.sainikshetkari.org/server.js:3:13)
    at Module._compile (node:internal/modules/cjs/loader:1781:14)
    at Module._extensions..js (node:internal/modules/cjs/loader:1913:10) {
  code: 'MODULE_NOT_FOUND',
  requireStack: [
    '/home/sainikshetkari/reportbackend.sainikshetkari.org/server.js',
    '/usr/local/lsws/fcgi-bin/lsnode.js'
  ]
}

Node.js v22.23.2
node:internal/modules/cjs/loader:1433
  throw err;
  ^

Error: Cannot find module './app'
Require stack:
- /home/sainikshetkari/reportbackend.sainikshetkari.org/server.js
- /usr/local/lsws/fcgi-bin/lsnode.js
    at Module._resolveFilename (node:internal/modules/cjs/loader:1430:15)
    at defaultResolveImpl (node:internal/modules/cjs/loader:1040:19)
    at resolveForCJSWithHooks (node:internal/modules/cjs/loader:1045:22)
    at Module._load (node:internal/modules/cjs/loader:1216:25)
    at wrapModuleLoad (node:internal/modules/cjs/loader:254:19)
    at Module.require (node:internal/modules/cjs/loader:1527:12)
    at require (node:internal/modules/helpers:147:16)
    at Object.<anonymous> (/home/sainikshetkari/reportbackend.sainikshetkari.org/server.js:3:13)
    at Module._compile (node:internal/modules/cjs/loader:1781:14)
    at Module._extensions..js (node:internal/modules/cjs/loader:1913:10) {
  code: 'MODULE_NOT_FOUND',
  requireStack: [
    '/home/sainikshetkari/reportbackend.sainikshetkari.org/server.js',
    '/usr/local/lsws/fcgi-bin/lsnode.js'
  ]
}

Node.js v22.23.2
node:internal/modules/cjs/loader:1433
  throw err;
  ^

Error: Cannot find module './app'
Require stack:
- /home/sainikshetkari/reportbackend.sainikshetkari.org/server.js
- /usr/local/lsws/fcgi-bin/lsnode.js
    at Module._resolveFilename (node:internal/modules/cjs/loader:1430:15)
    at defaultResolveImpl (node:internal/modules/cjs/loader:1040:19)
    at resolveForCJSWithHooks (node:internal/modules/cjs/loader:1045:22)
    at Module._load (node:internal/modules/cjs/loader:1216:25)
    at wrapModuleLoad (node:internal/modules/cjs/loader:254:19)
    at Module.require (node:internal/modules/cjs/loader:1527:12)
    at require (node:internal/modules/helpers:147:16)
    at Object.<anonymous> (/home/sainikshetkari/reportbackend.sainikshetkari.org/server.js:3:13)
    at Module._compile (node:internal/modules/cjs/loader:1781:14)
    at Module._extensions..js (node:internal/modules/cjs/loader:1913:10) {
  code: 'MODULE_NOT_FOUND',
  requireStack: [
    '/home/sainikshetkari/reportbackend.sainikshetkari.org/server.js',
    '/usr/local/lsws/fcgi-bin/lsnode.js'
  ]
}

Node.js v22.23.2
node:internal/modules/cjs/loader:1433
  throw err;
  ^

Error: Cannot find module './app'
Require stack:
- /home/sainikshetkari/reportbackend.sainikshetkari.org/server.js
- /usr/local/lsws/fcgi-bin/lsnode.js
    at Module._resolveFilename (node:internal/modules/cjs/loader:1430:15)
    at defaultResolveImpl (node:internal/modules/cjs/loader:1040:19)
    at resolveForCJSWithHooks (node:internal/modules/cjs/loader:1045:22)
    at Module._load (node:internal/modules/cjs/loader:1216:25)
    at wrapModuleLoad (node:internal/modules/cjs/loader:254:19)
    at Module.require (node:internal/modules/cjs/loader:1527:12)
    at require (node:internal/modules/helpers:147:16)
    at Object.<anonymous> (/home/sainikshetkari/reportbackend.sainikshetkari.org/server.js:3:13)
    at Module._compile (node:internal/modules/cjs/loader:1781:14)
    at Module._extensions..js (node:internal/modules/cjs/loader:1913:10) {
  code: 'MODULE_NOT_FOUND',
  requireStack: [
    '/home/sainikshetkari/reportbackend.sainikshetkari.org/server.js',
    '/usr/local/lsws/fcgi-bin/lsnode.js'
  ]
}

Node.js v22.23.2
=================================
MYSQL DATABASE CONNECTION FAILED
Error: Access denied for user 'sainikshetkari_report_admin'@'localhost' to database 'sainikshetkari_reporting'
=================================
Database test failed: Access denied for user 'sainikshetkari_report_admin'@'localhost' to database 'sainikshetkari_reporting'

❌ Server failed: Access denied for user 'sainikshetkari_report_admin'@'localhost' to database 'sainikshetkari_reporting'

=================================
MYSQL DATABASE CONNECTION FAILED
Error: Access denied for user 'sainikshetkari_report_admin'@'localhost' to database 'sainikshetkari_reporting'
=================================
Database test failed: Access denied for user 'sainikshetkari_report_admin'@'localhost' to database 'sainikshetkari_reporting'

❌ Server failed: Access denied for user 'sainikshetkari_report_admin'@'localhost' to database 'sainikshetkari_reporting'

=================================
MYSQL DATABASE CONNECTION FAILED
Error: Access denied for user 'sainikshetkari_report_admin'@'localhost' to database 'sainikshetkari_reporting'
=================================
Database test failed: Access denied for user 'sainikshetkari_report_admin'@'localhost' to database 'sainikshetkari_reporting'

❌ Server failed: Access denied for user 'sainikshetkari_report_admin'@'localhost' to database 'sainikshetkari_reporting'

=================================
MYSQL DATABASE CONNECTION FAILED
Error: Access denied for user 'admin_sainikshetkari'@'localhost' (using password: YES)
=================================
Database test failed: Access denied for user 'admin_sainikshetkari'@'localhost' (using password: YES)

❌ Server failed: Access denied for user 'admin_sainikshetkari'@'localhost' (using password: YES)

=================================
MYSQL DATABASE CONNECTION FAILED
Error: Access denied for user 'admin_sainikshetkari'@'localhost' (using password: YES)
=================================
Database test failed: Access denied for user 'admin_sainikshetkari'@'localhost' (using password: YES)

❌ Server failed: Access denied for user 'admin_sainikshetkari'@'localhost' (using password: YES)

=================================
MYSQL DATABASE CONNECTION FAILED
Error: Access denied for user 'admin_sainikshetkari'@'localhost' (using password: YES)
=================================
Database test failed: Access denied for user 'admin_sainikshetkari'@'localhost' (using password: YES)

❌ Server failed: Access denied for user 'admin_sainikshetkari'@'localhost' (using password: YES)

=================================
MYSQL DATABASE CONNECTION FAILED
Error: Access denied for user 'sainikshetkari_report_admin'@'localhost' to database 'sainikshetkari_reporting'
=================================
Database test failed: Access denied for user 'sainikshetkari_report_admin'@'localhost' to database 'sainikshetkari_reporting'

❌ Server failed: Access denied for user 'sainikshetkari_report_admin'@'localhost' to database 'sainikshetkari_reporting'

=================================
MYSQL DATABASE CONNECTION FAILED
Error: Access denied for user 'sainikshetkari_report_admin'@'localhost' to database 'sainikshetkari_reporting'
=================================
Database test failed: Access denied for user 'sainikshetkari_report_admin'@'localhost' to database 'sainikshetkari_reporting'

❌ Server failed: Access denied for user 'sainikshetkari_report_admin'@'localhost' to database 'sainikshetkari_reporting'

=================================
MYSQL DATABASE CONNECTION FAILED
Error: Access denied for user 'sainikshetkari_report_admin'@'localhost' to database 'sainikshetkari_reporting'
=================================
Database test failed: Access denied for user 'sainikshetkari_report_admin'@'localhost' to database 'sainikshetkari_reporting'

❌ Server failed: Access denied for user 'sainikshetkari_report_admin'@'localhost' to database 'sainikshetkari_reporting'

=================================
MYSQL DATABASE CONNECTION FAILED
Error: Access denied for user 'sainikshetkari_report_admin'@'localhost' to database 'sainikshetkari_reporting'
=================================
Database test failed: Access denied for user 'sainikshetkari_report_admin'@'localhost' to database 'sainikshetkari_reporting'

❌ Server failed: Access denied for user 'sainikshetkari_report_admin'@'localhost' to database 'sainikshetkari_reporting'

/home/sainikshetkari/nodevenv/reportbackend.sainikshetkari.org/22/lib/node_modules/router/lib/route.js:228
        throw new TypeError('argument handler must be a function')
        ^

TypeError: argument handler must be a function
    at Route.<computed> [as get] (/home/sainikshetkari/nodevenv/reportbackend.sainikshetkari.org/22/lib/node_modules/router/lib/route.js:228:15)
    at Router.<computed> [as get] (/home/sainikshetkari/nodevenv/reportbackend.sainikshetkari.org/22/lib/node_modules/router/index.js:448:19)
    at Object.<anonymous> (/home/sainikshetkari/reportbackend.sainikshetkari.org/src/routes/vibhag.routes.js:60:8)
    at Module._compile (node:internal/modules/cjs/loader:1781:14)
    at Module._extensions..js (node:internal/modules/cjs/loader:1913:10)
    at Module.load (node:internal/modules/cjs/loader:1505:32)
    at Module._load (node:internal/modules/cjs/loader:1309:12)
    at wrapModuleLoad (node:internal/modules/cjs/loader:254:19)
    at Module.require (node:internal/modules/cjs/loader:1527:12)
    at require (node:internal/modules/helpers:147:16)

Node.js v22.23.2
/home/sainikshetkari/nodevenv/reportbackend.sainikshetkari.org/22/lib/node_modules/router/lib/route.js:228
        throw new TypeError('argument handler must be a function')
        ^

TypeError: argument handler must be a function
    at Route.<computed> [as get] (/home/sainikshetkari/nodevenv/reportbackend.sainikshetkari.org/22/lib/node_modules/router/lib/route.js:228:15)
    at Router.<computed> [as get] (/home/sainikshetkari/nodevenv/reportbackend.sainikshetkari.org/22/lib/node_modules/router/index.js:448:19)
    at Object.<anonymous> (/home/sainikshetkari/reportbackend.sainikshetkari.org/src/routes/vibhag.routes.js:60:8)
    at Module._compile (node:internal/modules/cjs/loader:1781:14)
    at Module._extensions..js (node:internal/modules/cjs/loader:1913:10)
    at Module.load (node:internal/modules/cjs/loader:1505:32)
    at Module._load (node:internal/modules/cjs/loader:1309:12)
    at wrapModuleLoad (node:internal/modules/cjs/loader:254:19)
    at Module.require (node:internal/modules/cjs/loader:1527:12)
    at require (node:internal/modules/helpers:147:16)

Node.js v22.23.2
/home/sainikshetkari/nodevenv/reportbackend.sainikshetkari.org/22/lib/node_modules/router/lib/route.js:228
        throw new TypeError('argument handler must be a function')
        ^

TypeError: argument handler must be a function
    at Route.<computed> [as get] (/home/sainikshetkari/nodevenv/reportbackend.sainikshetkari.org/22/lib/node_modules/router/lib/route.js:228:15)
    at Router.<computed> [as get] (/home/sainikshetkari/nodevenv/reportbackend.sainikshetkari.org/22/lib/node_modules/router/index.js:448:19)
    at Object.<anonymous> (/home/sainikshetkari/reportbackend.sainikshetkari.org/src/routes/vibhag.routes.js:60:8)
    at Module._compile (node:internal/modules/cjs/loader:1781:14)
    at Module._extensions..js (node:internal/modules/cjs/loader:1913:10)
    at Module.load (node:internal/modules/cjs/loader:1505:32)
    at Module._load (node:internal/modules/cjs/loader:1309:12)
    at wrapModuleLoad (node:internal/modules/cjs/loader:254:19)
    at Module.require (node:internal/modules/cjs/loader:1527:12)
    at require (node:internal/modules/helpers:147:16)

Node.js v22.23.2
/home/sainikshetkari/nodevenv/reportbackend.sainikshetkari.org/22/lib/node_modules/router/lib/route.js:228
        throw new TypeError('argument handler must be a function')
        ^

TypeError: argument handler must be a function
    at Route.<computed> [as get] (/home/sainikshetkari/nodevenv/reportbackend.sainikshetkari.org/22/lib/node_modules/router/lib/route.js:228:15)
    at Router.<computed> [as get] (/home/sainikshetkari/nodevenv/reportbackend.sainikshetkari.org/22/lib/node_modules/router/index.js:448:19)
    at Object.<anonymous> (/home/sainikshetkari/reportbackend.sainikshetkari.org/src/routes/vibhag.routes.js:60:8)
    at Module._compile (node:internal/modules/cjs/loader:1781:14)
    at Module._extensions..js (node:internal/modules/cjs/loader:1913:10)
    at Module.load (node:internal/modules/cjs/loader:1505:32)
    at Module._load (node:internal/modules/cjs/loader:1309:12)
    at wrapModuleLoad (node:internal/modules/cjs/loader:254:19)
    at Module.require (node:internal/modules/cjs/loader:1527:12)
    at require (node:internal/modules/helpers:147:16)

Node.js v22.23.2
/home/sainikshetkari/nodevenv/reportbackend.sainikshetkari.org/22/lib/node_modules/router/lib/route.js:228
        throw new TypeError('argument handler must be a function')
        ^

TypeError: argument handler must be a function
    at Route.<computed> [as get] (/home/sainikshetkari/nodevenv/reportbackend.sainikshetkari.org/22/lib/node_modules/router/lib/route.js:228:15)
    at Router.<computed> [as get] (/home/sainikshetkari/nodevenv/reportbackend.sainikshetkari.org/22/lib/node_modules/router/index.js:448:19)
    at Object.<anonymous> (/home/sainikshetkari/reportbackend.sainikshetkari.org/src/routes/vibhag.routes.js:60:8)
    at Module._compile (node:internal/modules/cjs/loader:1781:14)
    at Module._extensions..js (node:internal/modules/cjs/loader:1913:10)
    at Module.load (node:internal/modules/cjs/loader:1505:32)
    at Module._load (node:internal/modules/cjs/loader:1309:12)
    at wrapModuleLoad (node:internal/modules/cjs/loader:254:19)
    at Module.require (node:internal/modules/cjs/loader:1527:12)
    at require (node:internal/modules/helpers:147:16)

Node.js v22.23.2
/home/sainikshetkari/nodevenv/reportbackend.sainikshetkari.org/22/lib/node_modules/router/lib/route.js:228
        throw new TypeError('argument handler must be a function')
        ^

TypeError: argument handler must be a function
    at Route.<computed> [as get] (/home/sainikshetkari/nodevenv/reportbackend.sainikshetkari.org/22/lib/node_modules/router/lib/route.js:228:15)
    at Router.<computed> [as get] (/home/sainikshetkari/nodevenv/reportbackend.sainikshetkari.org/22/lib/node_modules/router/index.js:448:19)
    at Object.<anonymous> (/home/sainikshetkari/reportbackend.sainikshetkari.org/src/routes/vibhag.routes.js:60:8)
    at Module._compile (node:internal/modules/cjs/loader:1781:14)
    at Module._extensions..js (node:internal/modules/cjs/loader:1913:10)
    at Module.load (node:internal/modules/cjs/loader:1505:32)
    at Module._load (node:internal/modules/cjs/loader:1309:12)
    at wrapModuleLoad (node:internal/modules/cjs/loader:254:19)
    at Module.require (node:internal/modules/cjs/loader:1527:12)
    at require (node:internal/modules/helpers:147:16)

Node.js v22.23.2
/home/sainikshetkari/nodevenv/reportbackend.sainikshetkari.org/22/lib/node_modules/router/lib/route.js:228
        throw new TypeError('argument handler must be a function')
        ^

TypeError: argument handler must be a function
    at Route.<computed> [as get] (/home/sainikshetkari/nodevenv/reportbackend.sainikshetkari.org/22/lib/node_modules/router/lib/route.js:228:15)
    at Router.<computed> [as get] (/home/sainikshetkari/nodevenv/reportbackend.sainikshetkari.org/22/lib/node_modules/router/index.js:448:19)
    at Object.<anonymous> (/home/sainikshetkari/reportbackend.sainikshetkari.org/src/routes/vibhag.routes.js:60:8)
    at Module._compile (node:internal/modules/cjs/loader:1781:14)
    at Module._extensions..js (node:internal/modules/cjs/loader:1913:10)
    at Module.load (node:internal/modules/cjs/loader:1505:32)
    at Module._load (node:internal/modules/cjs/loader:1309:12)
    at wrapModuleLoad (node:internal/modules/cjs/loader:254:19)
    at Module.require (node:internal/modules/cjs/loader:1527:12)
    at require (node:internal/modules/helpers:147:16)

Node.js v22.23.2
/home/sainikshetkari/nodevenv/reportbackend.sainikshetkari.org/22/lib/node_modules/router/lib/route.js:228
        throw new TypeError('argument handler must be a function')
        ^

TypeError: argument handler must be a function
    at Route.<computed> [as get] (/home/sainikshetkari/nodevenv/reportbackend.sainikshetkari.org/22/lib/node_modules/router/lib/route.js:228:15)
    at Router.<computed> [as get] (/home/sainikshetkari/nodevenv/reportbackend.sainikshetkari.org/22/lib/node_modules/router/index.js:448:19)
    at Object.<anonymous> (/home/sainikshetkari/reportbackend.sainikshetkari.org/src/routes/vibhag.routes.js:60:8)
    at Module._compile (node:internal/modules/cjs/loader:1781:14)
    at Module._extensions..js (node:internal/modules/cjs/loader:1913:10)
    at Module.load (node:internal/modules/cjs/loader:1505:32)
    at Module._load (node:internal/modules/cjs/loader:1309:12)
    at wrapModuleLoad (node:internal/modules/cjs/loader:254:19)
    at Module.require (node:internal/modules/cjs/loader:1527:12)
    at require (node:internal/modules/helpers:147:16)

Node.js v22.23.2
/home/sainikshetkari/nodevenv/reportbackend.sainikshetkari.org/22/lib/node_modules/router/lib/route.js:228
        throw new TypeError('argument handler must be a function')
        ^

TypeError: argument handler must be a function
    at Route.<computed> [as get] (/home/sainikshetkari/nodevenv/reportbackend.sainikshetkari.org/22/lib/node_modules/router/lib/route.js:228:15)
    at Router.<computed> [as get] (/home/sainikshetkari/nodevenv/reportbackend.sainikshetkari.org/22/lib/node_modules/router/index.js:448:19)
    at Object.<anonymous> (/home/sainikshetkari/reportbackend.sainikshetkari.org/src/routes/vibhag.routes.js:60:8)
    at Module._compile (node:internal/modules/cjs/loader:1781:14)
    at Module._extensions..js (node:internal/modules/cjs/loader:1913:10)
    at Module.load (node:internal/modules/cjs/loader:1505:32)
    at Module._load (node:internal/modules/cjs/loader:1309:12)
    at wrapModuleLoad (node:internal/modules/cjs/loader:254:19)
    at Module.require (node:internal/modules/cjs/loader:1527:12)
    at require (node:internal/modules/helpers:147:16)

Node.js v22.23.2
/home/sainikshetkari/nodevenv/reportbackend.sainikshetkari.org/22/lib/node_modules/router/lib/route.js:228
        throw new TypeError('argument handler must be a function')
        ^

TypeError: argument handler must be a function
    at Route.<computed> [as get] (/home/sainikshetkari/nodevenv/reportbackend.sainikshetkari.org/22/lib/node_modules/router/lib/route.js:228:15)
    at Router.<computed> [as get] (/home/sainikshetkari/nodevenv/reportbackend.sainikshetkari.org/22/lib/node_modules/router/index.js:448:19)
    at Object.<anonymous> (/home/sainikshetkari/reportbackend.sainikshetkari.org/src/routes/vibhag.routes.js:60:8)
    at Module._compile (node:internal/modules/cjs/loader:1781:14)
    at Module._extensions..js (node:internal/modules/cjs/loader:1913:10)
    at Module.load (node:internal/modules/cjs/loader:1505:32)
    at Module._load (node:internal/modules/cjs/loader:1309:12)
    at wrapModuleLoad (node:internal/modules/cjs/loader:254:19)
    at Module.require (node:internal/modules/cjs/loader:1527:12)
    at require (node:internal/modules/helpers:147:16)

Node.js v22.23.2
/home/sainikshetkari/nodevenv/reportbackend.sainikshetkari.org/22/lib/node_modules/router/lib/route.js:228
        throw new TypeError('argument handler must be a function')
        ^

TypeError: argument handler must be a function
    at Route.<computed> [as get] (/home/sainikshetkari/nodevenv/reportbackend.sainikshetkari.org/22/lib/node_modules/router/lib/route.js:228:15)
    at Router.<computed> [as get] (/home/sainikshetkari/nodevenv/reportbackend.sainikshetkari.org/22/lib/node_modules/router/index.js:448:19)
    at Object.<anonymous> (/home/sainikshetkari/reportbackend.sainikshetkari.org/src/routes/vibhag.routes.js:60:8)
    at Module._compile (node:internal/modules/cjs/loader:1781:14)
    at Module._extensions..js (node:internal/modules/cjs/loader:1913:10)
    at Module.load (node:internal/modules/cjs/loader:1505:32)
    at Module._load (node:internal/modules/cjs/loader:1309:12)
    at wrapModuleLoad (node:internal/modules/cjs/loader:254:19)
    at Module.require (node:internal/modules/cjs/loader:1527:12)
    at require (node:internal/modules/helpers:147:16)

Node.js v22.23.2
/home/sainikshetkari/nodevenv/reportbackend.sainikshetkari.org/22/lib/node_modules/router/lib/route.js:228
        throw new TypeError('argument handler must be a function')
        ^

TypeError: argument handler must be a function
    at Route.<computed> [as get] (/home/sainikshetkari/nodevenv/reportbackend.sainikshetkari.org/22/lib/node_modules/router/lib/route.js:228:15)
    at Router.<computed> [as get] (/home/sainikshetkari/nodevenv/reportbackend.sainikshetkari.org/22/lib/node_modules/router/index.js:448:19)
    at Object.<anonymous> (/home/sainikshetkari/reportbackend.sainikshetkari.org/src/routes/vibhag.routes.js:60:8)
    at Module._compile (node:internal/modules/cjs/loader:1781:14)
    at Module._extensions..js (node:internal/modules/cjs/loader:1913:10)
    at Module.load (node:internal/modules/cjs/loader:1505:32)
    at Module._load (node:internal/modules/cjs/loader:1309:12)
    at wrapModuleLoad (node:internal/modules/cjs/loader:254:19)
    at Module.require (node:internal/modules/cjs/loader:1527:12)
    at require (node:internal/modules/helpers:147:16)

Node.js v22.23.2
/home/sainikshetkari/nodevenv/reportbackend.sainikshetkari.org/22/lib/node_modules/router/lib/route.js:228
        throw new TypeError('argument handler must be a function')
        ^

TypeError: argument handler must be a function
    at Route.<computed> [as get] (/home/sainikshetkari/nodevenv/reportbackend.sainikshetkari.org/22/lib/node_modules/router/lib/route.js:228:15)
    at Router.<computed> [as get] (/home/sainikshetkari/nodevenv/reportbackend.sainikshetkari.org/22/lib/node_modules/router/index.js:448:19)
    at Object.<anonymous> (/home/sainikshetkari/reportbackend.sainikshetkari.org/src/routes/vibhag.routes.js:60:8)
    at Module._compile (node:internal/modules/cjs/loader:1781:14)
    at Module._extensions..js (node:internal/modules/cjs/loader:1913:10)
    at Module.load (node:internal/modules/cjs/loader:1505:32)
    at Module._load (node:internal/modules/cjs/loader:1309:12)
    at wrapModuleLoad (node:internal/modules/cjs/loader:254:19)
    at Module.require (node:internal/modules/cjs/loader:1527:12)
    at require (node:internal/modules/helpers:147:16)

Node.js v22.23.2
/home/sainikshetkari/nodevenv/reportbackend.sainikshetkari.org/22/lib/node_modules/router/lib/route.js:228
        throw new TypeError('argument handler must be a function')
        ^

TypeError: argument handler must be a function
    at Route.<computed> [as get] (/home/sainikshetkari/nodevenv/reportbackend.sainikshetkari.org/22/lib/node_modules/router/lib/route.js:228:15)
    at Router.<computed> [as get] (/home/sainikshetkari/nodevenv/reportbackend.sainikshetkari.org/22/lib/node_modules/router/index.js:448:19)
    at Object.<anonymous> (/home/sainikshetkari/reportbackend.sainikshetkari.org/src/routes/vibhag.routes.js:60:8)
    at Module._compile (node:internal/modules/cjs/loader:1781:14)
    at Module._extensions..js (node:internal/modules/cjs/loader:1913:10)
    at Module.load (node:internal/modules/cjs/loader:1505:32)
    at Module._load (node:internal/modules/cjs/loader:1309:12)
    at wrapModuleLoad (node:internal/modules/cjs/loader:254:19)
    at Module.require (node:internal/modules/cjs/loader:1527:12)
    at require (node:internal/modules/helpers:147:16)

Node.js v22.23.2
========================================
❌ SERVER ERROR
METHOD: OPTIONS
URL: /api/auth/login
ORIGIN: http://localhost:5174
ERROR: Error: CORS not allowed for origin: http://localhost:5174
    at origin (/home/sainikshetkari/reportbackend.sainikshetkari.org/src/app.js:95:13)
    at /home/sainikshetkari/nodevenv/reportbackend.sainikshetkari.org/22/lib/node_modules/cors/lib/index.js:219:13
    at optionsCallback (/home/sainikshetkari/nodevenv/reportbackend.sainikshetkari.org/22/lib/node_modules/cors/lib/index.js:199:9)
    at corsMiddleware (/home/sainikshetkari/nodevenv/reportbackend.sainikshetkari.org/22/lib/node_modules/cors/lib/index.js:204:7)
    at Layer.handleRequest (/home/sainikshetkari/nodevenv/reportbackend.sainikshetkari.org/22/lib/node_modules/router/lib/layer.js:152:17)
    at trimPrefix (/home/sainikshetkari/nodevenv/reportbackend.sainikshetkari.org/22/lib/node_modules/router/index.js:342:13)
    at /home/sainikshetkari/nodevenv/reportbackend.sainikshetkari.org/22/lib/node_modules/router/index.js:297:9
    at processParams (/home/sainikshetkari/nodevenv/reportbackend.sainikshetkari.org/22/lib/node_modules/router/index.js:582:12)
    at next (/home/sainikshetkari/nodevenv/reportbackend.sainikshetkari.org/22/lib/node_modules/router/index.js:291:5)
    at Function.handle (/home/sainikshetkari/nodevenv/reportbackend.sainikshetkari.org/22/lib/node_modules/router/index.js:186:3)
========================================
========================================
❌ SERVER ERROR
METHOD: OPTIONS
URL: /api/auth/login
ORIGIN: http://localhost:5174
ERROR: Error: CORS not allowed for origin: http://localhost:5174
    at origin (/home/sainikshetkari/reportbackend.sainikshetkari.org/src/app.js:95:13)
    at /home/sainikshetkari/nodevenv/reportbackend.sainikshetkari.org/22/lib/node_modules/cors/lib/index.js:219:13
    at optionsCallback (/home/sainikshetkari/nodevenv/reportbackend.sainikshetkari.org/22/lib/node_modules/cors/lib/index.js:199:9)
    at corsMiddleware (/home/sainikshetkari/nodevenv/reportbackend.sainikshetkari.org/22/lib/node_modules/cors/lib/index.js:204:7)
    at Layer.handleRequest (/home/sainikshetkari/nodevenv/reportbackend.sainikshetkari.org/22/lib/node_modules/router/lib/layer.js:152:17)
    at trimPrefix (/home/sainikshetkari/nodevenv/reportbackend.sainikshetkari.org/22/lib/node_modules/router/index.js:342:13)
    at /home/sainikshetkari/nodevenv/reportbackend.sainikshetkari.org/22/lib/node_modules/router/index.js:297:9
    at processParams (/home/sainikshetkari/nodevenv/reportbackend.sainikshetkari.org/22/lib/node_modules/router/index.js:582:12)
    at next (/home/sainikshetkari/nodevenv/reportbackend.sainikshetkari.org/22/lib/node_modules/router/index.js:291:5)
    at Function.handle (/home/sainikshetkari/nodevenv/reportbackend.sainikshetkari.org/22/lib/node_modules/router/index.js:186:3)
========================================
=================================
LOGIN ERROR: Error: Can't add new command when connection is in closed state
    at Object.query (/home/sainikshetkari/reportbackend.sainikshetkari.org/src/config/db.js:124:15)
    at process.processTicksAndRejections (node:internal/process/task_queues:103:5)
    at async login (/home/sainikshetkari/reportbackend.sainikshetkari.org/src/controllers/auth.controller.js:51:13) {
  fatal: true
}
=================================
=================================
LOGIN ERROR: Error: Can't add new command when connection is in closed state
    at Object.query (/home/sainikshetkari/reportbackend.sainikshetkari.org/src/config/db.js:124:15)
    at process.processTicksAndRejections (node:internal/process/task_queues:103:5)
    at async login (/home/sainikshetkari/reportbackend.sainikshetkari.org/src/controllers/auth.controller.js:51:13) {
  fatal: true
}
=================================
=================================
LOGIN ERROR: Error: Can't add new command when connection is in closed state
    at Object.query (/home/sainikshetkari/reportbackend.sainikshetkari.org/src/config/db.js:124:15)
    at process.processTicksAndRejections (node:internal/process/task_queues:103:5)
    at async login (/home/sainikshetkari/reportbackend.sainikshetkari.org/src/controllers/auth.controller.js:51:13) {
  fatal: true
}
=================================
=================================
LOGIN ERROR: Error: Can't add new command when connection is in closed state
    at Object.query (/home/sainikshetkari/reportbackend.sainikshetkari.org/src/config/db.js:124:15)
    at process.processTicksAndRejections (node:internal/process/task_queues:103:5)
    at async login (/home/sainikshetkari/reportbackend.sainikshetkari.org/src/controllers/auth.controller.js:51:13) {
  fatal: true
}
=================================
=================================
LOGIN ERROR: Error: Can't add new command when connection is in closed state
    at Object.query (/home/sainikshetkari/reportbackend.sainikshetkari.org/src/config/db.js:124:15)
    at process.processTicksAndRejections (node:internal/process/task_queues:103:5)
    at async login (/home/sainikshetkari/reportbackend.sainikshetkari.org/src/controllers/auth.controller.js:51:13) {
  fatal: true
}
=================================
=================================
LOGIN ERROR: Error: Can't add new command when connection is in closed state
    at Object.query (/home/sainikshetkari/reportbackend.sainikshetkari.org/src/config/db.js:124:15)
    at process.processTicksAndRejections (node:internal/process/task_queues:103:5)
    at async login (/home/sainikshetkari/reportbackend.sainikshetkari.org/src/controllers/auth.controller.js:51:13) {
  fatal: true
}
=================================
CREATE VIBHAG ERROR: TypeError: db.getConnection is not a function
    at createVibhag (/home/sainikshetkari/reportbackend.sainikshetkari.org/src/controllers/vibhag.controller.js:402:22)
    at process.processTicksAndRejections (node:internal/process/task_queues:103:5)
CREATE VIBHAG ERROR: TypeError: db.getConnection is not a function
    at createVibhag (/home/sainikshetkari/reportbackend.sainikshetkari.org/src/controllers/vibhag.controller.js:402:22)
    at process.processTicksAndRejections (node:internal/process/task_queues:103:5)
CREATE VIBHAG ERROR: TypeError: db.getConnection is not a function
    at createVibhag (/home/sainikshetkari/reportbackend.sainikshetkari.org/src/controllers/vibhag.controller.js:402:22)
    at process.processTicksAndRejections (node:internal/process/task_queues:103:5)
CREATE TALUKA ERROR: Error: Duplicate entry 'kharatashish986@gmail.com' for key 'email'
    at Object.query (/home/sainikshetkari/reportbackend.sainikshetkari.org/src/config/db.js:124:15)
    at process.processTicksAndRejections (node:internal/process/task_queues:103:5)
    at async createTaluka (/home/sainikshetkari/reportbackend.sainikshetkari.org/src/controllers/taluka.controller.js:490:13) {
  code: 'ER_DUP_ENTRY',
  errno: 1062,
  sqlState: '23000',
  sqlMessage: "Duplicate entry 'kharatashish986@gmail.com' for key 'email'",
  sql: '\n' +
    '            INSERT INTO talukas\n' +
    '            (\n' +
    '                name,\n' +
    '                district_id,\n' +
    '                contact_number,\n' +
    '                user_id,\n' +
    '                email,\n' +
    '                password,\n' +
    '                address,\n' +
    '                status\n' +
    '            )\n' +
    '\n' +
    '            VALUES\n' +
    '            (\n' +
    "                'ashishkharatTaluka',\n" +
    '                1,\n' +
    "                '9324278202',\n" +
    "                'ashishkharatTaluka',\n" +
    "                'kharatashish986@gmail.com',\n" +
    "                '123456',\n" +
    "                'kamothe,panvel',\n" +
    "                'active'\n" +
    '            )\n' +
    '        '
}
CREATE TALUKA ERROR: Error: Duplicate entry 'kharatashish986@gmail.com' for key 'email'
    at Object.query (/home/sainikshetkari/reportbackend.sainikshetkari.org/src/config/db.js:124:15)
    at process.processTicksAndRejections (node:internal/process/task_queues:103:5)
    at async createTaluka (/home/sainikshetkari/reportbackend.sainikshetkari.org/src/controllers/taluka.controller.js:490:13) {
  code: 'ER_DUP_ENTRY',
  errno: 1062,
  sqlState: '23000',
  sqlMessage: "Duplicate entry 'kharatashish986@gmail.com' for key 'email'",
  sql: '\n' +
    '            INSERT INTO talukas\n' +
    '            (\n' +
    '                name,\n' +
    '                district_id,\n' +
    '                contact_number,\n' +
    '                user_id,\n' +
    '                email,\n' +
    '                password,\n' +
    '                address,\n' +
    '                status\n' +
    '            )\n' +
    '\n' +
    '            VALUES\n' +
    '            (\n' +
    "                'ashishkharatTalukanew',\n" +
    '                3,\n' +
    "                '9324278202',\n" +
    "                'ashishkharatTalukanew',\n" +
    "                'kharatashish986@gmail.com',\n" +
    "                '123456',\n" +
    "                'kamothe,panvel',\n" +
    "                'active'\n" +
    '            )\n' +
    '        '
}
CREATE VIBHAG ERROR: TypeError: db.getConnection is not a function
    at createVibhag (/home/sainikshetkari/reportbackend.sainikshetkari.org/src/controllers/vibhag.controller.js:402:22)
    at process.processTicksAndRejections (node:internal/process/task_queues:103:5)
CREATE TALUKA ERROR: Error: Duplicate entry 'kharatashish986@gmail.com' for key 'email'
    at Object.query (/home/sainikshetkari/reportbackend.sainikshetkari.org/src/config/db.js:124:15)
    at process.processTicksAndRejections (node:internal/process/task_queues:103:5)
    at async createTaluka (/home/sainikshetkari/reportbackend.sainikshetkari.org/src/controllers/taluka.controller.js:490:13) {
  code: 'ER_DUP_ENTRY',
  errno: 1062,
  sqlState: '23000',
  sqlMessage: "Duplicate entry 'kharatashish986@gmail.com' for key 'email'",
  sql: '\n' +
    '            INSERT INTO talukas\n' +
    '            (\n' +
    '                name,\n' +
    '                district_id,\n' +
    '                contact_number,\n' +
    '                user_id,\n' +
    '                email,\n' +
    '                password,\n' +
    '                address,\n' +
    '                status\n' +
    '            )\n' +
    '\n' +
    '            VALUES\n' +
    '            (\n' +
    "                'ashish kharatTaluka2',\n" +
    '                1,\n' +
    "                '9324278202',\n" +
    "                'ashish kharatTaluka2',\n" +
    "                'kharatashish986@gmail.com',\n" +
    "                '123456',\n" +
    "                'kamothe,panvel',\n" +
    "                'active'\n" +
    '            )\n' +
    '        '
}
=================================
LOGIN ERROR: Error: Can't add new command when connection is in closed state
    at Object.query (/home/sainikshetkari/reportbackend.sainikshetkari.org/src/config/db.js:124:15)
    at process.processTicksAndRejections (node:internal/process/task_queues:103:5)
    at async login (/home/sainikshetkari/reportbackend.sainikshetkari.org/src/controllers/auth.controller.js:51:13) {
  fatal: true
}
=================================
=================================
LOGIN ERROR: Error: Can't add new command when connection is in closed state
    at Object.query (/home/sainikshetkari/reportbackend.sainikshetkari.org/src/config/db.js:124:15)
    at process.processTicksAndRejections (node:internal/process/task_queues:103:5)
    at async login (/home/sainikshetkari/reportbackend.sainikshetkari.org/src/controllers/auth.controller.js:51:13) {
  fatal: true
}
=================================
=================================
LOGIN ERROR: Error: Can't add new command when connection is in closed state
    at Object.query (/home/sainikshetkari/reportbackend.sainikshetkari.org/src/config/db.js:124:15)
    at process.processTicksAndRejections (node:internal/process/task_queues:103:5)
    at async login (/home/sainikshetkari/reportbackend.sainikshetkari.org/src/controllers/auth.controller.js:51:13) {
  fatal: true
}
=================================
/home/sainikshetkari/reportbackend.sainikshetkari.org/src/controllers/trainerReport.controller.js:2396
const getTrainerReports = async (
      ^

SyntaxError: Identifier 'getTrainerReports' has already been declared
    at wrapSafe (node:internal/modules/cjs/loader:1713:18)
    at Module._compile (node:internal/modules/cjs/loader:1755:20)
    at Module._extensions..js (node:internal/modules/cjs/loader:1913:10)
    at Module.load (node:internal/modules/cjs/loader:1505:32)
    at Module._load (node:internal/modules/cjs/loader:1309:12)
    at wrapModuleLoad (node:internal/modules/cjs/loader:254:19)
    at Module.require (node:internal/modules/cjs/loader:1527:12)
    at require (node:internal/modules/helpers:147:16)
    at Object.<anonymous> (/home/sainikshetkari/reportbackend.sainikshetkari.org/src/routes/trainerReport.routes.js:16:5)
    at Module._compile (node:internal/modules/cjs/loader:1781:14)

Node.js v22.23.2
/home/sainikshetkari/reportbackend.sainikshetkari.org/src/controllers/trainerReport.controller.js:2396
const getTrainerReports = async (
      ^

SyntaxError: Identifier 'getTrainerReports' has already been declared
    at wrapSafe (node:internal/modules/cjs/loader:1713:18)
    at Module._compile (node:internal/modules/cjs/loader:1755:20)
    at Module._extensions..js (node:internal/modules/cjs/loader:1913:10)
    at Module.load (node:internal/modules/cjs/loader:1505:32)
    at Module._load (node:internal/modules/cjs/loader:1309:12)
    at wrapModuleLoad (node:internal/modules/cjs/loader:254:19)
    at Module.require (node:internal/modules/cjs/loader:1527:12)
    at require (node:internal/modules/helpers:147:16)
    at Object.<anonymous> (/home/sainikshetkari/reportbackend.sainikshetkari.org/src/routes/trainerReport.routes.js:16:5)
    at Module._compile (node:internal/modules/cjs/loader:1781:14)

Node.js v22.23.2
/home/sainikshetkari/reportbackend.sainikshetkari.org/src/controllers/trainerReport.controller.js:2396
const getTrainerReports = async (
      ^

SyntaxError: Identifier 'getTrainerReports' has already been declared
    at wrapSafe (node:internal/modules/cjs/loader:1713:18)
    at Module._compile (node:internal/modules/cjs/loader:1755:20)
    at Module._extensions..js (node:internal/modules/cjs/loader:1913:10)
    at Module.load (node:internal/modules/cjs/loader:1505:32)
    at Module._load (node:internal/modules/cjs/loader:1309:12)
    at wrapModuleLoad (node:internal/modules/cjs/loader:254:19)
    at Module.require (node:internal/modules/cjs/loader:1527:12)
    at require (node:internal/modules/helpers:147:16)
    at Object.<anonymous> (/home/sainikshetkari/reportbackend.sainikshetkari.org/src/routes/trainerReport.routes.js:16:5)
    at Module._compile (node:internal/modules/cjs/loader:1781:14)

Node.js v22.23.2
/home/sainikshetkari/reportbackend.sainikshetkari.org/src/controllers/trainerReport.controller.js:2396
const getTrainerReports = async (
      ^

SyntaxError: Identifier 'getTrainerReports' has already been declared
    at wrapSafe (node:internal/modules/cjs/loader:1713:18)
    at Module._compile (node:internal/modules/cjs/loader:1755:20)
    at Module._extensions..js (node:internal/modules/cjs/loader:1913:10)
    at Module.load (node:internal/modules/cjs/loader:1505:32)
    at Module._load (node:internal/modules/cjs/loader:1309:12)
    at wrapModuleLoad (node:internal/modules/cjs/loader:254:19)
    at Module.require (node:internal/modules/cjs/loader:1527:12)
    at require (node:internal/modules/helpers:147:16)
    at Object.<anonymous> (/home/sainikshetkari/reportbackend.sainikshetkari.org/src/routes/trainerReport.routes.js:16:5)
    at Module._compile (node:internal/modules/cjs/loader:1781:14)

Node.js v22.23.2
/home/sainikshetkari/reportbackend.sainikshetkari.org/src/controllers/trainerReport.controller.js:2396
const getTrainerReports = async (
      ^

SyntaxError: Identifier 'getTrainerReports' has already been declared
    at wrapSafe (node:internal/modules/cjs/loader:1713:18)
    at Module._compile (node:internal/modules/cjs/loader:1755:20)
    at Module._extensions..js (node:internal/modules/cjs/loader:1913:10)
    at Module.load (node:internal/modules/cjs/loader:1505:32)
    at Module._load (node:internal/modules/cjs/loader:1309:12)
    at wrapModuleLoad (node:internal/modules/cjs/loader:254:19)
    at Module.require (node:internal/modules/cjs/loader:1527:12)
    at require (node:internal/modules/helpers:147:16)
    at Object.<anonymous> (/home/sainikshetkari/reportbackend.sainikshetkari.org/src/routes/trainerReport.routes.js:16:5)
    at Module._compile (node:internal/modules/cjs/loader:1781:14)

Node.js v22.23.2
/home/sainikshetkari/reportbackend.sainikshetkari.org/src/controllers/trainerReport.controller.js:2396
const getTrainerReports = async (
      ^

SyntaxError: Identifier 'getTrainerReports' has already been declared
    at wrapSafe (node:internal/modules/cjs/loader:1713:18)
    at Module._compile (node:internal/modules/cjs/loader:1755:20)
    at Module._extensions..js (node:internal/modules/cjs/loader:1913:10)
    at Module.load (node:internal/modules/cjs/loader:1505:32)
    at Module._load (node:internal/modules/cjs/loader:1309:12)
    at wrapModuleLoad (node:internal/modules/cjs/loader:254:19)
    at Module.require (node:internal/modules/cjs/loader:1527:12)
    at require (node:internal/modules/helpers:147:16)
    at Object.<anonymous> (/home/sainikshetkari/reportbackend.sainikshetkari.org/src/routes/trainerReport.routes.js:16:5)
    at Module._compile (node:internal/modules/cjs/loader:1781:14)

Node.js v22.23.2
/home/sainikshetkari/reportbackend.sainikshetkari.org/src/controllers/trainerReport.controller.js:2396
const getTrainerReports = async (
      ^

SyntaxError: Identifier 'getTrainerReports' has already been declared
    at wrapSafe (node:internal/modules/cjs/loader:1713:18)
    at Module._compile (node:internal/modules/cjs/loader:1755:20)
    at Module._extensions..js (node:internal/modules/cjs/loader:1913:10)
    at Module.load (node:internal/modules/cjs/loader:1505:32)
    at Module._load (node:internal/modules/cjs/loader:1309:12)
    at wrapModuleLoad (node:internal/modules/cjs/loader:254:19)
    at Module.require (node:internal/modules/cjs/loader:1527:12)
    at require (node:internal/modules/helpers:147:16)
    at Object.<anonymous> (/home/sainikshetkari/reportbackend.sainikshetkari.org/src/routes/trainerReport.routes.js:16:5)
    at Module._compile (node:internal/modules/cjs/loader:1781:14)

Node.js v22.23.2
/home/sainikshetkari/reportbackend.sainikshetkari.org/src/controllers/trainerReport.controller.js:2396
const getTrainerReports = async (
      ^

SyntaxError: Identifier 'getTrainerReports' has already been declared
    at wrapSafe (node:internal/modules/cjs/loader:1713:18)
    at Module._compile (node:internal/modules/cjs/loader:1755:20)
    at Module._extensions..js (node:internal/modules/cjs/loader:1913:10)
    at Module.load (node:internal/modules/cjs/loader:1505:32)
    at Module._load (node:internal/modules/cjs/loader:1309:12)
    at wrapModuleLoad (node:internal/modules/cjs/loader:254:19)
    at Module.require (node:internal/modules/cjs/loader:1527:12)
    at require (node:internal/modules/helpers:147:16)
    at Object.<anonymous> (/home/sainikshetkari/reportbackend.sainikshetkari.org/src/routes/trainerReport.routes.js:16:5)
    at Module._compile (node:internal/modules/cjs/loader:1781:14)

Node.js v22.23.2
/home/sainikshetkari/reportbackend.sainikshetkari.org/src/controllers/trainerReport.controller.js:2396
const getTrainerReports = async (
      ^

SyntaxError: Identifier 'getTrainerReports' has already been declared
    at wrapSafe (node:internal/modules/cjs/loader:1713:18)
    at Module._compile (node:internal/modules/cjs/loader:1755:20)
    at Module._extensions..js (node:internal/modules/cjs/loader:1913:10)
    at Module.load (node:internal/modules/cjs/loader:1505:32)
    at Module._load (node:internal/modules/cjs/loader:1309:12)
    at wrapModuleLoad (node:internal/modules/cjs/loader:254:19)
    at Module.require (node:internal/modules/cjs/loader:1527:12)
    at require (node:internal/modules/helpers:147:16)
    at Object.<anonymous> (/home/sainikshetkari/reportbackend.sainikshetkari.org/src/routes/trainerReport.routes.js:16:5)
    at Module._compile (node:internal/modules/cjs/loader:1781:14)

Node.js v22.23.2
/home/sainikshetkari/reportbackend.sainikshetkari.org/src/controllers/trainerReport.controller.js:2396
const getTrainerReports = async (
      ^

SyntaxError: Identifier 'getTrainerReports' has already been declared
    at wrapSafe (node:internal/modules/cjs/loader:1713:18)
    at Module._compile (node:internal/modules/cjs/loader:1755:20)
    at Module._extensions..js (node:internal/modules/cjs/loader:1913:10)
    at Module.load (node:internal/modules/cjs/loader:1505:32)
    at Module._load (node:internal/modules/cjs/loader:1309:12)
    at wrapModuleLoad (node:internal/modules/cjs/loader:254:19)
    at Module.require (node:internal/modules/cjs/loader:1527:12)
    at require (node:internal/modules/helpers:147:16)
    at Object.<anonymous> (/home/sainikshetkari/reportbackend.sainikshetkari.org/src/routes/trainerReport.routes.js:16:5)
    at Module._compile (node:internal/modules/cjs/loader:1781:14)

Node.js v22.23.2
/home/sainikshetkari/reportbackend.sainikshetkari.org/src/controllers/trainerReport.controller.js:2396
const getTrainerReports = async (
      ^

SyntaxError: Identifier 'getTrainerReports' has already been declared
    at wrapSafe (node:internal/modules/cjs/loader:1713:18)
    at Module._compile (node:internal/modules/cjs/loader:1755:20)
    at Module._extensions..js (node:internal/modules/cjs/loader:1913:10)
    at Module.load (node:internal/modules/cjs/loader:1505:32)
    at Module._load (node:internal/modules/cjs/loader:1309:12)
    at wrapModuleLoad (node:internal/modules/cjs/loader:254:19)
    at Module.require (node:internal/modules/cjs/loader:1527:12)
    at require (node:internal/modules/helpers:147:16)
    at Object.<anonymous> (/home/sainikshetkari/reportbackend.sainikshetkari.org/src/routes/trainerReport.routes.js:16:5)
    at Module._compile (node:internal/modules/cjs/loader:1781:14)

Node.js v22.23.2
/home/sainikshetkari/reportbackend.sainikshetkari.org/src/controllers/trainerReport.controller.js:2396
const getTrainerReports = async (
      ^

SyntaxError: Identifier 'getTrainerReports' has already been declared
    at wrapSafe (node:internal/modules/cjs/loader:1713:18)
    at Module._compile (node:internal/modules/cjs/loader:1755:20)
    at Module._extensions..js (node:internal/modules/cjs/loader:1913:10)
    at Module.load (node:internal/modules/cjs/loader:1505:32)
    at Module._load (node:internal/modules/cjs/loader:1309:12)
    at wrapModuleLoad (node:internal/modules/cjs/loader:254:19)
    at Module.require (node:internal/modules/cjs/loader:1527:12)
    at require (node:internal/modules/helpers:147:16)
    at Object.<anonymous> (/home/sainikshetkari/reportbackend.sainikshetkari.org/src/routes/trainerReport.routes.js:16:5)
    at Module._compile (node:internal/modules/cjs/loader:1781:14)

Node.js v22.23.2
/home/sainikshetkari/reportbackend.sainikshetkari.org/src/controllers/trainerReport.controller.js:2396
const getTrainerReports = async (
      ^

SyntaxError: Identifier 'getTrainerReports' has already been declared
    at wrapSafe (node:internal/modules/cjs/loader:1713:18)
    at Module._compile (node:internal/modules/cjs/loader:1755:20)
    at Module._extensions..js (node:internal/modules/cjs/loader:1913:10)
    at Module.load (node:internal/modules/cjs/loader:1505:32)
    at Module._load (node:internal/modules/cjs/loader:1309:12)
    at wrapModuleLoad (node:internal/modules/cjs/loader:254:19)
    at Module.require (node:internal/modules/cjs/loader:1527:12)
    at require (node:internal/modules/helpers:147:16)
    at Object.<anonymous> (/home/sainikshetkari/reportbackend.sainikshetkari.org/src/routes/trainerReport.routes.js:16:5)
    at Module._compile (node:internal/modules/cjs/loader:1781:14)

Node.js v22.23.2
/home/sainikshetkari/reportbackend.sainikshetkari.org/src/controllers/trainerReport.controller.js:2396
const getTrainerReports = async (
      ^

SyntaxError: Identifier 'getTrainerReports' has already been declared
    at wrapSafe (node:internal/modules/cjs/loader:1713:18)
    at Module._compile (node:internal/modules/cjs/loader:1755:20)
    at Module._extensions..js (node:internal/modules/cjs/loader:1913:10)
    at Module.load (node:internal/modules/cjs/loader:1505:32)
    at Module._load (node:internal/modules/cjs/loader:1309:12)
    at wrapModuleLoad (node:internal/modules/cjs/loader:254:19)
    at Module.require (node:internal/modules/cjs/loader:1527:12)
    at require (node:internal/modules/helpers:147:16)
    at Object.<anonymous> (/home/sainikshetkari/reportbackend.sainikshetkari.org/src/routes/trainerReport.routes.js:16:5)
    at Module._compile (node:internal/modules/cjs/loader:1781:14)

Node.js v22.23.2
/home/sainikshetkari/reportbackend.sainikshetkari.org/src/controllers/trainerReport.controller.js:2396
const getTrainerReports = async (
      ^

SyntaxError: Identifier 'getTrainerReports' has already been declared
    at wrapSafe (node:internal/modules/cjs/loader:1713:18)
    at Module._compile (node:internal/modules/cjs/loader:1755:20)
    at Module._extensions..js (node:internal/modules/cjs/loader:1913:10)
    at Module.load (node:internal/modules/cjs/loader:1505:32)
    at Module._load (node:internal/modules/cjs/loader:1309:12)
    at wrapModuleLoad (node:internal/modules/cjs/loader:254:19)
    at Module.require (node:internal/modules/cjs/loader:1527:12)
    at require (node:internal/modules/helpers:147:16)
    at Object.<anonymous> (/home/sainikshetkari/reportbackend.sainikshetkari.org/src/routes/trainerReport.routes.js:16:5)
    at Module._compile (node:internal/modules/cjs/loader:1781:14)

Node.js v22.23.2
/home/sainikshetkari/reportbackend.sainikshetkari.org/src/controllers/trainerReport.controller.js:2396
const getTrainerReports = async (
      ^

SyntaxError: Identifier 'getTrainerReports' has already been declared
    at wrapSafe (node:internal/modules/cjs/loader:1713:18)
    at Module._compile (node:internal/modules/cjs/loader:1755:20)
    at Module._extensions..js (node:internal/modules/cjs/loader:1913:10)
    at Module.load (node:internal/modules/cjs/loader:1505:32)
    at Module._load (node:internal/modules/cjs/loader:1309:12)
    at wrapModuleLoad (node:internal/modules/cjs/loader:254:19)
    at Module.require (node:internal/modules/cjs/loader:1527:12)
    at require (node:internal/modules/helpers:147:16)
    at Object.<anonymous> (/home/sainikshetkari/reportbackend.sainikshetkari.org/src/routes/trainerReport.routes.js:16:5)
    at Module._compile (node:internal/modules/cjs/loader:1781:14)

Node.js v22.23.2
/home/sainikshetkari/reportbackend.sainikshetkari.org/src/controllers/trainerReport.controller.js:2396
const getTrainerReports = async (
      ^

SyntaxError: Identifier 'getTrainerReports' has already been declared
    at wrapSafe (node:internal/modules/cjs/loader:1713:18)
    at Module._compile (node:internal/modules/cjs/loader:1755:20)
    at Module._extensions..js (node:internal/modules/cjs/loader:1913:10)
    at Module.load (node:internal/modules/cjs/loader:1505:32)
    at Module._load (node:internal/modules/cjs/loader:1309:12)
    at wrapModuleLoad (node:internal/modules/cjs/loader:254:19)
    at Module.require (node:internal/modules/cjs/loader:1527:12)
    at require (node:internal/modules/helpers:147:16)
    at Object.<anonymous> (/home/sainikshetkari/reportbackend.sainikshetkari.org/src/routes/trainerReport.routes.js:16:5)
    at Module._compile (node:internal/modules/cjs/loader:1781:14)

Node.js v22.23.2
/home/sainikshetkari/reportbackend.sainikshetkari.org/src/controllers/trainerReport.controller.js:2396
const getTrainerReports = async (
      ^

SyntaxError: Identifier 'getTrainerReports' has already been declared
    at wrapSafe (node:internal/modules/cjs/loader:1713:18)
    at Module._compile (node:internal/modules/cjs/loader:1755:20)
    at Module._extensions..js (node:internal/modules/cjs/loader:1913:10)
    at Module.load (node:internal/modules/cjs/loader:1505:32)
    at Module._load (node:internal/modules/cjs/loader:1309:12)
    at wrapModuleLoad (node:internal/modules/cjs/loader:254:19)
    at Module.require (node:internal/modules/cjs/loader:1527:12)
    at require (node:internal/modules/helpers:147:16)
    at Object.<anonymous> (/home/sainikshetkari/reportbackend.sainikshetkari.org/src/routes/trainerReport.routes.js:16:5)
    at Module._compile (node:internal/modules/cjs/loader:1781:14)

Node.js v22.23.2
/home/sainikshetkari/reportbackend.sainikshetkari.org/src/controllers/trainerReport.controller.js:2396
const getTrainerReports = async (
      ^

SyntaxError: Identifier 'getTrainerReports' has already been declared
    at wrapSafe (node:internal/modules/cjs/loader:1713:18)
    at Module._compile (node:internal/modules/cjs/loader:1755:20)
    at Module._extensions..js (node:internal/modules/cjs/loader:1913:10)
    at Module.load (node:internal/modules/cjs/loader:1505:32)
    at Module._load (node:internal/modules/cjs/loader:1309:12)
    at wrapModuleLoad (node:internal/modules/cjs/loader:254:19)
    at Module.require (node:internal/modules/cjs/loader:1527:12)
    at require (node:internal/modules/helpers:147:16)
    at Object.<anonymous> (/home/sainikshetkari/reportbackend.sainikshetkari.org/src/routes/trainerReport.routes.js:16:5)
    at Module._compile (node:internal/modules/cjs/loader:1781:14)

Node.js v22.23.2
/home/sainikshetkari/reportbackend.sainikshetkari.org/src/controllers/trainerReport.controller.js:2396
const getTrainerReports = async (
      ^

SyntaxError: Identifier 'getTrainerReports' has already been declared
    at wrapSafe (node:internal/modules/cjs/loader:1713:18)
    at Module._compile (node:internal/modules/cjs/loader:1755:20)
    at Module._extensions..js (node:internal/modules/cjs/loader:1913:10)
    at Module.load (node:internal/modules/cjs/loader:1505:32)
    at Module._load (node:internal/modules/cjs/loader:1309:12)
    at wrapModuleLoad (node:internal/modules/cjs/loader:254:19)
    at Module.require (node:internal/modules/cjs/loader:1527:12)
    at require (node:internal/modules/helpers:147:16)
    at Object.<anonymous> (/home/sainikshetkari/reportbackend.sainikshetkari.org/src/routes/trainerReport.routes.js:16:5)
    at Module._compile (node:internal/modules/cjs/loader:1781:14)

Node.js v22.23.2
/home/sainikshetkari/reportbackend.sainikshetkari.org/src/controllers/trainerReport.controller.js:2396
const getTrainerReports = async (
      ^

SyntaxError: Identifier 'getTrainerReports' has already been declared
    at wrapSafe (node:internal/modules/cjs/loader:1713:18)
    at Module._compile (node:internal/modules/cjs/loader:1755:20)
    at Module._extensions..js (node:internal/modules/cjs/loader:1913:10)
    at Module.load (node:internal/modules/cjs/loader:1505:32)
    at Module._load (node:internal/modules/cjs/loader:1309:12)
    at wrapModuleLoad (node:internal/modules/cjs/loader:254:19)
    at Module.require (node:internal/modules/cjs/loader:1527:12)
    at require (node:internal/modules/helpers:147:16)
    at Object.<anonymous> (/home/sainikshetkari/reportbackend.sainikshetkari.org/src/routes/trainerReport.routes.js:16:5)
    at Module._compile (node:internal/modules/cjs/loader:1781:14)

Node.js v22.23.2
/home/sainikshetkari/reportbackend.sainikshetkari.org/src/controllers/trainerReport.controller.js:2396
const getTrainerReports = async (
      ^

SyntaxError: Identifier 'getTrainerReports' has already been declared
    at wrapSafe (node:internal/modules/cjs/loader:1713:18)
    at Module._compile (node:internal/modules/cjs/loader:1755:20)
    at Module._extensions..js (node:internal/modules/cjs/loader:1913:10)
    at Module.load (node:internal/modules/cjs/loader:1505:32)
    at Module._load (node:internal/modules/cjs/loader:1309:12)
    at wrapModuleLoad (node:internal/modules/cjs/loader:254:19)
    at Module.require (node:internal/modules/cjs/loader:1527:12)
    at require (node:internal/modules/helpers:147:16)
    at Object.<anonymous> (/home/sainikshetkari/reportbackend.sainikshetkari.org/src/routes/trainerReport.routes.js:16:5)
    at Module._compile (node:internal/modules/cjs/loader:1781:14)

Node.js v22.23.2
/home/sainikshetkari/reportbackend.sainikshetkari.org/src/controllers/trainerReport.controller.js:2396
const getTrainerReports = async (
      ^

SyntaxError: Identifier 'getTrainerReports' has already been declared
    at wrapSafe (node:internal/modules/cjs/loader:1713:18)
    at Module._compile (node:internal/modules/cjs/loader:1755:20)
    at Module._extensions..js (node:internal/modules/cjs/loader:1913:10)
    at Module.load (node:internal/modules/cjs/loader:1505:32)
    at Module._load (node:internal/modules/cjs/loader:1309:12)
    at wrapModuleLoad (node:internal/modules/cjs/loader:254:19)
    at Module.require (node:internal/modules/cjs/loader:1527:12)
    at require (node:internal/modules/helpers:147:16)
    at Object.<anonymous> (/home/sainikshetkari/reportbackend.sainikshetkari.org/src/routes/trainerReport.routes.js:16:5)
    at Module._compile (node:internal/modules/cjs/loader:1781:14)

Node.js v22.23.2
/home/sainikshetkari/reportbackend.sainikshetkari.org/src/controllers/trainerReport.controller.js:2396
const getTrainerReports = async (
      ^

SyntaxError: Identifier 'getTrainerReports' has already been declared
    at wrapSafe (node:internal/modules/cjs/loader:1713:18)
    at Module._compile (node:internal/modules/cjs/loader:1755:20)
    at Module._extensions..js (node:internal/modules/cjs/loader:1913:10)
    at Module.load (node:internal/modules/cjs/loader:1505:32)
    at Module._load (node:internal/modules/cjs/loader:1309:12)
    at wrapModuleLoad (node:internal/modules/cjs/loader:254:19)
    at Module.require (node:internal/modules/cjs/loader:1527:12)
    at require (node:internal/modules/helpers:147:16)
    at Object.<anonymous> (/home/sainikshetkari/reportbackend.sainikshetkari.org/src/routes/trainerReport.routes.js:16:5)
    at Module._compile (node:internal/modules/cjs/loader:1781:14)

Node.js v22.23.2
/home/sainikshetkari/reportbackend.sainikshetkari.org/src/controllers/trainerReport.controller.js:2396
const getTrainerReports = async (
      ^

SyntaxError: Identifier 'getTrainerReports' has already been declared
    at wrapSafe (node:internal/modules/cjs/loader:1713:18)
    at Module._compile (node:internal/modules/cjs/loader:1755:20)
    at Module._extensions..js (node:internal/modules/cjs/loader:1913:10)
    at Module.load (node:internal/modules/cjs/loader:1505:32)
    at Module._load (node:internal/modules/cjs/loader:1309:12)
    at wrapModuleLoad (node:internal/modules/cjs/loader:254:19)
    at Module.require (node:internal/modules/cjs/loader:1527:12)
    at require (node:internal/modules/helpers:147:16)
    at Object.<anonymous> (/home/sainikshetkari/reportbackend.sainikshetkari.org/src/routes/trainerReport.routes.js:16:5)
    at Module._compile (node:internal/modules/cjs/loader:1781:14)

Node.js v22.23.2
/home/sainikshetkari/reportbackend.sainikshetkari.org/src/controllers/trainerReport.controller.js:2396
const getTrainerReports = async (
      ^

SyntaxError: Identifier 'getTrainerReports' has already been declared
    at wrapSafe (node:internal/modules/cjs/loader:1713:18)
    at Module._compile (node:internal/modules/cjs/loader:1755:20)
    at Module._extensions..js (node:internal/modules/cjs/loader:1913:10)
    at Module.load (node:internal/modules/cjs/loader:1505:32)
    at Module._load (node:internal/modules/cjs/loader:1309:12)
    at wrapModuleLoad (node:internal/modules/cjs/loader:254:19)
    at Module.require (node:internal/modules/cjs/loader:1527:12)
    at require (node:internal/modules/helpers:147:16)
    at Object.<anonymous> (/home/sainikshetkari/reportbackend.sainikshetkari.org/src/routes/trainerReport.routes.js:16:5)
    at Module._compile (node:internal/modules/cjs/loader:1781:14)

Node.js v22.23.2
/home/sainikshetkari/reportbackend.sainikshetkari.org/src/controllers/trainerReport.controller.js:2396
const getTrainerReports = async (
      ^

SyntaxError: Identifier 'getTrainerReports' has already been declared
    at wrapSafe (node:internal/modules/cjs/loader:1713:18)
    at Module._compile (node:internal/modules/cjs/loader:1755:20)
    at Module._extensions..js (node:internal/modules/cjs/loader:1913:10)
    at Module.load (node:internal/modules/cjs/loader:1505:32)
    at Module._load (node:internal/modules/cjs/loader:1309:12)
    at wrapModuleLoad (node:internal/modules/cjs/loader:254:19)
    at Module.require (node:internal/modules/cjs/loader:1527:12)
    at require (node:internal/modules/helpers:147:16)
    at Object.<anonymous> (/home/sainikshetkari/reportbackend.sainikshetkari.org/src/routes/trainerReport.routes.js:16:5)
    at Module._compile (node:internal/modules/cjs/loader:1781:14)

Node.js v22.23.2
/home/sainikshetkari/reportbackend.sainikshetkari.org/src/controllers/trainerReport.controller.js:2396
const getTrainerReports = async (
      ^

SyntaxError: Identifier 'getTrainerReports' has already been declared
    at wrapSafe (node:internal/modules/cjs/loader:1713:18)
    at Module._compile (node:internal/modules/cjs/loader:1755:20)
    at Module._extensions..js (node:internal/modules/cjs/loader:1913:10)
    at Module.load (node:internal/modules/cjs/loader:1505:32)
    at Module._load (node:internal/modules/cjs/loader:1309:12)
    at wrapModuleLoad (node:internal/modules/cjs/loader:254:19)
    at Module.require (node:internal/modules/cjs/loader:1527:12)
    at require (node:internal/modules/helpers:147:16)
    at Object.<anonymous> (/home/sainikshetkari/reportbackend.sainikshetkari.org/src/routes/trainerReport.routes.js:16:5)
    at Module._compile (node:internal/modules/cjs/loader:1781:14)

Node.js v22.23.2
/home/sainikshetkari/reportbackend.sainikshetkari.org/src/controllers/trainerReport.controller.js:2396
const getTrainerReports = async (
      ^

SyntaxError: Identifier 'getTrainerReports' has already been declared
    at wrapSafe (node:internal/modules/cjs/loader:1713:18)
    at Module._compile (node:internal/modules/cjs/loader:1755:20)
    at Module._extensions..js (node:internal/modules/cjs/loader:1913:10)
    at Module.load (node:internal/modules/cjs/loader:1505:32)
    at Module._load (node:internal/modules/cjs/loader:1309:12)
    at wrapModuleLoad (node:internal/modules/cjs/loader:254:19)
    at Module.require (node:internal/modules/cjs/loader:1527:12)
    at require (node:internal/modules/helpers:147:16)
    at Object.<anonymous> (/home/sainikshetkari/reportbackend.sainikshetkari.org/src/routes/trainerReport.routes.js:16:5)
    at Module._compile (node:internal/modules/cjs/loader:1781:14)

Node.js v22.23.2
/home/sainikshetkari/reportbackend.sainikshetkari.org/src/controllers/trainerReport.controller.js:2396
const getTrainerReports = async (
      ^

SyntaxError: Identifier 'getTrainerReports' has already been declared
    at wrapSafe (node:internal/modules/cjs/loader:1713:18)
    at Module._compile (node:internal/modules/cjs/loader:1755:20)
    at Module._extensions..js (node:internal/modules/cjs/loader:1913:10)
    at Module.load (node:internal/modules/cjs/loader:1505:32)
    at Module._load (node:internal/modules/cjs/loader:1309:12)
    at wrapModuleLoad (node:internal/modules/cjs/loader:254:19)
    at Module.require (node:internal/modules/cjs/loader:1527:12)
    at require (node:internal/modules/helpers:147:16)
    at Object.<anonymous> (/home/sainikshetkari/reportbackend.sainikshetkari.org/src/routes/trainerReport.routes.js:16:5)
    at Module._compile (node:internal/modules/cjs/loader:1781:14)

Node.js v22.23.2
/home/sainikshetkari/reportbackend.sainikshetkari.org/src/controllers/trainerReport.controller.js:2396
const getTrainerReports = async (
      ^

SyntaxError: Identifier 'getTrainerReports' has already been declared
    at wrapSafe (node:internal/modules/cjs/loader:1713:18)
    at Module._compile (node:internal/modules/cjs/loader:1755:20)
    at Module._extensions..js (node:internal/modules/cjs/loader:1913:10)
    at Module.load (node:internal/modules/cjs/loader:1505:32)
    at Module._load (node:internal/modules/cjs/loader:1309:12)
    at wrapModuleLoad (node:internal/modules/cjs/loader:254:19)
    at Module.require (node:internal/modules/cjs/loader:1527:12)
    at require (node:internal/modules/helpers:147:16)
    at Object.<anonymous> (/home/sainikshetkari/reportbackend.sainikshetkari.org/src/routes/trainerReport.routes.js:16:5)
    at Module._compile (node:internal/modules/cjs/loader:1781:14)

Node.js v22.23.2
/home/sainikshetkari/reportbackend.sainikshetkari.org/src/controllers/trainerReport.controller.js:2396
const getTrainerReports = async (
      ^

SyntaxError: Identifier 'getTrainerReports' has already been declared
    at wrapSafe (node:internal/modules/cjs/loader:1713:18)
    at Module._compile (node:internal/modules/cjs/loader:1755:20)
    at Module._extensions..js (node:internal/modules/cjs/loader:1913:10)
    at Module.load (node:internal/modules/cjs/loader:1505:32)
    at Module._load (node:internal/modules/cjs/loader:1309:12)
    at wrapModuleLoad (node:internal/modules/cjs/loader:254:19)
    at Module.require (node:internal/modules/cjs/loader:1527:12)
    at require (node:internal/modules/helpers:147:16)
    at Object.<anonymous> (/home/sainikshetkari/reportbackend.sainikshetkari.org/src/routes/trainerReport.routes.js:16:5)
    at Module._compile (node:internal/modules/cjs/loader:1781:14)

Node.js v22.23.2
/home/sainikshetkari/reportbackend.sainikshetkari.org/src/controllers/trainerReport.controller.js:2396
const getTrainerReports = async (
      ^

SyntaxError: Identifier 'getTrainerReports' has already been declared
    at wrapSafe (node:internal/modules/cjs/loader:1713:18)
    at Module._compile (node:internal/modules/cjs/loader:1755:20)
    at Module._extensions..js (node:internal/modules/cjs/loader:1913:10)
    at Module.load (node:internal/modules/cjs/loader:1505:32)
    at Module._load (node:internal/modules/cjs/loader:1309:12)
    at wrapModuleLoad (node:internal/modules/cjs/loader:254:19)
    at Module.require (node:internal/modules/cjs/loader:1527:12)
    at require (node:internal/modules/helpers:147:16)
    at Object.<anonymous> (/home/sainikshetkari/reportbackend.sainikshetkari.org/src/routes/trainerReport.routes.js:16:5)
    at Module._compile (node:internal/modules/cjs/loader:1781:14)

Node.js v22.23.2
/home/sainikshetkari/reportbackend.sainikshetkari.org/src/controllers/trainerReport.controller.js:2396
const getTrainerReports = async (
      ^

SyntaxError: Identifier 'getTrainerReports' has already been declared
    at wrapSafe (node:internal/modules/cjs/loader:1713:18)
    at Module._compile (node:internal/modules/cjs/loader:1755:20)
    at Module._extensions..js (node:internal/modules/cjs/loader:1913:10)
    at Module.load (node:internal/modules/cjs/loader:1505:32)
    at Module._load (node:internal/modules/cjs/loader:1309:12)
    at wrapModuleLoad (node:internal/modules/cjs/loader:254:19)
    at Module.require (node:internal/modules/cjs/loader:1527:12)
    at require (node:internal/modules/helpers:147:16)
    at Object.<anonymous> (/home/sainikshetkari/reportbackend.sainikshetkari.org/src/routes/trainerReport.routes.js:16:5)
    at Module._compile (node:internal/modules/cjs/loader:1781:14)

Node.js v22.23.2
/home/sainikshetkari/reportbackend.sainikshetkari.org/src/controllers/trainerReport.controller.js:2396
const getTrainerReports = async (
      ^

SyntaxError: Identifier 'getTrainerReports' has already been declared
    at wrapSafe (node:internal/modules/cjs/loader:1713:18)
    at Module._compile (node:internal/modules/cjs/loader:1755:20)
    at Module._extensions..js (node:internal/modules/cjs/loader:1913:10)
    at Module.load (node:internal/modules/cjs/loader:1505:32)
    at Module._load (node:internal/modules/cjs/loader:1309:12)
    at wrapModuleLoad (node:internal/modules/cjs/loader:254:19)
    at Module.require (node:internal/modules/cjs/loader:1527:12)
    at require (node:internal/modules/helpers:147:16)
    at Object.<anonymous> (/home/sainikshetkari/reportbackend.sainikshetkari.org/src/routes/trainerReport.routes.js:16:5)
    at Module._compile (node:internal/modules/cjs/loader:1781:14)

Node.js v22.23.2
/home/sainikshetkari/reportbackend.sainikshetkari.org/src/controllers/trainerReport.controller.js:2396
const getTrainerReports = async (
      ^

SyntaxError: Identifier 'getTrainerReports' has already been declared
    at wrapSafe (node:internal/modules/cjs/loader:1713:18)
    at Module._compile (node:internal/modules/cjs/loader:1755:20)
    at Module._extensions..js (node:internal/modules/cjs/loader:1913:10)
    at Module.load (node:internal/modules/cjs/loader:1505:32)
    at Module._load (node:internal/modules/cjs/loader:1309:12)
    at wrapModuleLoad (node:internal/modules/cjs/loader:254:19)
    at Module.require (node:internal/modules/cjs/loader:1527:12)
    at require (node:internal/modules/helpers:147:16)
    at Object.<anonymous> (/home/sainikshetkari/reportbackend.sainikshetkari.org/src/routes/trainerReport.routes.js:16:5)
    at Module._compile (node:internal/modules/cjs/loader:1781:14)

Node.js v22.23.2
/home/sainikshetkari/reportbackend.sainikshetkari.org/src/controllers/trainerReport.controller.js:2396
const getTrainerReports = async (
      ^

SyntaxError: Identifier 'getTrainerReports' has already been declared
    at wrapSafe (node:internal/modules/cjs/loader:1713:18)
    at Module._compile (node:internal/modules/cjs/loader:1755:20)
    at Module._extensions..js (node:internal/modules/cjs/loader:1913:10)
    at Module.load (node:internal/modules/cjs/loader:1505:32)
    at Module._load (node:internal/modules/cjs/loader:1309:12)
    at wrapModuleLoad (node:internal/modules/cjs/loader:254:19)
    at Module.require (node:internal/modules/cjs/loader:1527:12)
    at require (node:internal/modules/helpers:147:16)
    at Object.<anonymous> (/home/sainikshetkari/reportbackend.sainikshetkari.org/src/routes/trainerReport.routes.js:16:5)
    at Module._compile (node:internal/modules/cjs/loader:1781:14)

Node.js v22.23.2
/home/sainikshetkari/reportbackend.sainikshetkari.org/src/controllers/trainerReport.controller.js:2396
const getTrainerReports = async (
      ^

SyntaxError: Identifier 'getTrainerReports' has already been declared
    at wrapSafe (node:internal/modules/cjs/loader:1713:18)
    at Module._compile (node:internal/modules/cjs/loader:1755:20)
    at Module._extensions..js (node:internal/modules/cjs/loader:1913:10)
    at Module.load (node:internal/modules/cjs/loader:1505:32)
    at Module._load (node:internal/modules/cjs/loader:1309:12)
    at wrapModuleLoad (node:internal/modules/cjs/loader:254:19)
    at Module.require (node:internal/modules/cjs/loader:1527:12)
    at require (node:internal/modules/helpers:147:16)
    at Object.<anonymous> (/home/sainikshetkari/reportbackend.sainikshetkari.org/src/routes/trainerReport.routes.js:16:5)
    at Module._compile (node:internal/modules/cjs/loader:1781:14)

Node.js v22.23.2
/home/sainikshetkari/reportbackend.sainikshetkari.org/src/controllers/trainerReport.controller.js:2396
const getTrainerReports = async (
      ^

SyntaxError: Identifier 'getTrainerReports' has already been declared
    at wrapSafe (node:internal/modules/cjs/loader:1713:18)
    at Module._compile (node:internal/modules/cjs/loader:1755:20)
    at Module._extensions..js (node:internal/modules/cjs/loader:1913:10)
    at Module.load (node:internal/modules/cjs/loader:1505:32)
    at Module._load (node:internal/modules/cjs/loader:1309:12)
    at wrapModuleLoad (node:internal/modules/cjs/loader:254:19)
    at Module.require (node:internal/modules/cjs/loader:1527:12)
    at require (node:internal/modules/helpers:147:16)
    at Object.<anonymous> (/home/sainikshetkari/reportbackend.sainikshetkari.org/src/routes/trainerReport.routes.js:16:5)
    at Module._compile (node:internal/modules/cjs/loader:1781:14)

Node.js v22.23.2
/home/sainikshetkari/reportbackend.sainikshetkari.org/src/controllers/trainerReport.controller.js:2396
const getTrainerReports = async (
      ^

SyntaxError: Identifier 'getTrainerReports' has already been declared
    at wrapSafe (node:internal/modules/cjs/loader:1713:18)
    at Module._compile (node:internal/modules/cjs/loader:1755:20)
    at Module._extensions..js (node:internal/modules/cjs/loader:1913:10)
    at Module.load (node:internal/modules/cjs/loader:1505:32)
    at Module._load (node:internal/modules/cjs/loader:1309:12)
    at wrapModuleLoad (node:internal/modules/cjs/loader:254:19)
    at Module.require (node:internal/modules/cjs/loader:1527:12)
    at require (node:internal/modules/helpers:147:16)
    at Object.<anonymous> (/home/sainikshetkari/reportbackend.sainikshetkari.org/src/routes/trainerReport.routes.js:16:5)
    at Module._compile (node:internal/modules/cjs/loader:1781:14)

Node.js v22.23.2
/home/sainikshetkari/reportbackend.sainikshetkari.org/src/controllers/trainerReport.controller.js:2396
const getTrainerReports = async (
      ^

SyntaxError: Identifier 'getTrainerReports' has already been declared
    at wrapSafe (node:internal/modules/cjs/loader:1713:18)
    at Module._compile (node:internal/modules/cjs/loader:1755:20)
    at Module._extensions..js (node:internal/modules/cjs/loader:1913:10)
    at Module.load (node:internal/modules/cjs/loader:1505:32)
    at Module._load (node:internal/modules/cjs/loader:1309:12)
    at wrapModuleLoad (node:internal/modules/cjs/loader:254:19)
    at Module.require (node:internal/modules/cjs/loader:1527:12)
    at require (node:internal/modules/helpers:147:16)
    at Object.<anonymous> (/home/sainikshetkari/reportbackend.sainikshetkari.org/src/routes/trainerReport.routes.js:16:5)
    at Module._compile (node:internal/modules/cjs/loader:1781:14)

Node.js v22.23.2
CREATE DISTRICT ERROR: Error: Unknown column 'password_hash' in 'INSERT INTO'
    at Object.query (/home/sainikshetkari/reportbackend.sainikshetkari.org/src/config/db.js:124:15)
    at async createDistrict (/home/sainikshetkari/reportbackend.sainikshetkari.org/src/controllers/district.controller.js:408:13) {
  code: 'ER_BAD_FIELD_ERROR',
  errno: 1054,
  sqlState: '42S22',
  sqlMessage: "Unknown column 'password_hash' in 'INSERT INTO'",
  sql: '\n' +
    '                INSERT INTO districts\n' +
    '                (\n' +
    '                    name,\n' +
    '                    report_date,\n' +
    '                    status,\n' +
    '                    contact_number,\n' +
    '                    user_id,\n' +
    '                    email,\n' +
    '                    password_hash\n' +
    '                )\n' +
    "                VALUES ('ashish kharat head new', '2026-08-19', 'active', '9324278202', 'ashish kharat head new', 'kharatashish@gmail.com', '$2b$10$/umwn9NSLEENZ/6fn6X5seti/q.NPeZ0D/WQ7XQhPUIQvcysqYcJa')\n" +
    '                '
}
CREATE DISTRICT ERROR: Error: Unknown column 'password_hash' in 'INSERT INTO'
    at Object.query (/home/sainikshetkari/reportbackend.sainikshetkari.org/src/config/db.js:124:15)
    at async createDistrict (/home/sainikshetkari/reportbackend.sainikshetkari.org/src/controllers/district.controller.js:408:13) {
  code: 'ER_BAD_FIELD_ERROR',
  errno: 1054,
  sqlState: '42S22',
  sqlMessage: "Unknown column 'password_hash' in 'INSERT INTO'",
  sql: '\n' +
    '                INSERT INTO districts\n' +
    '                (\n' +
    '                    name,\n' +
    '                    report_date,\n' +
    '                    status,\n' +
    '                    contact_number,\n' +
    '                    user_id,\n' +
    '                    email,\n' +
    '                    password_hash\n' +
    '                )\n' +
    "                VALUES ('ashish kharat head new', '2026-08-19', 'active', '9324278202', 'ashish kharat head new', 'kharatashish@gmail.com', '$2b$10$iGGMxt607JYg17HYsGMGH.neTLYyOz5XNBDX0YCkNxApin/tIF7Zu')\n" +
    '                '
}
CREATE DISTRICT ERROR: Error: Unknown column 'password_hash' in 'INSERT INTO'
    at Object.query (/home/sainikshetkari/reportbackend.sainikshetkari.org/src/config/db.js:124:15)
    at async createDistrict (/home/sainikshetkari/reportbackend.sainikshetkari.org/src/controllers/district.controller.js:408:13) {
  code: 'ER_BAD_FIELD_ERROR',
  errno: 1054,
  sqlState: '42S22',
  sqlMessage: "Unknown column 'password_hash' in 'INSERT INTO'",
  sql: '\n' +
    '                INSERT INTO districts\n' +
    '                (\n' +
    '                    name,\n' +
    '                    report_date,\n' +
    '                    status,\n' +
    '                    contact_number,\n' +
    '                    user_id,\n' +
    '                    email,\n' +
    '                    password_hash\n' +
    '                )\n' +
    "                VALUES ('ashish kharat head new', '2026-08-19', 'active', '9324278202', 'ashish kharat head new', 'kharatashish@gmail.com', '$2b$10$5X3jP3PUr2ktoMkTN.IA/OBy.EI6KuJu1X598HphyLNjJ4.3h/Iya')\n" +
    '                '
}
CREATE TALUKA ERROR: Error: Duplicate entry 'kharatashish986@gmail.com' for key 'email'
    at Object.query (/home/sainikshetkari/reportbackend.sainikshetkari.org/src/config/db.js:124:15)
    at process.processTicksAndRejections (node:internal/process/task_queues:103:5)
    at async createTaluka (/home/sainikshetkari/reportbackend.sainikshetkari.org/src/controllers/taluka.controller.js:490:13) {
  code: 'ER_DUP_ENTRY',
  errno: 1062,
  sqlState: '23000',
  sqlMessage: "Duplicate entry 'kharatashish986@gmail.com' for key 'email'",
  sql: '\n' +
    '            INSERT INTO talukas\n' +
    '            (\n' +
    '                name,\n' +
    '                district_id,\n' +
    '                contact_number,\n' +
    '                user_id,\n' +
    '                email,\n' +
    '                password,\n' +
    '                address,\n' +
    '                status\n' +
    '            )\n' +
    '\n' +
    '            VALUES\n' +
    '            (\n' +
    "                'ashish kharat Taluka new',\n" +
    '                1,\n' +
    "                '9324278202',\n" +
    "                'ashish kharat Taluka new',\n" +
    "                'kharatashish986@gmail.com',\n" +
    "                '123456',\n" +
    "                'kamothe,panvel',\n" +
    "                'active'\n" +
    '            )\n' +
    '        '
}
CREATE TALUKA ERROR: Error: Duplicate entry 'sswftalukahead' for key 'user_id'
    at Object.query (/home/sainikshetkari/reportbackend.sainikshetkari.org/src/config/db.js:124:15)
    at process.processTicksAndRejections (node:internal/process/task_queues:103:5)
    at async createTaluka (/home/sainikshetkari/reportbackend.sainikshetkari.org/src/controllers/taluka.controller.js:490:13) {
  code: 'ER_DUP_ENTRY',
  errno: 1062,
  sqlState: '23000',
  sqlMessage: "Duplicate entry 'sswftalukahead' for key 'user_id'",
  sql: '\n' +
    '            INSERT INTO talukas\n' +
    '            (\n' +
    '                name,\n' +
    '                district_id,\n' +
    '                contact_number,\n' +
    '                user_id,\n' +
    '                email,\n' +
    '                password,\n' +
    '                address,\n' +
    '                status\n' +
    '            )\n' +
    '\n' +
    '            VALUES\n' +
    '            (\n' +
    "                'sdhdnsm',\n" +
    '                1,\n' +
    "                '1234567898',\n" +
    "                'sswftalukahead',\n" +
    "                'mudhita@gmail.com',\n" +
    "                '12345',\n" +
    "                'mdkddnd',\n" +
    "                'active'\n" +
    '            )\n' +
    '        '
}
CREATE TALUKA ERROR: Error: Duplicate entry 'sswftalukahead' for key 'user_id'
    at Object.query (/home/sainikshetkari/reportbackend.sainikshetkari.org/src/config/db.js:124:15)
    at process.processTicksAndRejections (node:internal/process/task_queues:103:5)
    at async createTaluka (/home/sainikshetkari/reportbackend.sainikshetkari.org/src/controllers/taluka.controller.js:490:13) {
  code: 'ER_DUP_ENTRY',
  errno: 1062,
  sqlState: '23000',
  sqlMessage: "Duplicate entry 'sswftalukahead' for key 'user_id'",
  sql: '\n' +
    '            INSERT INTO talukas\n' +
    '            (\n' +
    '                name,\n' +
    '                district_id,\n' +
    '                contact_number,\n' +
    '                user_id,\n' +
    '                email,\n' +
    '                password,\n' +
    '                address,\n' +
    '                status\n' +
    '            )\n' +
    '\n' +
    '            VALUES\n' +
    '            (\n' +
    "                'sdhdnsm',\n" +
    '                1,\n' +
    "                '1234567898',\n" +
    "                'sswftalukahead',\n" +
    "                'mudhita@gmail.com',\n" +
    "                '12345',\n" +
    "                'mdkddnd',\n" +
    "                'active'\n" +
    '            )\n' +
    '        '
}
CREATE DISTRICT ERROR: Error: Unknown column 'password_hash' in 'INSERT INTO'
    at Object.query (/home/sainikshetkari/reportbackend.sainikshetkari.org/src/config/db.js:124:15)
    at async createDistrict (/home/sainikshetkari/reportbackend.sainikshetkari.org/src/controllers/district.controller.js:408:13) {
  code: 'ER_BAD_FIELD_ERROR',
  errno: 1054,
  sqlState: '42S22',
  sqlMessage: "Unknown column 'password_hash' in 'INSERT INTO'",
  sql: '\n' +
    '                INSERT INTO districts\n' +
    '                (\n' +
    '                    name,\n' +
    '                    report_date,\n' +
    '                    status,\n' +
    '                    contact_number,\n' +
    '                    user_id,\n' +
    '                    email,\n' +
    '                    password_hash\n' +
    '                )\n' +
    "                VALUES ('rahul', '2026-08-19', 'active', '1234566789', 'sswfdistricthead', 'rahul@gmail.com', '$2b$10$tsKHBcqdJTKFBnhIfvh.5uwMHi93CEAS6endRc9FHrbz0kOAfsWTK')\n" +
    '                '
}
CREATE DISTRICT ERROR: Error: Unknown column 'password_hash' in 'INSERT INTO'
    at Object.query (/home/sainikshetkari/reportbackend.sainikshetkari.org/src/config/db.js:124:15)
    at async createDistrict (/home/sainikshetkari/reportbackend.sainikshetkari.org/src/controllers/district.controller.js:408:13) {
  code: 'ER_BAD_FIELD_ERROR',
  errno: 1054,
  sqlState: '42S22',
  sqlMessage: "Unknown column 'password_hash' in 'INSERT INTO'",
  sql: '\n' +
    '                INSERT INTO districts\n' +
    '                (\n' +
    '                    name,\n' +
    '                    report_date,\n' +
    '                    status,\n' +
    '                    contact_number,\n' +
    '                    user_id,\n' +
    '                    email,\n' +
    '                    password_hash\n' +
    '                )\n' +
    "                VALUES ('rahul', '2026-08-19', 'active', '1234566789', 'sswfdistricthead', 'rahul@gmail.com', '$2b$10$n5vmgc0IXF5sg8dPCtRezOamx91ZssyDWWW117pZcAi8AcawNsPr.')\n" +
    '                '
}
CREATE DISTRICT ERROR: Error: Unknown column 'password_hash' in 'INSERT INTO'
    at Object.query (/home/sainikshetkari/reportbackend.sainikshetkari.org/src/config/db.js:124:15)
    at async createDistrict (/home/sainikshetkari/reportbackend.sainikshetkari.org/src/controllers/district.controller.js:408:13) {
  code: 'ER_BAD_FIELD_ERROR',
  errno: 1054,
  sqlState: '42S22',
  sqlMessage: "Unknown column 'password_hash' in 'INSERT INTO'",
  sql: '\n' +
    '                INSERT INTO districts\n' +
    '                (\n' +
    '                    name,\n' +
    '                    report_date,\n' +
    '                    status,\n' +
    '                    contact_number,\n' +
    '                    user_id,\n' +
    '                    email,\n' +
    '                    password_hash\n' +
    '                )\n' +
    "                VALUES ('mudhita', '2026-08-19', 'active', '1234567891', 'sswfdistricthead', 'mudhita@gmail.com', '$2b$10$bgV9RfZu9yjfh1H4Inwqxul4FqjqCsiMvqxJhzlaKYMLXUB/7WIZC')\n" +
    '                '
}
CREATE DISTRICT ERROR: Error: Unknown column 'password_hash' in 'INSERT INTO'
    at Object.query (/home/sainikshetkari/reportbackend.sainikshetkari.org/src/config/db.js:124:15)
    at async createDistrict (/home/sainikshetkari/reportbackend.sainikshetkari.org/src/controllers/district.controller.js:408:13) {
  code: 'ER_BAD_FIELD_ERROR',
  errno: 1054,
  sqlState: '42S22',
  sqlMessage: "Unknown column 'password_hash' in 'INSERT INTO'",
  sql: '\n' +
    '                INSERT INTO districts\n' +
    '                (\n' +
    '                    name,\n' +
    '                    report_date,\n' +
    '                    status,\n' +
    '                    contact_number,\n' +
    '                    user_id,\n' +
    '                    email,\n' +
    '                    password_hash\n' +
    '                )\n' +
    "                VALUES ('ashish kharatDistrict', '2026-08-19', 'active', '9324278202', 'ashish kharatDistrict', 'kharatashish98@gmail.com', '$2b$10$7hfkPo6wjRxsphII0XfDg.HjRmI.d5N/4B4K43IWaad0l24OwbePi')\n" +
    '                '
}
CREATE DISTRICT ERROR: ReferenceError: passwordHash is not defined
    at createDistrict (/home/sainikshetkari/reportbackend.sainikshetkari.org/src/controllers/district.controller.js:439:21)
    at process.processTicksAndRejections (node:internal/process/task_queues:103:5)
CREATE TALUKA ERROR: Error: Duplicate entry 'sswftalukahead' for key 'user_id'
    at Object.query (/home/sainikshetkari/reportbackend.sainikshetkari.org/src/config/db.js:124:15)
    at process.processTicksAndRejections (node:internal/process/task_queues:103:5)
    at async createTaluka (/home/sainikshetkari/reportbackend.sainikshetkari.org/src/controllers/taluka.controller.js:490:13) {
  code: 'ER_DUP_ENTRY',
  errno: 1062,
  sqlState: '23000',
  sqlMessage: "Duplicate entry 'sswftalukahead' for key 'user_id'",
  sql: '\n' +
    '            INSERT INTO talukas\n' +
    '            (\n' +
    '                name,\n' +
    '                district_id,\n' +
    '                contact_number,\n' +
    '                user_id,\n' +
    '                email,\n' +
    '                password,\n' +
    '                address,\n' +
    '                status\n' +
    '            )\n' +
    '\n' +
    '            VALUES\n' +
    '            (\n' +
    "                'satara',\n" +
    '                1,\n' +
    "                '1234567890',\n" +
    "                'sswftalukahead',\n" +
    "                'mudhita@gmail.com',\n" +
    "                '12345678',\n" +
    "                'chembur',\n" +
    "                'active'\n" +
    '            )\n' +
    '        '
}
CREATE TALUKA ERROR: Error: Duplicate entry 'sswftalukahead' for key 'user_id'
    at Object.query (/home/sainikshetkari/reportbackend.sainikshetkari.org/src/config/db.js:124:15)
    at process.processTicksAndRejections (node:internal/process/task_queues:103:5)
    at async createTaluka (/home/sainikshetkari/reportbackend.sainikshetkari.org/src/controllers/taluka.controller.js:490:13) {
  code: 'ER_DUP_ENTRY',
  errno: 1062,
  sqlState: '23000',
  sqlMessage: "Duplicate entry 'sswftalukahead' for key 'user_id'",
  sql: '\n' +
    '            INSERT INTO talukas\n' +
    '            (\n' +
    '                name,\n' +
    '                district_id,\n' +
    '                contact_number,\n' +
    '                user_id,\n' +
    '                email,\n' +
    '                password,\n' +
    '                address,\n' +
    '                status\n' +
    '            )\n' +
    '\n' +
    '            VALUES\n' +
    '            (\n' +
    "                'satara',\n" +
    '                1,\n' +
    "                '1234567890',\n" +
    "                'sswftalukahead',\n" +
    "                'mudhita@gmail.com',\n" +
    "                '12345678',\n" +
    "                'chembur',\n" +
    "                'active'\n" +
    '            )\n' +
    '        '
}
CREATE TALUKA ERROR: Error: Duplicate entry 'sswftalukahead' for key 'user_id'
    at Object.query (/home/sainikshetkari/reportbackend.sainikshetkari.org/src/config/db.js:124:15)
    at process.processTicksAndRejections (node:internal/process/task_queues:103:5)
    at async createTaluka (/home/sainikshetkari/reportbackend.sainikshetkari.org/src/controllers/taluka.controller.js:490:13) {
  code: 'ER_DUP_ENTRY',
  errno: 1062,
  sqlState: '23000',
  sqlMessage: "Duplicate entry 'sswftalukahead' for key 'user_id'",
  sql: '\n' +
    '            INSERT INTO talukas\n' +
    '            (\n' +
    '                name,\n' +
    '                district_id,\n' +
    '                contact_number,\n' +
    '                user_id,\n' +
    '                email,\n' +
    '                password,\n' +
    '                address,\n' +
    '                status\n' +
    '            )\n' +
    '\n' +
    '            VALUES\n' +
    '            (\n' +
    "                'uhgtyf',\n" +
    '                3,\n' +
    "                '1234568789',\n" +
    "                'sswftalukahead',\n" +
    "                'mudhita@gmail.com',\n" +
    "                '12345',\n" +
    "                'chembur',\n" +
    "                'active'\n" +
    '            )\n' +
    '        '
}
CREATE TALUKA ERROR: Error: Duplicate entry 'sswftalukahead' for key 'user_id'
    at Object.query (/home/sainikshetkari/reportbackend.sainikshetkari.org/src/config/db.js:124:15)
    at process.processTicksAndRejections (node:internal/process/task_queues:103:5)
    at async createTaluka (/home/sainikshetkari/reportbackend.sainikshetkari.org/src/controllers/taluka.controller.js:490:13) {
  code: 'ER_DUP_ENTRY',
  errno: 1062,
  sqlState: '23000',
  sqlMessage: "Duplicate entry 'sswftalukahead' for key 'user_id'",
  sql: '\n' +
    '            INSERT INTO talukas\n' +
    '            (\n' +
    '                name,\n' +
    '                district_id,\n' +
    '                contact_number,\n' +
    '                user_id,\n' +
    '                email,\n' +
    '                password,\n' +
    '                address,\n' +
    '                status\n' +
    '            )\n' +
    '\n' +
    '            VALUES\n' +
    '            (\n' +
    "                'rajesh',\n" +
    '                1,\n' +
    "                '1234567898',\n" +
    "                'sswftalukahead',\n" +
    "                'mudhita123@gmail.com',\n" +
    "                '123456',\n" +
    "                'mumbai',\n" +
    "                'active'\n" +
    '            )\n' +
    '        '
}
=================================
LOGIN ERROR: Error: Can't add new command when connection is in closed state
    at Object.query (/home/sainikshetkari/reportbackend.sainikshetkari.org/src/config/db.js:124:15)
    at process.processTicksAndRejections (node:internal/process/task_queues:103:5)
    at async login (/home/sainikshetkari/reportbackend.sainikshetkari.org/src/controllers/auth.controller.js:51:13) {
  fatal: true
}
=================================
=================================
LOGIN ERROR: Error: Can't add new command when connection is in closed state
    at Object.query (/home/sainikshetkari/reportbackend.sainikshetkari.org/src/config/db.js:124:15)
    at process.processTicksAndRejections (node:internal/process/task_queues:103:5)
    at async login (/home/sainikshetkari/reportbackend.sainikshetkari.org/src/controllers/auth.controller.js:51:13) {
  fatal: true
}
=================================
DELETE DISTRICT ERROR: Error: Cannot delete or update a parent row: a foreign key constraint fails (`sainikshetkari_reporting`.`talukas`, CONSTRAINT `fk_taluka_district` FOREIGN KEY (`district_id`) REFERENCES `districts` (`id`) ON UPDATE CASCADE)
    at Object.query (/home/sainikshetkari/reportbackend.sainikshetkari.org/src/config/db.js:124:15)
    at process.processTicksAndRejections (node:internal/process/task_queues:103:5)
    at async deleteDistrict (/home/sainikshetkari/reportbackend.sainikshetkari.org/src/controllers/district.controller.js:511:26) {
  code: 'ER_ROW_IS_REFERENCED_2',
  errno: 1451,
  sqlState: '23000',
  sqlMessage: 'Cannot delete or update a parent row: a foreign key constraint fails (`sainikshetkari_reporting`.`talukas`, CONSTRAINT `fk_taluka_district` FOREIGN KEY (`district_id`) REFERENCES `districts` (`id`) ON UPDATE CASCADE)',
  sql: "\n            DELETE FROM districts\n            WHERE id = '1'\n            "
}
DELETE DISTRICT ERROR: Error: Cannot delete or update a parent row: a foreign key constraint fails (`sainikshetkari_reporting`.`talukas`, CONSTRAINT `fk_taluka_district` FOREIGN KEY (`district_id`) REFERENCES `districts` (`id`) ON UPDATE CASCADE)
    at Object.query (/home/sainikshetkari/reportbackend.sainikshetkari.org/src/config/db.js:124:15)
    at process.processTicksAndRejections (node:internal/process/task_queues:103:5)
    at async deleteDistrict (/home/sainikshetkari/reportbackend.sainikshetkari.org/src/controllers/district.controller.js:511:26) {
  code: 'ER_ROW_IS_REFERENCED_2',
  errno: 1451,
  sqlState: '23000',
  sqlMessage: 'Cannot delete or update a parent row: a foreign key constraint fails (`sainikshetkari_reporting`.`talukas`, CONSTRAINT `fk_taluka_district` FOREIGN KEY (`district_id`) REFERENCES `districts` (`id`) ON UPDATE CASCADE)',
  sql: "\n            DELETE FROM districts\n            WHERE id = '1'\n            "
}
DELETE DISTRICT ERROR: Error: Cannot delete or update a parent row: a foreign key constraint fails (`sainikshetkari_reporting`.`talukas`, CONSTRAINT `fk_taluka_district` FOREIGN KEY (`district_id`) REFERENCES `districts` (`id`) ON UPDATE CASCADE)
    at Object.query (/home/sainikshetkari/reportbackend.sainikshetkari.org/src/config/db.js:124:15)
    at process.processTicksAndRejections (node:internal/process/task_queues:103:5)
    at async deleteDistrict (/home/sainikshetkari/reportbackend.sainikshetkari.org/src/controllers/district.controller.js:511:26) {
  code: 'ER_ROW_IS_REFERENCED_2',
  errno: 1451,
  sqlState: '23000',
  sqlMessage: 'Cannot delete or update a parent row: a foreign key constraint fails (`sainikshetkari_reporting`.`talukas`, CONSTRAINT `fk_taluka_district` FOREIGN KEY (`district_id`) REFERENCES `districts` (`id`) ON UPDATE CASCADE)',
  sql: "\n            DELETE FROM districts\n            WHERE id = '1'\n            "
}
CREATE TALUKA ERROR: Error: Duplicate entry 'kharatashish986@gmail.com' for key 'email'
    at Object.query (/home/sainikshetkari/reportbackend.sainikshetkari.org/src/config/db.js:124:15)
    at process.processTicksAndRejections (node:internal/process/task_queues:103:5)
    at async createTaluka (/home/sainikshetkari/reportbackend.sainikshetkari.org/src/controllers/taluka.controller.js:490:13) {
  code: 'ER_DUP_ENTRY',
  errno: 1062,
  sqlState: '23000',
  sqlMessage: "Duplicate entry 'kharatashish986@gmail.com' for key 'email'",
  sql: '\n' +
    '            INSERT INTO talukas\n' +
    '            (\n' +
    '                name,\n' +
    '                district_id,\n' +
    '                contact_number,\n' +
    '                user_id,\n' +
    '                email,\n' +
    '                password,\n' +
    '                address,\n' +
    '                status\n' +
    '            )\n' +
    '\n' +
    '            VALUES\n' +
    '            (\n' +
    "                'Talukanew',\n" +
    '                6,\n' +
    "                '9324278202',\n" +
    "                'Talukanew',\n" +
    "                'kharatashish986@gmail.com',\n" +
    "                '1234567',\n" +
    "                'kamothe,panvel',\n" +
    "                'active'\n" +
    '            )\n' +
    '        '
}
CREATE TALUKA ERROR: Error: Duplicate entry 'Talukanew' for key 'user_id'
    at Object.query (/home/sainikshetkari/reportbackend.sainikshetkari.org/src/config/db.js:124:15)
    at process.processTicksAndRejections (node:internal/process/task_queues:103:5)
    at async createTaluka (/home/sainikshetkari/reportbackend.sainikshetkari.org/src/controllers/taluka.controller.js:490:13) {
  code: 'ER_DUP_ENTRY',
  errno: 1062,
  sqlState: '23000',
  sqlMessage: "Duplicate entry 'Talukanew' for key 'user_id'",
  sql: '\n' +
    '            INSERT INTO talukas\n' +
    '            (\n' +
    '                name,\n' +
    '                district_id,\n' +
    '                contact_number,\n' +
    '                user_id,\n' +
    '                email,\n' +
    '                password,\n' +
    '                address,\n' +
    '                status\n' +
    '            )\n' +
    '\n' +
    '            VALUES\n' +
    '            (\n' +
    "                'Talukanew',\n" +
    '                7,\n' +
    "                '9324278202',\n" +
    "                'Talukanew',\n" +
    "                'kharatashish986324@gmail.com',\n" +
    "                'Talukanew',\n" +
    "                'kamothe,panvel',\n" +
    "                'active'\n" +
    '            )\n' +
    '        '
}
CREATE TALUKA ERROR: Error: Duplicate entry 'Talukanew' for key 'user_id'
    at Object.query (/home/sainikshetkari/reportbackend.sainikshetkari.org/src/config/db.js:124:15)
    at process.processTicksAndRejections (node:internal/process/task_queues:103:5)
    at async createTaluka (/home/sainikshetkari/reportbackend.sainikshetkari.org/src/controllers/taluka.controller.js:490:13) {
  code: 'ER_DUP_ENTRY',
  errno: 1062,
  sqlState: '23000',
  sqlMessage: "Duplicate entry 'Talukanew' for key 'user_id'",
  sql: '\n' +
    '            INSERT INTO talukas\n' +
    '            (\n' +
    '                name,\n' +
    '                district_id,\n' +
    '                contact_number,\n' +
    '                user_id,\n' +
    '                email,\n' +
    '                password,\n' +
    '                address,\n' +
    '                status\n' +
    '            )\n' +
    '\n' +
    '            VALUES\n' +
    '            (\n' +
    "                'Talukanew',\n" +
    '                7,\n' +
    "                '9324278203',\n" +
    "                'Talukanew',\n" +
    "                'kharatashish986324@gmail.com',\n" +
    "                'Talukanew',\n" +
    "                'kamothe,panvel',\n" +
    "                'active'\n" +
    '            )\n' +
    '        '
}
CREATE TALUKA ERROR: Error: Duplicate entry 'Talukanew' for key 'user_id'
    at Object.query (/home/sainikshetkari/reportbackend.sainikshetkari.org/src/config/db.js:124:15)
    at process.processTicksAndRejections (node:internal/process/task_queues:103:5)
    at async createTaluka (/home/sainikshetkari/reportbackend.sainikshetkari.org/src/controllers/taluka.controller.js:490:13) {
  code: 'ER_DUP_ENTRY',
  errno: 1062,
  sqlState: '23000',
  sqlMessage: "Duplicate entry 'Talukanew' for key 'user_id'",
  sql: '\n' +
    '            INSERT INTO talukas\n' +
    '            (\n' +
    '                name,\n' +
    '                district_id,\n' +
    '                contact_number,\n' +
    '                user_id,\n' +
    '                email,\n' +
    '                password,\n' +
    '                address,\n' +
    '                status\n' +
    '            )\n' +
    '\n' +
    '            VALUES\n' +
    '            (\n' +
    "                'Talukanew32',\n" +
    '                7,\n' +
    "                '9324278203',\n" +
    "                'Talukanew',\n" +
    "                'kharatashish986324@gmail.com',\n" +
    "                'Talukanew32',\n" +
    "                'kamothe,panvel',\n" +
    "                'active'\n" +
    '            )\n' +
    '        '
}
CREATE TALUKA ERROR: Error: Duplicate entry 'sswftalukahead' for key 'user_id'
    at Object.query (/home/sainikshetkari/reportbackend.sainikshetkari.org/src/config/db.js:124:15)
    at process.processTicksAndRejections (node:internal/process/task_queues:103:5)
    at async createTaluka (/home/sainikshetkari/reportbackend.sainikshetkari.org/src/controllers/taluka.controller.js:490:13) {
  code: 'ER_DUP_ENTRY',
  errno: 1062,
  sqlState: '23000',
  sqlMessage: "Duplicate entry 'sswftalukahead' for key 'user_id'",
  sql: '\n' +
    '            INSERT INTO talukas\n' +
    '            (\n' +
    '                name,\n' +
    '                district_id,\n' +
    '                contact_number,\n' +
    '                user_id,\n' +
    '                email,\n' +
    '                password,\n' +
    '                address,\n' +
    '                status\n' +
    '            )\n' +
    '\n' +
    '            VALUES\n' +
    '            (\n' +
    "                'bhramhapuri',\n" +
    '                6,\n' +
    "                '1234567898',\n" +
    "                'sswftalukahead',\n" +
    "                'mudhita@gmail.com',\n" +
    "                '12345',\n" +
    "                'mumbai',\n" +
    "                'active'\n" +
    '            )\n' +
    '        '
}
CREATE TALUKA ERROR: Error: Duplicate entry 'sswftalukahead' for key 'user_id'
    at Object.query (/home/sainikshetkari/reportbackend.sainikshetkari.org/src/config/db.js:124:15)
    at process.processTicksAndRejections (node:internal/process/task_queues:103:5)
    at async createTaluka (/home/sainikshetkari/reportbackend.sainikshetkari.org/src/controllers/taluka.controller.js:490:13) {
  code: 'ER_DUP_ENTRY',
  errno: 1062,
  sqlState: '23000',
  sqlMessage: "Duplicate entry 'sswftalukahead' for key 'user_id'",
  sql: '\n' +
    '            INSERT INTO talukas\n' +
    '            (\n' +
    '                name,\n' +
    '                district_id,\n' +
    '                contact_number,\n' +
    '                user_id,\n' +
    '                email,\n' +
    '                password,\n' +
    '                address,\n' +
    '                status\n' +
    '            )\n' +
    '\n' +
    '            VALUES\n' +
    '            (\n' +
    "                'kharad',\n" +
    '                8,\n' +
    "                '9156804499',\n" +
    "                'sswftalukahead',\n" +
    "                'mudhita@gmail.com',\n" +
    "                '1234',\n" +
    "                'mumbai',\n" +
    "                'active'\n" +
    '            )\n' +
    '        '
}
DELETE DISTRICT ERROR: Error: Cannot delete or update a parent row: a foreign key constraint fails (`sainikshetkari_reporting`.`talukas`, CONSTRAINT `fk_taluka_district` FOREIGN KEY (`district_id`) REFERENCES `districts` (`id`) ON UPDATE CASCADE)
    at Object.query (/home/sainikshetkari/reportbackend.sainikshetkari.org/src/config/db.js:124:15)
    at process.processTicksAndRejections (node:internal/process/task_queues:103:5)
    at async deleteDistrict (/home/sainikshetkari/reportbackend.sainikshetkari.org/src/controllers/district.controller.js:511:26) {
  code: 'ER_ROW_IS_REFERENCED_2',
  errno: 1451,
  sqlState: '23000',
  sqlMessage: 'Cannot delete or update a parent row: a foreign key constraint fails (`sainikshetkari_reporting`.`talukas`, CONSTRAINT `fk_taluka_district` FOREIGN KEY (`district_id`) REFERENCES `districts` (`id`) ON UPDATE CASCADE)',
  sql: "\n            DELETE FROM districts\n            WHERE id = '6'\n            "
}
DELETE DISTRICT ERROR: Error: Cannot delete or update a parent row: a foreign key constraint fails (`sainikshetkari_reporting`.`talukas`, CONSTRAINT `fk_taluka_district` FOREIGN KEY (`district_id`) REFERENCES `districts` (`id`) ON UPDATE CASCADE)
    at Object.query (/home/sainikshetkari/reportbackend.sainikshetkari.org/src/config/db.js:124:15)
    at process.processTicksAndRejections (node:internal/process/task_queues:103:5)
    at async deleteDistrict (/home/sainikshetkari/reportbackend.sainikshetkari.org/src/controllers/district.controller.js:511:26) {
  code: 'ER_ROW_IS_REFERENCED_2',
  errno: 1451,
  sqlState: '23000',
  sqlMessage: 'Cannot delete or update a parent row: a foreign key constraint fails (`sainikshetkari_reporting`.`talukas`, CONSTRAINT `fk_taluka_district` FOREIGN KEY (`district_id`) REFERENCES `districts` (`id`) ON UPDATE CASCADE)',
  sql: "\n            DELETE FROM districts\n            WHERE id = '6'\n            "
}
DELETE DISTRICT ERROR: Error: Cannot delete or update a parent row: a foreign key constraint fails (`sainikshetkari_reporting`.`talukas`, CONSTRAINT `fk_taluka_district` FOREIGN KEY (`district_id`) REFERENCES `districts` (`id`) ON UPDATE CASCADE)
    at Object.query (/home/sainikshetkari/reportbackend.sainikshetkari.org/src/config/db.js:124:15)
    at process.processTicksAndRejections (node:internal/process/task_queues:103:5)
    at async deleteDistrict (/home/sainikshetkari/reportbackend.sainikshetkari.org/src/controllers/district.controller.js:511:26) {
  code: 'ER_ROW_IS_REFERENCED_2',
  errno: 1451,
  sqlState: '23000',
  sqlMessage: 'Cannot delete or update a parent row: a foreign key constraint fails (`sainikshetkari_reporting`.`talukas`, CONSTRAINT `fk_taluka_district` FOREIGN KEY (`district_id`) REFERENCES `districts` (`id`) ON UPDATE CASCADE)',
  sql: "\n            DELETE FROM districts\n            WHERE id = '6'\n            "
}
DELETE DISTRICT ERROR: Error: Cannot delete or update a parent row: a foreign key constraint fails (`sainikshetkari_reporting`.`talukas`, CONSTRAINT `fk_taluka_district` FOREIGN KEY (`district_id`) REFERENCES `districts` (`id`) ON UPDATE CASCADE)
    at Object.query (/home/sainikshetkari/reportbackend.sainikshetkari.org/src/config/db.js:124:15)
    at process.processTicksAndRejections (node:internal/process/task_queues:103:5)
    at async deleteDistrict (/home/sainikshetkari/reportbackend.sainikshetkari.org/src/controllers/district.controller.js:511:26) {
  code: 'ER_ROW_IS_REFERENCED_2',
  errno: 1451,
  sqlState: '23000',
  sqlMessage: 'Cannot delete or update a parent row: a foreign key constraint fails (`sainikshetkari_reporting`.`talukas`, CONSTRAINT `fk_taluka_district` FOREIGN KEY (`district_id`) REFERENCES `districts` (`id`) ON UPDATE CASCADE)',
  sql: "\n            DELETE FROM districts\n            WHERE id = '6'\n            "
}
DELETE DISTRICT ERROR: Error: Cannot delete or update a parent row: a foreign key constraint fails (`sainikshetkari_reporting`.`talukas`, CONSTRAINT `fk_taluka_district` FOREIGN KEY (`district_id`) REFERENCES `districts` (`id`) ON UPDATE CASCADE)
    at Object.query (/home/sainikshetkari/reportbackend.sainikshetkari.org/src/config/db.js:124:15)
    at process.processTicksAndRejections (node:internal/process/task_queues:103:5)
    at async deleteDistrict (/home/sainikshetkari/reportbackend.sainikshetkari.org/src/controllers/district.controller.js:511:26) {
  code: 'ER_ROW_IS_REFERENCED_2',
  errno: 1451,
  sqlState: '23000',
  sqlMessage: 'Cannot delete or update a parent row: a foreign key constraint fails (`sainikshetkari_reporting`.`talukas`, CONSTRAINT `fk_taluka_district` FOREIGN KEY (`district_id`) REFERENCES `districts` (`id`) ON UPDATE CASCADE)',
  sql: "\n            DELETE FROM districts\n            WHERE id = '6'\n            "
}
DELETE DISTRICT ERROR: Error: Cannot delete or update a parent row: a foreign key constraint fails (`sainikshetkari_reporting`.`talukas`, CONSTRAINT `fk_taluka_district` FOREIGN KEY (`district_id`) REFERENCES `districts` (`id`) ON UPDATE CASCADE)
    at Object.query (/home/sainikshetkari/reportbackend.sainikshetkari.org/src/config/db.js:124:15)
    at process.processTicksAndRejections (node:internal/process/task_queues:103:5)
    at async deleteDistrict (/home/sainikshetkari/reportbackend.sainikshetkari.org/src/controllers/district.controller.js:511:26) {
  code: 'ER_ROW_IS_REFERENCED_2',
  errno: 1451,
  sqlState: '23000',
  sqlMessage: 'Cannot delete or update a parent row: a foreign key constraint fails (`sainikshetkari_reporting`.`talukas`, CONSTRAINT `fk_taluka_district` FOREIGN KEY (`district_id`) REFERENCES `districts` (`id`) ON UPDATE CASCADE)',
  sql: "\n            DELETE FROM districts\n            WHERE id = '6'\n            "
}
/home/sainikshetkari/reportbackend.sainikshetkari.org/src/controllers/district.controller.js:10
        const [rows] = await db.query(`

SyntaxError: missing ) after argument list
    at wrapSafe (node:internal/modules/cjs/loader:1713:18)
    at Module._compile (node:internal/modules/cjs/loader:1755:20)
    at Module._extensions..js (node:internal/modules/cjs/loader:1913:10)
    at Module.load (node:internal/modules/cjs/loader:1505:32)
    at Module._load (node:internal/modules/cjs/loader:1309:12)
    at wrapModuleLoad (node:internal/modules/cjs/loader:254:19)
    at Module.require (node:internal/modules/cjs/loader:1527:12)
    at require (node:internal/modules/helpers:147:16)
    at Object.<anonymous> (/home/sainikshetkari/reportbackend.sainikshetkari.org/src/routes/district.routes.js:15:5)
    at Module._compile (node:internal/modules/cjs/loader:1781:14)

Node.js v22.23.2
/home/sainikshetkari/reportbackend.sainikshetkari.org/src/controllers/district.controller.js:10
        const [rows] = await db.query(`

SyntaxError: missing ) after argument list
    at wrapSafe (node:internal/modules/cjs/loader:1713:18)
    at Module._compile (node:internal/modules/cjs/loader:1755:20)
    at Module._extensions..js (node:internal/modules/cjs/loader:1913:10)
    at Module.load (node:internal/modules/cjs/loader:1505:32)
    at Module._load (node:internal/modules/cjs/loader:1309:12)
    at wrapModuleLoad (node:internal/modules/cjs/loader:254:19)
    at Module.require (node:internal/modules/cjs/loader:1527:12)
    at require (node:internal/modules/helpers:147:16)
    at Object.<anonymous> (/home/sainikshetkari/reportbackend.sainikshetkari.org/src/routes/district.routes.js:15:5)
    at Module._compile (node:internal/modules/cjs/loader:1781:14)

Node.js v22.23.2
/home/sainikshetkari/reportbackend.sainikshetkari.org/src/controllers/district.controller.js:10
        const [rows] = await db.query(`

SyntaxError: missing ) after argument list
    at wrapSafe (node:internal/modules/cjs/loader:1713:18)
    at Module._compile (node:internal/modules/cjs/loader:1755:20)
    at Module._extensions..js (node:internal/modules/cjs/loader:1913:10)
    at Module.load (node:internal/modules/cjs/loader:1505:32)
    at Module._load (node:internal/modules/cjs/loader:1309:12)
    at wrapModuleLoad (node:internal/modules/cjs/loader:254:19)
    at Module.require (node:internal/modules/cjs/loader:1527:12)
    at require (node:internal/modules/helpers:147:16)
    at Object.<anonymous> (/home/sainikshetkari/reportbackend.sainikshetkari.org/src/routes/district.routes.js:15:5)
    at Module._compile (node:internal/modules/cjs/loader:1781:14)

Node.js v22.23.2
DELETE DISTRICT ERROR: Error: Cannot delete or update a parent row: a foreign key constraint fails (`sainikshetkari_reporting`.`talukas`, CONSTRAINT `fk_taluka_district` FOREIGN KEY (`district_id`) REFERENCES `districts` (`id`) ON UPDATE CASCADE)
    at Object.query (/home/sainikshetkari/reportbackend.sainikshetkari.org/src/config/db.js:124:15)
    at process.processTicksAndRejections (node:internal/process/task_queues:103:5)
    at async deleteDistrict (/home/sainikshetkari/reportbackend.sainikshetkari.org/src/controllers/district.controller.js:992:13) {
  code: 'ER_ROW_IS_REFERENCED_2',
  errno: 1451,
  sqlState: '23000',
  sqlMessage: 'Cannot delete or update a parent row: a foreign key constraint fails (`sainikshetkari_reporting`.`talukas`, CONSTRAINT `fk_taluka_district` FOREIGN KEY (`district_id`) REFERENCES `districts` (`id`) ON UPDATE CASCADE)',
  sql: '\n' +
    '                DELETE FROM districts\n' +
    "                WHERE id = '6'\n" +
    '                '
}
DELETE DISTRICT ERROR: Error: Cannot delete or update a parent row: a foreign key constraint fails (`sainikshetkari_reporting`.`talukas`, CONSTRAINT `fk_taluka_district` FOREIGN KEY (`district_id`) REFERENCES `districts` (`id`) ON UPDATE CASCADE)
    at Object.query (/home/sainikshetkari/reportbackend.sainikshetkari.org/src/config/db.js:124:15)
    at process.processTicksAndRejections (node:internal/process/task_queues:103:5)
    at async deleteDistrict (/home/sainikshetkari/reportbackend.sainikshetkari.org/src/controllers/district.controller.js:992:13) {
  code: 'ER_ROW_IS_REFERENCED_2',
  errno: 1451,
  sqlState: '23000',
  sqlMessage: 'Cannot delete or update a parent row: a foreign key constraint fails (`sainikshetkari_reporting`.`talukas`, CONSTRAINT `fk_taluka_district` FOREIGN KEY (`district_id`) REFERENCES `districts` (`id`) ON UPDATE CASCADE)',
  sql: '\n' +
    '                DELETE FROM districts\n' +
    "                WHERE id = '6'\n" +
    '                '
}
GET DISTRICTS ERROR: Error: Can't add new command when connection is in closed state
    at Object.query (/home/sainikshetkari/reportbackend.sainikshetkari.org/src/config/db.js:124:15)
    at process.processTicksAndRejections (node:internal/process/task_queues:103:5)
    at async getDistricts (/home/sainikshetkari/reportbackend.sainikshetkari.org/src/controllers/district.controller.js:10:24) {
  fatal: true
}
GET TALUKAS ERROR: Error: Can't add new command when connection is in closed state
    at Object.query (/home/sainikshetkari/reportbackend.sainikshetkari.org/src/config/db.js:124:15)
    at process.processTicksAndRejections (node:internal/process/task_queues:103:5)
    at async getTalukas (/home/sainikshetkari/reportbackend.sainikshetkari.org/src/controllers/taluka.controller.js:13:24) {
  fatal: true
}
GET DISTRICTS ERROR: Error: Can't add new command when connection is in closed state
    at Object.query (/home/sainikshetkari/reportbackend.sainikshetkari.org/src/config/db.js:124:15)
    at process.processTicksAndRejections (node:internal/process/task_queues:103:5)
    at async getDistricts (/home/sainikshetkari/reportbackend.sainikshetkari.org/src/controllers/district.controller.js:10:24) {
  fatal: true
}
GET DISTRICT REPORTS ERROR: Error: Can't add new command when connection is in closed state
    at Object.query (/home/sainikshetkari/reportbackend.sainikshetkari.org/src/config/db.js:124:15)
    at process.processTicksAndRejections (node:internal/process/task_queues:103:5)
    at async getDistrictReports (/home/sainikshetkari/reportbackend.sainikshetkari.org/src/controllers/districtReport.controller.js:509:17) {
  fatal: true
}
GET TALUKA REPORTS ERROR: Error: Can't add new command when connection is in closed state
    at Object.query (/home/sainikshetkari/reportbackend.sainikshetkari.org/src/config/db.js:124:15)
    at process.processTicksAndRejections (node:internal/process/task_queues:103:5)
    at async getTalukaReports (/home/sainikshetkari/reportbackend.sainikshetkari.org/src/controllers/talukaReport.controller.js:10:24) {
  fatal: true
}
GET DISTRICTS ERROR: Error: Can't add new command when connection is in closed state
    at Object.query (/home/sainikshetkari/reportbackend.sainikshetkari.org/src/config/db.js:124:15)
    at process.processTicksAndRejections (node:internal/process/task_queues:103:5)
    at async getDistricts (/home/sainikshetkari/reportbackend.sainikshetkari.org/src/controllers/district.controller.js:10:24) {
  fatal: true
}
GET TALUKAS ERROR: Error: Can't add new command when connection is in closed state
    at Object.query (/home/sainikshetkari/reportbackend.sainikshetkari.org/src/config/db.js:124:15)
    at process.processTicksAndRejections (node:internal/process/task_queues:103:5)
    at async getTalukas (/home/sainikshetkari/reportbackend.sainikshetkari.org/src/controllers/taluka.controller.js:13:24) {
  fatal: true
}
GET DISTRICTS ERROR: Error: Can't add new command when connection is in closed state
    at Object.query (/home/sainikshetkari/reportbackend.sainikshetkari.org/src/config/db.js:124:15)
    at process.processTicksAndRejections (node:internal/process/task_queues:103:5)
    at async getDistricts (/home/sainikshetkari/reportbackend.sainikshetkari.org/src/controllers/district.controller.js:10:24) {
  fatal: true
}
GET DISTRICT REPORTS ERROR: Error: Can't add new command when connection is in closed state
    at Object.query (/home/sainikshetkari/reportbackend.sainikshetkari.org/src/config/db.js:124:15)
    at process.processTicksAndRejections (node:internal/process/task_queues:103:5)
    at async getDistrictReports (/home/sainikshetkari/reportbackend.sainikshetkari.org/src/controllers/districtReport.controller.js:509:17) {
  fatal: true
}
GET DISTRICTS ERROR: Error: Can't add new command when connection is in closed state
    at Object.query (/home/sainikshetkari/reportbackend.sainikshetkari.org/src/config/db.js:124:15)
    at process.processTicksAndRejections (node:internal/process/task_queues:103:5)
    at async getDistricts (/home/sainikshetkari/reportbackend.sainikshetkari.org/src/controllers/district.controller.js:10:24) {
  fatal: true
}
=================================
LOGIN ERROR: Error: Can't add new command when connection is in closed state
    at Object.query (/home/sainikshetkari/reportbackend.sainikshetkari.org/src/config/db.js:124:15)
    at process.processTicksAndRejections (node:internal/process/task_queues:103:5)
    at async login (/home/sainikshetkari/reportbackend.sainikshetkari.org/src/controllers/auth.controller.js:51:13) {
  fatal: true
}
=================================
=================================
LOGIN ERROR: Error: Can't add new command when connection is in closed state
    at Object.query (/home/sainikshetkari/reportbackend.sainikshetkari.org/src/config/db.js:124:15)
    at process.processTicksAndRejections (node:internal/process/task_queues:103:5)
    at async login (/home/sainikshetkari/reportbackend.sainikshetkari.org/src/controllers/auth.controller.js:51:13) {
  fatal: true
}
=================================
=================================
LOGIN ERROR: Error: Can't add new command when connection is in closed state
    at Object.query (/home/sainikshetkari/reportbackend.sainikshetkari.org/src/config/db.js:124:15)
    at process.processTicksAndRejections (node:internal/process/task_queues:103:5)
    at async login (/home/sainikshetkari/reportbackend.sainikshetkari.org/src/controllers/auth.controller.js:51:13) {
  fatal: true
}
=================================
=================================
LOGIN ERROR: Error: Can't add new command when connection is in closed state
    at Object.query (/home/sainikshetkari/reportbackend.sainikshetkari.org/src/config/db.js:124:15)
    at process.processTicksAndRejections (node:internal/process/task_queues:103:5)
    at async login (/home/sainikshetkari/reportbackend.sainikshetkari.org/src/controllers/auth.controller.js:51:13) {
  fatal: true
}
=================================
GET DISTRICTS ERROR: Error: Can't add new command when connection is in closed state
    at Object.query (/home/sainikshetkari/reportbackend.sainikshetkari.org/src/config/db.js:124:15)
    at process.processTicksAndRejections (node:internal/process/task_queues:103:5)
    at async getDistricts (/home/sainikshetkari/reportbackend.sainikshetkari.org/src/controllers/district.controller.js:10:24) {
  fatal: true
}
GET TALUKAS ERROR: Error: Can't add new command when connection is in closed state
    at Object.query (/home/sainikshetkari/reportbackend.sainikshetkari.org/src/config/db.js:124:15)
    at process.processTicksAndRejections (node:internal/process/task_queues:103:5)
    at async getTalukas (/home/sainikshetkari/reportbackend.sainikshetkari.org/src/controllers/taluka.controller.js:13:24) {
  fatal: true
}
GET DISTRICTS ERROR: Error: Can't add new command when connection is in closed state
    at Object.query (/home/sainikshetkari/reportbackend.sainikshetkari.org/src/config/db.js:124:15)
    at process.processTicksAndRejections (node:internal/process/task_queues:103:5)
    at async getDistricts (/home/sainikshetkari/reportbackend.sainikshetkari.org/src/controllers/district.controller.js:10:24) {
  fatal: true
}
GET VIBHAGS ERROR: Error: Can't add new command when connection is in closed state
    at Object.query (/home/sainikshetkari/reportbackend.sainikshetkari.org/src/config/db.js:124:15)
    at process.processTicksAndRejections (node:internal/process/task_queues:103:5)
    at async getVibhags (/home/sainikshetkari/reportbackend.sainikshetkari.org/src/controllers/vibhag.controller.js:13:24) {
  fatal: true
}
GET DISTRICTS ERROR: Error: Can't add new command when connection is in closed state
    at Object.query (/home/sainikshetkari/reportbackend.sainikshetkari.org/src/config/db.js:124:15)
    at process.processTicksAndRejections (node:internal/process/task_queues:103:5)
    at async getDistricts (/home/sainikshetkari/reportbackend.sainikshetkari.org/src/controllers/district.controller.js:10:24) {
  fatal: true
}
GET VIBHAGS ERROR: Error: Can't add new command when connection is in closed state
    at Object.query (/home/sainikshetkari/reportbackend.sainikshetkari.org/src/config/db.js:124:15)
    at process.processTicksAndRejections (node:internal/process/task_queues:103:5)
    at async getVibhags (/home/sainikshetkari/reportbackend.sainikshetkari.org/src/controllers/vibhag.controller.js:13:24) {
  fatal: true
}
GET DISTRICTS ERROR: Error: Can't add new command when connection is in closed state
    at Object.query (/home/sainikshetkari/reportbackend.sainikshetkari.org/src/config/db.js:124:15)
    at process.processTicksAndRejections (node:internal/process/task_queues:103:5)
    at async getDistricts (/home/sainikshetkari/reportbackend.sainikshetkari.org/src/controllers/district.controller.js:10:24) {
  fatal: true
}
GET DISTRICTS ERROR: Error: Can't add new command when connection is in closed state
    at Object.query (/home/sainikshetkari/reportbackend.sainikshetkari.org/src/config/db.js:124:15)
    at process.processTicksAndRejections (node:internal/process/task_queues:103:5)
    at async getDistricts (/home/sainikshetkari/reportbackend.sainikshetkari.org/src/controllers/district.controller.js:10:24) {
  fatal: true
}
GET TRAINERS ERROR: Error: Can't add new command when connection is in closed state
    at Object.query (/home/sainikshetkari/reportbackend.sainikshetkari.org/src/config/db.js:124:15)
    at process.processTicksAndRejections (node:internal/process/task_queues:103:5)
    at async getTrainers (/home/sainikshetkari/reportbackend.sainikshetkari.org/src/controllers/trainer.controller.js:13:24) {
  fatal: true
}
GET TALUKAS ERROR: Error: Can't add new command when connection is in closed state
    at Object.query (/home/sainikshetkari/reportbackend.sainikshetkari.org/src/config/db.js:124:15)
    at process.processTicksAndRejections (node:internal/process/task_queues:103:5)
    at async getTalukas (/home/sainikshetkari/reportbackend.sainikshetkari.org/src/controllers/taluka.controller.js:13:24) {
  fatal: true
}
GET VIBHAGS ERROR: Error: Can't add new command when connection is in closed state
    at Object.query (/home/sainikshetkari/reportbackend.sainikshetkari.org/src/config/db.js:124:15)
    at process.processTicksAndRejections (node:internal/process/task_queues:103:5)
    at async getVibhags (/home/sainikshetkari/reportbackend.sainikshetkari.org/src/controllers/vibhag.controller.js:13:24) {
  fatal: true
}
GET DISTRICTS ERROR: Error: Can't add new command when connection is in closed state
    at Object.query (/home/sainikshetkari/reportbackend.sainikshetkari.org/src/config/db.js:124:15)
    at process.processTicksAndRejections (node:internal/process/task_queues:103:5)
    at async getDistricts (/home/sainikshetkari/reportbackend.sainikshetkari.org/src/controllers/district.controller.js:10:24) {
  fatal: true
}
GET DISTRICTS ERROR: Error: Can't add new command when connection is in closed state
    at Object.query (/home/sainikshetkari/reportbackend.sainikshetkari.org/src/config/db.js:124:15)
    at process.processTicksAndRejections (node:internal/process/task_queues:103:5)
    at async getDistricts (/home/sainikshetkari/reportbackend.sainikshetkari.org/src/controllers/district.controller.js:10:24) {
  fatal: true
}
GET DISTRICTS ERROR: Error: Can't add new command when connection is in closed state
    at Object.query (/home/sainikshetkari/reportbackend.sainikshetkari.org/src/config/db.js:124:15)
    at process.processTicksAndRejections (node:internal/process/task_queues:103:5)
    at async getDistricts (/home/sainikshetkari/reportbackend.sainikshetkari.org/src/controllers/district.controller.js:10:24) {
  fatal: true
}
GET TALUKAS ERROR: Error: Can't add new command when connection is in closed state
    at Object.query (/home/sainikshetkari/reportbackend.sainikshetkari.org/src/config/db.js:124:15)
    at process.processTicksAndRejections (node:internal/process/task_queues:103:5)
    at async getTalukas (/home/sainikshetkari/reportbackend.sainikshetkari.org/src/controllers/taluka.controller.js:13:24) {
  fatal: true
}
GET DISTRICTS ERROR: Error: Can't add new command when connection is in closed state
    at Object.query (/home/sainikshetkari/reportbackend.sainikshetkari.org/src/config/db.js:124:15)
    at process.processTicksAndRejections (node:internal/process/task_queues:103:5)
    at async getDistricts (/home/sainikshetkari/reportbackend.sainikshetkari.org/src/controllers/district.controller.js:10:24) {
  fatal: true
}
GET DISTRICT REPORTS ERROR: Error: Can't add new command when connection is in closed state
    at Object.query (/home/sainikshetkari/reportbackend.sainikshetkari.org/src/config/db.js:124:15)
    at process.processTicksAndRejections (node:internal/process/task_queues:103:5)
    at async getDistrictReports (/home/sainikshetkari/reportbackend.sainikshetkari.org/src/controllers/districtReport.controller.js:509:17) {
  fatal: true
}
GET TALUKA REPORTS ERROR: Error: Can't add new command when connection is in closed state
    at Object.query (/home/sainikshetkari/reportbackend.sainikshetkari.org/src/config/db.js:124:15)
    at process.processTicksAndRejections (node:internal/process/task_queues:103:5)
    at async getTalukaReports (/home/sainikshetkari/reportbackend.sainikshetkari.org/src/controllers/talukaReport.controller.js:10:24) {
  fatal: true
}
GET TALUKAS ERROR: Error: Can't add new command when connection is in closed state
    at Object.query (/home/sainikshetkari/reportbackend.sainikshetkari.org/src/config/db.js:124:15)
    at process.processTicksAndRejections (node:internal/process/task_queues:103:5)
    at async getTalukas (/home/sainikshetkari/reportbackend.sainikshetkari.org/src/controllers/taluka.controller.js:13:24) {
  fatal: true
}
GET DISTRICTS ERROR: Error: Can't add new command when connection is in closed state
    at Object.query (/home/sainikshetkari/reportbackend.sainikshetkari.org/src/config/db.js:124:15)
    at process.processTicksAndRejections (node:internal/process/task_queues:103:5)
    at async getDistricts (/home/sainikshetkari/reportbackend.sainikshetkari.org/src/controllers/district.controller.js:10:24) {
  fatal: true
}
GET VIBHAGS ERROR: Error: Can't add new command when connection is in closed state
    at Object.query (/home/sainikshetkari/reportbackend.sainikshetkari.org/src/config/db.js:124:15)
    at process.processTicksAndRejections (node:internal/process/task_queues:103:5)
    at async getVibhags (/home/sainikshetkari/reportbackend.sainikshetkari.org/src/controllers/vibhag.controller.js:13:24) {
  fatal: true
}
GET DISTRICTS ERROR: Error: Can't add new command when connection is in closed state
    at Object.query (/home/sainikshetkari/reportbackend.sainikshetkari.org/src/config/db.js:124:15)
    at process.processTicksAndRejections (node:internal/process/task_queues:103:5)
    at async getDistricts (/home/sainikshetkari/reportbackend.sainikshetkari.org/src/controllers/district.controller.js:10:24) {
  fatal: true
}
GET DISTRICTS ERROR: Error: Can't add new command when connection is in closed state
    at Object.query (/home/sainikshetkari/reportbackend.sainikshetkari.org/src/config/db.js:124:15)
    at process.processTicksAndRejections (node:internal/process/task_queues:103:5)
    at async getDistricts (/home/sainikshetkari/reportbackend.sainikshetkari.org/src/controllers/district.controller.js:10:24) {
  fatal: true
}
GET TALUKAS ERROR: Error: Can't add new command when connection is in closed state
    at Object.query (/home/sainikshetkari/reportbackend.sainikshetkari.org/src/config/db.js:124:15)
    at process.processTicksAndRejections (node:internal/process/task_queues:103:5)
    at async getTalukas (/home/sainikshetkari/reportbackend.sainikshetkari.org/src/controllers/taluka.controller.js:13:24) {
  fatal: true
}
GET TRAINERS ERROR: Error: Can't add new command when connection is in closed state
    at Object.query (/home/sainikshetkari/reportbackend.sainikshetkari.org/src/config/db.js:124:15)
    at process.processTicksAndRejections (node:internal/process/task_queues:103:5)
    at async getTrainers (/home/sainikshetkari/reportbackend.sainikshetkari.org/src/controllers/trainer.controller.js:13:24) {
  fatal: true
}
GET VIBHAGS ERROR: Error: Can't add new command when connection is in closed state
    at Object.query (/home/sainikshetkari/reportbackend.sainikshetkari.org/src/config/db.js:124:15)
    at process.processTicksAndRejections (node:internal/process/task_queues:103:5)
    at async getVibhags (/home/sainikshetkari/reportbackend.sainikshetkari.org/src/controllers/vibhag.controller.js:13:24) {
  fatal: true
}
=================================
LOGIN ERROR: Error: Can't add new command when connection is in closed state
    at Object.query (/home/sainikshetkari/reportbackend.sainikshetkari.org/src/config/db.js:124:15)
    at process.processTicksAndRejections (node:internal/process/task_queues:103:5)
    at async login (/home/sainikshetkari/reportbackend.sainikshetkari.org/src/controllers/auth.controller.js:51:13) {
  fatal: true
}
=================================
GET DISTRICTS ERROR: Error: Can't add new command when connection is in closed state
    at Object.query (/home/sainikshetkari/reportbackend.sainikshetkari.org/src/config/db.js:124:15)
    at process.processTicksAndRejections (node:internal/process/task_queues:103:5)
    at async getDistricts (/home/sainikshetkari/reportbackend.sainikshetkari.org/src/controllers/district.controller.js:10:24) {
  fatal: true
}
GET DISTRICTS ERROR: Error: Can't add new command when connection is in closed state
    at Object.query (/home/sainikshetkari/reportbackend.sainikshetkari.org/src/config/db.js:124:15)
    at process.processTicksAndRejections (node:internal/process/task_queues:103:5)
    at async getDistricts (/home/sainikshetkari/reportbackend.sainikshetkari.org/src/controllers/district.controller.js:10:24) {
  fatal: true
}
GET VIBHAGS ERROR: Error: Can't add new command when connection is in closed state
    at Object.query (/home/sainikshetkari/reportbackend.sainikshetkari.org/src/config/db.js:124:15)
    at process.processTicksAndRejections (node:internal/process/task_queues:103:5)
    at async getVibhags (/home/sainikshetkari/reportbackend.sainikshetkari.org/src/controllers/vibhag.controller.js:13:24) {
  fatal: true
}
GET VIBHAGS ERROR: Error: Can't add new command when connection is in closed state
    at Object.query (/home/sainikshetkari/reportbackend.sainikshetkari.org/src/config/db.js:124:15)
    at process.processTicksAndRejections (node:internal/process/task_queues:103:5)
    at async getVibhags (/home/sainikshetkari/reportbackend.sainikshetkari.org/src/controllers/vibhag.controller.js:13:24) {
  fatal: true
}
